Handle,Title,Body (HTML),Vendor,Product Category,Type,Tags,Published,Option1 Name,Option1 Value,Option2 Name,Option2 Value,Option3 Name,Option3 Value,Variant SKU,Variant Grams,Variant Inventory Tracker,Variant Inventory Qty,Variant Inventory Policy,Variant Fulfillment Service,Variant Price,Variant Compare At Price,Variant Requires Shipping,Variant Taxable,Variant Barcode,Image Src,Image Position,Image Alt Text,Gift Card,SEO Title,SEO Description,Google Shopping / Google Product Category,Google Shopping / Gender,Google Shopping / Age Group,Google Shopping / MPN,Google Shopping / Condition,Google Shopping / Custom Product,Variant Image,Variant Weight Unit,Variant Tax Code,Cost per item,Status
a5-notebook-insert,A5 Notebook Insert,"Upgrade your A5 Analog Notebook with our durable notebook insert. Featuring sturdy machine binding, it ensures long-lasting use and keeps your notes secure. Say goodbye to loose pages and unreliable notebooks—this insert is built to withstand daily writing, planning, and creativity.",Joe's Venture,,Binder Accessories,,FALSE,Option 1,Dot,Option 2,Pack of 3,,,,,,,deny,manual,320.00,,TRUE,TRUE,,,,,FALSE,A5 Notebook Insert,"Upgrade your A5 Analog Notebook with our durable notebook insert. Featuring sturdy machine binding, it ensures long-lasting use and keeps your notes secure. Say goodbye to loose pages and unreliable notebooks—this insert is built to withstand daily writing, planning, and creativity.",,,,,new,,,,,,draft
a5-notebook-insert,A5 Notebook Insert,"Upgrade your A5 Analog Notebook with our durable notebook insert. Featuring sturdy machine binding, it ensures long-lasting use and keeps your notes secure. Say goodbye to loose pages and unreliable notebooks—this insert is built to withstand daily writing, planning, and creativity.",Joe's Venture,,Binder Accessories,,FALSE,Option 1,Grid,Option 2,Pack of 3,,,,,,,deny,manual,320.00,,TRUE,TRUE,,,,,FALSE,A5 Notebook Insert,"Upgrade your A5 Analog Notebook with our durable notebook insert. Featuring sturdy machine binding, it ensures long-lasting use and keeps your notes secure. Say goodbye to loose pages and unreliable notebooks—this insert is built to withstand daily writing, planning, and creativity.",,,,,new,,,,,,draft
a5-notebook-insert,A5 Notebook Insert,"Upgrade your A5 Analog Notebook with our durable notebook insert. Featuring sturdy machine binding, it ensures long-lasting use and keeps your notes secure. Say goodbye to loose pages and unreliable notebooks—this insert is built to withstand daily writing, planning, and creativity.",Joe's Venture,,Binder Accessories,,FALSE,Option 1,Blank,Option 2,Pack of 3,,,,,,,deny,manual,320.00,,TRUE,TRUE,,,,,FALSE,A5 Notebook Insert,"Upgrade your A5 Analog Notebook with our durable notebook insert. Featuring sturdy machine binding, it ensures long-lasting use and keeps your notes secure. Say goodbye to loose pages and unreliable notebooks—this insert is built to withstand daily writing, planning, and creativity.",,,,,new,,,,,,draft
a5-notebook-insert,A5 Notebook Insert,"Upgrade your A5 Analog Notebook with our durable notebook insert. Featuring sturdy machine binding, it ensures long-lasting use and keeps your notes secure. Say goodbye to loose pages and unreliable notebooks—this insert is built to withstand daily writing, planning, and creativity.",Joe's Venture,,Binder Accessories,,FALSE,Option 1,Lined,Option 2,Pack of 3,,,,,,,deny,manual,320.00,,TRUE,TRUE,,,,,FALSE,A5 Notebook Insert,"Upgrade your A5 Analog Notebook with our durable notebook insert. Featuring sturdy machine binding, it ensures long-lasting use and keeps your notes secure. Say goodbye to loose pages and unreliable notebooks—this insert is built to withstand daily writing, planning, and creativity.",,,,,new,,,,,,draft
a5-notebook-leather-cover,A5 Notebook Leather Cover,,Joe's Venture,,,,FALSE,Option 1,Buck brown,,,,,,0,shopify,,deny,manual,0.00,,TRUE,TRUE,,,,,FALSE,A5 Notebook Leather Cover,,,,,,new,,,,,,draft
a5-notebook-leather-cover,A5 Notebook Leather Cover,,Joe's Venture,,,,FALSE,Option 1,Limited edition,,,,,,0,shopify,,deny,manual,0.00,,TRUE,TRUE,,,,,FALSE,A5 Notebook Leather Cover,,,,,,new,,,,,,draft
a5-pen-sleeve,A5 Pen Sleeve,"Introducing the A5 Pen Sleeve - a quirky and fun way to keep your pens secure! Made from elastic and leather, this sleeve fits any A5 notebook, providing convenience and style. Never lose a pen again while adding a touch of personality to your writing.",Joe's Venture,,Pen & Pencil Cases,,FALSE,Option 1,Coffee brown,,,,,,0,shopify,,deny,manual,475.00,,TRUE,TRUE,,https://16.192.29.174.nip.io/assets/recovery/joes-venture/images/a5-pen-sleeve-01-a2e93b9082.jpg,1,A5 Pen Sleeve,FALSE,A5 Pen Sleeve,"Introducing the A5 Pen Sleeve - a quirky and fun way to keep your pens secure! Made from elastic and leather, this sleeve fits any A5 notebook, providing convenience and style. Never lose a pen again while adding a touch of personality to your writing.",,,,,new,,,,,,draft
a5-pen-sleeve,A5 Pen Sleeve,"Introducing the A5 Pen Sleeve - a quirky and fun way to keep your pens secure! Made from elastic and leather, this sleeve fits any A5 notebook, providing convenience and style. Never lose a pen again while adding a touch of personality to your writing.",Joe's Venture,,Pen & Pencil Cases,,FALSE,Option 1,Buck brown,,,,,,0,shopify,,deny,manual,475.00,,TRUE,TRUE,,,,,FALSE,A5 Pen Sleeve,"Introducing the A5 Pen Sleeve - a quirky and fun way to keep your pens secure! Made from elastic and leather, this sleeve fits any A5 notebook, providing convenience and style. Never lose a pen again while adding a touch of personality to your writing.",,,,,new,,,,,,draft
a5-pen-sleeve,A5 Pen Sleeve,"Introducing the A5 Pen Sleeve - a quirky and fun way to keep your pens secure! Made from elastic and leather, this sleeve fits any A5 notebook, providing convenience and style. Never lose a pen again while adding a touch of personality to your writing.",Joe's Venture,,Pen & Pencil Cases,,FALSE,Option 1,Ghost black,,,,,,0,shopify,,deny,manual,475.00,,TRUE,TRUE,,,,,FALSE,A5 Pen Sleeve,"Introducing the A5 Pen Sleeve - a quirky and fun way to keep your pens secure! Made from elastic and leather, this sleeve fits any A5 notebook, providing convenience and style. Never lose a pen again while adding a touch of personality to your writing.",,,,,new,,,,,,draft
a6-notebook-insert,A6 Notebook Insert,"Upgrade your A6 Analog Notebook with our durable notebook insert. Featuring sturdy machine binding, it ensures long-lasting use and keeps your notes secure. Say goodbye to loose pages and unreliable notebooks—this insert is built to withstand daily writing, planning, and creativity. This insert contains 64 pages.",Joe's Venture,,Binder Accessories,,FALSE,Option 1,Blank,Option 2,Pack of 6,,,,0,shopify,,deny,manual,450.00,,TRUE,TRUE,,,,,FALSE,A6 Notebook Insert,"Upgrade your A6 Analog Notebook with our durable notebook insert. Featuring sturdy machine binding, it ensures long-lasting use and keeps your notes secure. Say goodbye to loose pages and unreliable notebooks—this insert is built to withstand daily writing, planning, and creativity. This insert contains 64 pages.",,,,,new,,,,,,draft
apple-watch-strap,Apple Watch Strap,"Handmade leather watch strap, built to look like the NATO-style watch strap but provides skin contact for Apple watch functionality. Cut from high-grade dark brown thick leather for the best wear and durability.",Joe's Venture,,Apparel & Accessories,,FALSE,Option 1,BuckBrown,Option 2,44mm,,,AW1,,,,deny,manual,999.00,,TRUE,TRUE,,,,,FALSE,Apple Watch Strap,"Handmade leather watch strap, built to look like the NATO-style watch strap but provides skin contact for Apple watch functionality. Cut from high-grade dark brown thick leather for the best wear and durability.",,,,,new,,,,,,draft
apple-watch-strap,Apple Watch Strap,"Handmade leather watch strap, built to look like the NATO-style watch strap but provides skin contact for Apple watch functionality. Cut from high-grade dark brown thick leather for the best wear and durability.",Joe's Venture,,Apparel & Accessories,,FALSE,Option 1,CoffeeBrown,Option 2,44mm,,,AW2,,,,deny,manual,999.00,,TRUE,TRUE,,,,,FALSE,Apple Watch Strap,"Handmade leather watch strap, built to look like the NATO-style watch strap but provides skin contact for Apple watch functionality. Cut from high-grade dark brown thick leather for the best wear and durability.",,,,,new,,,,,,draft
apple-watch-strap,Apple Watch Strap,"Handmade leather watch strap, built to look like the NATO-style watch strap but provides skin contact for Apple watch functionality. Cut from high-grade dark brown thick leather for the best wear and durability.",Joe's Venture,,Apparel & Accessories,,FALSE,Option 1,GhostBlack,Option 2,44mm,,,AW3,,,,deny,manual,999.00,,TRUE,TRUE,,,,,FALSE,Apple Watch Strap,"Handmade leather watch strap, built to look like the NATO-style watch strap but provides skin contact for Apple watch functionality. Cut from high-grade dark brown thick leather for the best wear and durability.",,,,,new,,,,,,draft
barrel-bag,Barrel Bag,"Introducing our versatile waxed canvas gym bag designed to keep your gym essentials organized and your shoes separated. The rugged and water-resistant waxed canvas exterior not only adds a unique style to the bag but also protects your belongings against the elements. The spacious interior features multiple pockets and compartments, including a separate shoe compartment that accommodates shoes up to size 12. The adjustable shoulder straps and sturdy handle make it easy and comfortable to carry, whether you're heading to the gym or an outdoor adventure. With a classic and timeless design, this bag is perfect for any occasion and activity. Explore our collection of waxed canvas gym bags and upgrade your workout gear today!",Joe's Venture,,Duffel Bags,,FALSE,Option 1,Forest,,,,,GYM1,0,shopify,,deny,manual,121.00,,TRUE,TRUE,,,,,FALSE,Barrel Bag,Introducing our versatile waxed canvas gym bag designed to keep your gym essentials organized and your shoes separated. The rugged and water-resistant waxed canvas exterior not only adds a unique style to the bag but also protects your belongings against the elements. The spacious interior features multiple pockets and,,,,,new,,,,,,draft
barrel-bag,Barrel Bag,"Introducing our versatile waxed canvas gym bag designed to keep your gym essentials organized and your shoes separated. The rugged and water-resistant waxed canvas exterior not only adds a unique style to the bag but also protects your belongings against the elements. The spacious interior features multiple pockets and compartments, including a separate shoe compartment that accommodates shoes up to size 12. The adjustable shoulder straps and sturdy handle make it easy and comfortable to carry, whether you're heading to the gym or an outdoor adventure. With a classic and timeless design, this bag is perfect for any occasion and activity. Explore our collection of waxed canvas gym bags and upgrade your workout gear today!",Joe's Venture,,Duffel Bags,,FALSE,Option 1,Black,,,,,GYM2,0,shopify,,deny,manual,121.00,,TRUE,TRUE,,,,,FALSE,Barrel Bag,Introducing our versatile waxed canvas gym bag designed to keep your gym essentials organized and your shoes separated. The rugged and water-resistant waxed canvas exterior not only adds a unique style to the bag but also protects your belongings against the elements. The spacious interior features multiple pockets and,,,,,new,,,,,,draft
black-lamb-aappa-apero,Black Lamb Nappa Apéro Size 42,"Say cheers in style with this handmade Black Lamb Nappa Apéro jacket. Made from soft Lamb Nappa and featuring YKK hardware and accessories, this jacket is perfect for any occasion. Don't be sheepish, stand out from the flock!",Joe's Venture,,,,FALSE,Option 1,42,,,,,JKT BLLNAP APERO,0,shopify,,deny,manual,17500.00,,TRUE,TRUE,,https://16.192.29.174.nip.io/assets/recovery/joes-venture/images/black-lamb-aappa-apero-01-295c3c5784.jpg,1,Black Lamb Nappa Apéro Size 42,FALSE,Black Lamb Nappa Apéro Size 42,"Say cheers in style with this handmade Black Lamb Nappa Apéro jacket. Made from soft Lamb Nappa and featuring YKK hardware and accessories, this jacket is perfect for any occasion. Don't be sheepish, stand out from the flock!",,,,,new,,,,,,draft
black-lamb-leather-coat,Black Lamb Leather Coat,"Indulge in the luxurious and timeless elegance of our Black Lamb Leather Coat for women. Made with the finest quality black lamb leather, this coat exudes sophistication and style. Its classic design and premium material make it a must-have wardrobe staple for any fashion-forward woman. Elevate your wardrobe with this exquisite piece.",Joe's Venture,,Parkas,,FALSE,Title,Default Title,,,,,,,,,deny,manual,46000.00,,TRUE,TRUE,,https://16.192.29.174.nip.io/assets/recovery/joes-venture/images/black-lamb-leather-coat-01-0f1e6397b4.png,1,Black Lamb Leather Coat,FALSE,Black Lamb Leather Coat,"Indulge in the luxurious and timeless elegance of our Black Lamb Leather Coat for women. Made with the finest quality black lamb leather, this coat exudes sophistication and style. Its classic design and premium material make it a must-have wardrobe staple for any fashion-forward woman. Elevate your wardrobe with this ",,,,,new,,,,,,draft
black-lamb-nappa-denim-cut,Black Lamb Nappa Denim Cut Size 54,"Take on any challenge with our hand made Black Lamb Nappa Denim Cut jacket. Crafted from luxurious lamb nappa and featuring durable YKK hardware and accessories, this jacket will inspire you to push your limits. Perfect for the risk-takers and adventurers at heart!",Joe's Venture,,,,FALSE,Option 1,54,,,,,JKT BLKLNAP DCUT,0,shopify,,deny,manual,18000.00,,TRUE,TRUE,,https://16.192.29.174.nip.io/assets/recovery/joes-venture/images/black-lamb-nappa-denim-cut-01-0909a049d8.jpg,1,Black Lamb Nappa Denim Cut Size 54,FALSE,Black Lamb Nappa Denim Cut Size 54,"Take on any challenge with our hand made Black Lamb Nappa Denim Cut jacket. Crafted from luxurious lamb nappa and featuring durable YKK hardware and accessories, this jacket will inspire you to push your limits. Perfect for the risk-takers and adventurers at heart!",,,,,new,,,,,,draft
black-lamb-nappa-lapel,Black Lamb Nappa Lapel Size 46,"Unleash your daring side with our handmade Black Lamb Nappa Lapel. Crafted with premium materials, including YKK hardware and accessories, this bold accessory will elevate any outfit. Take on the day with confidence and style.",Joe's Venture,,,,FALSE,Option 1,46,,,,,JKT BLKLNAP LAPL,0,shopify,,deny,manual,16600.00,,TRUE,TRUE,,https://16.192.29.174.nip.io/assets/recovery/joes-venture/images/black-lamb-nappa-lapel-01-1e7a14e45a.jpg,1,Black Lamb Nappa Lapel Size 46,FALSE,Black Lamb Nappa Lapel Size 46,"Unleash your daring side with our handmade Black Lamb Nappa Lapel. Crafted with premium materials, including YKK hardware and accessories, this bold accessory will elevate any outfit. Take on the day with confidence and style.",,,,,new,,,,,,draft
black-lamb-nappa-perfecto,Black Lamb Nappa Perfecto Size 40,"Take on the world fearlessly with our Black Lamb Nappa Perfecto jacket. Handcrafted with premium lamb nappa leather and YKK hardware, this jacket oozes boldness and style. Make a statement with every step and conquer the unknown. Limited quantities available.",Joe's Venture,,,,FALSE,Option 1,40,,,,,JKT BLKLNAP PERF,0,shopify,,deny,manual,16300.00,,TRUE,TRUE,,https://16.192.29.174.nip.io/assets/recovery/joes-venture/images/black-lamb-nappa-perfecto-01-ba98b63333.jpg,1,Black Lamb Nappa Perfecto Size 40,FALSE,Black Lamb Nappa Perfecto Size 40,"Take on the world fearlessly with our Black Lamb Nappa Perfecto jacket. Handcrafted with premium lamb nappa leather and YKK hardware, this jacket oozes boldness and style. Make a statement with every step and conquer the unknown. Limited quantities available.",,,,,new,,,,,,draft
black-leather-perfecto-with-belt,Black Varnish Leather Perfecto With Belt,"Bold and iconic, this Black Oil Tanned Leather Jacket is a statement piece that exudes confidence and rebellious charm. Crafted from high-quality leather with a sleek, polished finish, this jacket is designed to turn heads while offering exceptional durability and comfort. Features include: Asymmetrical zip closure: A signature moto design element for a striking and edgy look. Brass-tone hardware: Premium zippers, snaps, and buckles that add a touch of rugged sophistication. Notched lapel with snap details: A classic feature that enhances the jacket’s bold character. Multiple pockets: Functional zippered and flap pockets for secure storage and added style. Adjustable waist belt: For a custom fit and an extra dose of attitude. Perfect for urban adventures or evening outings, this jacket is for those who embrace individuality and timeless style. Whether paired with casual denim or dressed up for a night out, it guarantees a bold impression every time.",Joe's Venture,,Motorcycle Outerwear,,FALSE,Title,Default Title,,,,,,,,,deny,manual,36000.00,,TRUE,TRUE,,,,,FALSE,Black Varnish Leather Perfecto With Belt,"Bold and iconic, this Black Oil Tanned Leather Jacket is a statement piece that exudes confidence and rebellious charm. Crafted from high-quality leather with a sleek, polished finish, this jacket is designed to turn heads while offering exceptional durability and comfort. Features include: Asymmetrical zip closure: A ",,,,,new,,,,,,draft
black-nubuck-biker-vest,Black Nubuck Biker Vest,"For a sleek blend of classic biker attitude and contemporary style, the Black Leather Vest is a standout piece for any wardrobe. Features include: Premium leather construction for a robust yet refined finish. Five-button front closure with silver-tone hardware for a striking accent. Angular shoulder design for a modern twist on a timeless silhouette. Front slash pockets offering both practicality and style. Soft interior lining to keep you comfortable all day. Layer it over a simple tee or a plaid shirt to elevate your look, whether you’re cruising through the city or heading out for a casual weekend gathering.",Joe's Venture,,Vests,,FALSE,Title,Default Title,,,,,,,,,deny,manual,0.00,,TRUE,TRUE,,,,,FALSE,Black Nubuck Biker Vest,"For a sleek blend of classic biker attitude and contemporary style, the Black Leather Vest is a standout piece for any wardrobe. Features include: Premium leather construction for a robust yet refined finish. Five-button front closure with silver-tone hardware for a striking accent. Angular shoulder design for a modern",,,,,new,,,,,,draft
black-suede-bustier-top,Black Suede Bustier Top,"For a bold, modern silhouette with a touch of edgy flair, the Black Suede Bustier Top is a striking addition to your wardrobe. Features include: Crafted from premium suede for a soft, luxe feel and durable wear. Plunging V-neckline with sculpted cups for a flattering, contoured shape. Fixed shoulder straps offering a secure, streamlined look. Light boning for structure and definition without compromising comfort. Smooth interior lining to keep you feeling comfortable all day or night. Ideal for pairing with high-waisted jeans or layering under a structured blazer, this bustier top delivers a statement-making style that effortlessly transitions from casual outings to after-dark events.",Joe's Venture,,,,FALSE,Title,Default Title,,,,,,,,,deny,manual,0.00,,TRUE,TRUE,,,,,FALSE,Black Suede Bustier Top,"For a bold, modern silhouette with a touch of edgy flair, the Black Suede Bustier Top is a striking addition to your wardrobe. Features include: Crafted from premium suede for a soft, luxe feel and durable wear. Plunging V-neckline with sculpted cups for a flattering, contoured shape. Fixed shoulder straps offering a s",,,,,new,,,,,,draft
black-vernis-perfecto,Black Vernis Cow Skin Perfecto Size 42,"Ready to rock a bold and daring look? Our Black Vernis Perfecto jacket is handmade with a striking varnished finish and a beautiful floral lining. With top-quality YKK hardware and accessories, this jacket is perfect for taking risks and making a statement. Elevate your style today!",Joe's Venture,,Coats & Jackets,,FALSE,Title,Default Title,,,,,JKT BLKVERNIS PERF,0,shopify,,deny,manual,36000.00,,TRUE,TRUE,,https://16.192.29.174.nip.io/assets/recovery/joes-venture/images/black-vernis-perfecto-01-4abb7ff63a.png,1,Black Vernis Cow Skin Perfecto Size 42,FALSE,Black Vernis Cow Skin Perfecto Size 42,"Ready to rock a bold and daring look? Our Black Vernis Perfecto jacket is handmade with a striking varnished finish and a beautiful floral lining. With top-quality YKK hardware and accessories, this jacket is perfect for taking risks and making a statement. Elevate your style today!",,,,,new,,,,,,draft
brown-cow-nubuck-perfecto,Brown Cow Nubuck Perfecto,"For a timeless biker silhouette with a touch of refined flair, the Brown Suede Biker Jacket delivers a bold yet polished look. Features include: Premium suede construction for a soft, durable feel. Asymmetrical front zipper with gold-tone hardware for a statement-making accent. Shoulder epaulets adding a classic, rebellious edge. Zippered chest and side pockets for both style and functionality. Structured fit with subtle seam detailing to flatter your frame. Fully lined interior ensuring warmth and comfort for all-day wear. Layer it over a simple tee or a crisp button-down to elevate your everyday style with a dash of biker-inspired cool.",Joe's Venture,,,,FALSE,Title,Default Title,,,,,,,,,deny,manual,0.00,,TRUE,TRUE,,https://16.192.29.174.nip.io/assets/recovery/joes-venture/images/brown-cow-nubuck-perfecto-01-4c897df5f7.png,1,Brown Cow Nubuck Perfecto,FALSE,Brown Cow Nubuck Perfecto,"For a timeless biker silhouette with a touch of refined flair, the Brown Suede Biker Jacket delivers a bold yet polished look. Features include: Premium suede construction for a soft, durable feel. Asymmetrical front zipper with gold-tone hardware for a statement-making accent. Shoulder epaulets adding a classic, rebel",,,,,new,,,,,,draft
brown-suede-equestrian-vest,Brown Suede Equestrian vest,"Indulge in pure luxury with our Brown Suede Equestrian vest. Handcrafted from the finest suede, this vest exudes elegance and sophistication. Perfect for a day at the races or a night out in the city, this vest is a must-have for any fashion-forward individual. Elevate your style with this timeless and exclusive piece.",Joe's Venture,,,,FALSE,Title,Default Title,,,,,,0,shopify,,deny,manual,13000.00,,TRUE,TRUE,,https://16.192.29.174.nip.io/assets/recovery/joes-venture/images/brown-suede-equestrian-vest-01-d0fbeb1552.jpg,1,Brown Suede Equestrian vest,FALSE,Brown Suede Equestrian vest,"Indulge in pure luxury with our Brown Suede Equestrian vest. Handcrafted from the finest suede, this vest exudes elegance and sophistication. Perfect for a day at the races or a night out in the city, this vest is a must-have for any fashion-forward individual. Elevate your style with this timeless and exclusive piece.",,,,,new,,,,,,draft
brown-suede-tuscany-size-52,Brown Suede Tuscany Size 52,"Embrace luxury with our Brown Suede Tuscany jacket. Handmade from premium cowhide and soft suede, this jacket boasts unparalleled quality. Finished with YKK hardware and accessories, it exudes sophistication and exclusivity. Elevate your style with this timeless piece.",Joe's Venture,,,,FALSE,Title,Default Title,,,,,JKT SUEDE TUSC BROWN,0,shopify,,deny,manual,28000.00,,TRUE,TRUE,,,,,FALSE,Brown Suede Tuscany Size 52,"Embrace luxury with our Brown Suede Tuscany jacket. Handmade from premium cowhide and soft suede, this jacket boasts unparalleled quality. Finished with YKK hardware and accessories, it exudes sophistication and exclusivity. Elevate your style with this timeless piece.",,,,,new,,,,,,draft
buck-brown-lamb-nappa-aviator,Buck Brown Lamb Nappa Aviator Size 50,"Indulge in luxury with our Buck Brown Lamb Nappa Aviator. Handmade with premium lamp nappa, this jacket exudes exclusivity and sophistication. Complete with YKK hardware and accessories, it's the perfect addition to your high-end wardrobe. Elevate your style with this timeless piece.",Joe's Venture,,Puffer Jackets,,FALSE,Title,Default Title,,,,,JKT LNAP AVI BB,,,,deny,manual,27000.00,,TRUE,TRUE,,https://16.192.29.174.nip.io/assets/recovery/joes-venture/images/buck-brown-lamb-nappa-aviator-01-b28ced8ea6.png,1,Buck Brown Lamb Nappa Aviator Size 50,FALSE,Buck Brown Lamb Nappa Aviator Size 50,"Indulge in luxury with our Buck Brown Lamb Nappa Aviator. Handmade with premium lamp nappa, this jacket exudes exclusivity and sophistication. Complete with YKK hardware and accessories, it's the perfect addition to your high-end wardrobe. Elevate your style with this timeless piece.",,,,,new,,,,,,draft
buck-brown-lamb-nappa-cafe-racer-size-54,Buck Brown Lamb Nappa Cafe Racer Size 54,"Unleash your daring side with the Buck Brown Lamb Nappa Cafe Racer jacket. Handmade for quality, this jacket features durable YKK hardware and accessories. Made from luxurious Lamb Nappa, this jacket promises style and adventure in one!",Joe's Venture,,Motorcycle Outerwear,,FALSE,Title,Default Title,,,,,JKT LNAP CAFE BB,0,shopify,,deny,manual,21000.00,,TRUE,TRUE,,https://16.192.29.174.nip.io/assets/recovery/joes-venture/images/buck-brown-lamb-nappa-cafe-racer-size-54-01-dc3c4fe622.jpg,1,Buck Brown Lamb Nappa Cafe Racer Size 54,FALSE,Buck Brown Lamb Nappa Cafe Racer Size 54,"Unleash your daring side with the Buck Brown Lamb Nappa Cafe Racer jacket. Handmade for quality, this jacket features durable YKK hardware and accessories. Made from luxurious Lamb Nappa, this jacket promises style and adventure in one!",,,,,new,,,,,,draft
buck-brown-lamb-nappa-pilot-size-48,Buck Brown Lamb Nappa Pilot Size 48,"Take on any challenge with the Buck Brown Lamb Nappa Pilot. Handmade with luxurious Lamb Nappa leather and equipped with durable YKK hardware and accessories, this jacket is ready for action. Perfect for the risk-taker in you.",Joe's Venture,,Coats & Jackets,,FALSE,Title,Default Title,,,,,JKT LNAP PILOT BB,,,,deny,manual,18000.00,,TRUE,TRUE,,,,,FALSE,Buck Brown Lamb Nappa Pilot Size 48,"Take on any challenge with the Buck Brown Lamb Nappa Pilot. Handmade with luxurious Lamb Nappa leather and equipped with durable YKK hardware and accessories, this jacket is ready for action. Perfect for the risk-taker in you.",,,,,new,,,,,,draft
buck-brown-lamb-nappa-ranger-size-48,Buck Brown Lamb Nappa Ranger Size 48,"Conquer any adventure with our handmade Buck Brown Lamb Nappa Ranger jacket. Featuring durable YKK hardware and accessories, this bold and daring jacket is ready to take on the toughest challenges. Perfect for those who like to take risks and push the boundaries!",Joe's Venture,,Coats & Jackets,,FALSE,Title,Default Title,,,,,JKT LNAP RANGER BB,0,shopify,,deny,manual,22000.00,,TRUE,TRUE,,https://16.192.29.174.nip.io/assets/recovery/joes-venture/images/buck-brown-lamb-nappa-ranger-size-48-01-d25c66dd38.jpg,1,Buck Brown Lamb Nappa Ranger Size 48,FALSE,Buck Brown Lamb Nappa Ranger Size 48,"Conquer any adventure with our handmade Buck Brown Lamb Nappa Ranger jacket. Featuring durable YKK hardware and accessories, this bold and daring jacket is ready to take on the toughest challenges. Perfect for those who like to take risks and push the boundaries!",,,,,new,,,,,,draft
buck-brown-pull-up-buttoned-perfecto-size-52,Buck Brown Pull up Buttoned Perfecto Size 52,"Unleash your inner rebel with our handmade Buck Brown Pull up Buttoned Perfecto jacket. Designed for those who love to take risks, this jacket boasts premium YKK hardware and accessories that guarantee durability and style. Be bold and stand out in this must-have addition to your wardrobe!",Joe's Venture,,,,FALSE,Title,Default Title,,,,,JKT PULL BPERF BB,0,shopify,,deny,manual,23000.00,,TRUE,TRUE,,https://16.192.29.174.nip.io/assets/recovery/joes-venture/images/buck-brown-pull-up-buttoned-perfecto-size-52-01-09f188c060.jpg,1,Buck Brown Pull up Buttoned Perfecto Size 52,FALSE,Buck Brown Pull up Buttoned Perfecto Size 52,"Unleash your inner rebel with our handmade Buck Brown Pull up Buttoned Perfecto jacket. Designed for those who love to take risks, this jacket boasts premium YKK hardware and accessories that guarantee durability and style. Be bold and stand out in this must-have addition to your wardrobe!",,,,,new,,,,,,draft
buck-brown-waxed-baby-buffalo-vegtan-perfecto-size-56,Buck Brown Waxed Baby Buffalo VegTan Perfecto Size 56,"Unleash your inner adventurer with the Buck Brown Waxed Baby Buffalo VegTan Perfecto jacket. Handmade with vegetable tanned leather, it's built to last and develop a unique patina over time. Complete with YKK hardware and accessories, this jacket is ready to take on any challenge you throw its way.",Joe's Venture,,Coats & Jackets,,FALSE,Title,Default Title,,,,,JKT VEG PERF BB,0,shopify,,deny,manual,27000.00,,TRUE,TRUE,,,,,FALSE,Buck Brown Waxed Baby Buffalo VegTan Perfecto Size 56,"Unleash your inner adventurer with the Buck Brown Waxed Baby Buffalo VegTan Perfecto jacket. Handmade with vegetable tanned leather, it's built to last and develop a unique patina over time. Complete with YKK hardware and accessories, this jacket is ready to take on any challenge you throw its way.",,,,,new,,,,,,draft
buffed-varnish-cow-suit-jacket,Buffed Varnish Cow Suit Jacket,"Elevate your wardrobe with the Buffed Varnish Cow Suit Jacket, a modern interpretation of tailored sophistication. Crafted from premium cow leather with a polished buffed varnish finish, this jacket blends classic suiting elements with contemporary style, making it a standout piece for any formal or semi-formal occasion. Features include: A double-button front closure for a sleek, tailored fit. A notched lapel design, offering a refined, timeless appeal. Flap pockets and a chest welt pocket, combining functionality with elegance. Contrast stitching that enhances the jacket’s unique character and craftsmanship. A structured silhouette designed to provide a sharp and polished look. Perfect for making an impression, this jacket is as versatile as it is luxurious, effortlessly complementing both traditional and avant-garde ensembles.",Joe's Venture,,Suits,,FALSE,Title,Default Title,,,,,,,,,deny,manual,0.00,,TRUE,TRUE,,https://16.192.29.174.nip.io/assets/recovery/joes-venture/images/buffed-varnish-cow-suit-jacket-01-3b49d8948c.png,1,Buffed Varnish Cow Suit Jacket,FALSE,Buffed Varnish Cow Suit Jacket,"Elevate your wardrobe with the Buffed Varnish Cow Suit Jacket, a modern interpretation of tailored sophistication. Crafted from premium cow leather with a polished buffed varnish finish, this jacket blends classic suiting elements with contemporary style, making it a standout piece for any formal or semi-formal occasio",,,,,new,,,,,,draft
bundle-a,Gift Bundle A,"The JLG – Bifold wallet for the minimalist. It is made from 100% full-grain leather which has a gorgeous rich pull-up. This wallet will last you many years and is handcrafted to ensure maximum quality and durability. Features:– 100% handcrafted– Option of Machine Stitched or Hand Stitched– Fairtrade made– 6 interior card slots which hold 2 cards each– 1 exterior bill slots which holds multiple bills This is the Large Scribe Journal. Made from the finest of leathers, it is super slim and perfect for on the go documenting/journaling. It can hold a large moleskin notebook soft or hardback (size A5). Features:– Burnished and dyed edges– Fair trade made– 1 large slot for loose papers, 1 large flap for cards or papers, 1 journal slot JLG la Pochette is made from full-grain cow leather, ideal for carrying small items like your passport, cash, or your favorite cosmetics.",Joe's Venture,,,,FALSE,Option 1,Buck Brown,,,,,Gift bundle 1 BB,0,shopify,,deny,manual,3000.00,,TRUE,TRUE,,https://16.192.29.174.nip.io/assets/recovery/joes-venture/images/bundle-a-01-a3352aa69b.jpg,1,Gift Bundle A,FALSE,Gift Bundle A,The JLG – Bifold wallet for the minimalist. It is made from 100% full-grain leather which has a gorgeous rich pull-up. This wallet will last you many years and is handcrafted to ensure maximum quality and durability. Features:– 100% handcrafted– Option of Machine Stitched or Hand Stitched– Fairtrade made– 6 interior ca,,,,,new,,,,,,draft
bundle-a,Gift Bundle A,"The JLG – Bifold wallet for the minimalist. It is made from 100% full-grain leather which has a gorgeous rich pull-up. This wallet will last you many years and is handcrafted to ensure maximum quality and durability. Features:– 100% handcrafted– Option of Machine Stitched or Hand Stitched– Fairtrade made– 6 interior card slots which hold 2 cards each– 1 exterior bill slots which holds multiple bills This is the Large Scribe Journal. Made from the finest of leathers, it is super slim and perfect for on the go documenting/journaling. It can hold a large moleskin notebook soft or hardback (size A5). Features:– Burnished and dyed edges– Fair trade made– 1 large slot for loose papers, 1 large flap for cards or papers, 1 journal slot JLG la Pochette is made from full-grain cow leather, ideal for carrying small items like your passport, cash, or your favorite cosmetics.",Joe's Venture,,,,FALSE,Option 1,Coffee Brown,,,,,Gift bundle 1 CB,0,shopify,,deny,manual,3000.00,,TRUE,TRUE,,,,,FALSE,Gift Bundle A,The JLG – Bifold wallet for the minimalist. It is made from 100% full-grain leather which has a gorgeous rich pull-up. This wallet will last you many years and is handcrafted to ensure maximum quality and durability. Features:– 100% handcrafted– Option of Machine Stitched or Hand Stitched– Fairtrade made– 6 interior ca,,,,,new,,,,,,draft
bundle-a,Gift Bundle A,"The JLG – Bifold wallet for the minimalist. It is made from 100% full-grain leather which has a gorgeous rich pull-up. This wallet will last you many years and is handcrafted to ensure maximum quality and durability. Features:– 100% handcrafted– Option of Machine Stitched or Hand Stitched– Fairtrade made– 6 interior card slots which hold 2 cards each– 1 exterior bill slots which holds multiple bills This is the Large Scribe Journal. Made from the finest of leathers, it is super slim and perfect for on the go documenting/journaling. It can hold a large moleskin notebook soft or hardback (size A5). Features:– Burnished and dyed edges– Fair trade made– 1 large slot for loose papers, 1 large flap for cards or papers, 1 journal slot JLG la Pochette is made from full-grain cow leather, ideal for carrying small items like your passport, cash, or your favorite cosmetics.",Joe's Venture,,,,FALSE,Option 1,Ghost Black,,,,,Gift bundle 1 GB,0,shopify,,deny,manual,3000.00,,TRUE,TRUE,,,,,FALSE,Gift Bundle A,The JLG – Bifold wallet for the minimalist. It is made from 100% full-grain leather which has a gorgeous rich pull-up. This wallet will last you many years and is handcrafted to ensure maximum quality and durability. Features:– 100% handcrafted– Option of Machine Stitched or Hand Stitched– Fairtrade made– 6 interior ca,,,,,new,,,,,,draft
bundle-b,Gift Bundle B,"This is the Large Scribe Journal. Made from the finest of leathers, it is super slim and perfect for on the go documenting/journaling. It can hold a large moleskin notebook soft or hardback (size A5). Features:– Burnished and dyed edges– Fair trade made– 1 large slot for loose papers, 1 large flap for cards or papers, 1 journal slot The JLG – Trifold wallet for the minimalist. It is made from 100% full grain leather which has a gorgeous rich pull up. This wallet will last you many years and is handcrafted to ensure maximum quality and durability. Features:– 100% handcrafted– Option of Machine Stitched or Hand Stitched– Fair trade made– 5 interior card slots which hold 2 cards each– 1 exterior bill slots which holds multiple billsRollup Artist pencil case",Joe's Venture,,,,FALSE,Option 1,Buck Brown,,,,,Gift Bundle 2 BB,0,shopify,,deny,manual,4200.00,,TRUE,TRUE,,https://16.192.29.174.nip.io/assets/recovery/joes-venture/images/bundle-b-01-cf6d866d91.jpg,1,Gift Bundle B,FALSE,Gift Bundle B,"This is the Large Scribe Journal. Made from the finest of leathers, it is super slim and perfect for on the go documenting/journaling. It can hold a large moleskin notebook soft or hardback (size A5). Features:– Burnished and dyed edges– Fair trade made– 1 large slot for loose papers, 1 large flap for cards or papers, ",,,,,new,,,,,,draft
bundle-b,Gift Bundle B,"This is the Large Scribe Journal. Made from the finest of leathers, it is super slim and perfect for on the go documenting/journaling. It can hold a large moleskin notebook soft or hardback (size A5). Features:– Burnished and dyed edges– Fair trade made– 1 large slot for loose papers, 1 large flap for cards or papers, 1 journal slot The JLG – Trifold wallet for the minimalist. It is made from 100% full grain leather which has a gorgeous rich pull up. This wallet will last you many years and is handcrafted to ensure maximum quality and durability. Features:– 100% handcrafted– Option of Machine Stitched or Hand Stitched– Fair trade made– 5 interior card slots which hold 2 cards each– 1 exterior bill slots which holds multiple billsRollup Artist pencil case",Joe's Venture,,,,FALSE,Option 1,Coffee Brown,,,,,Gift Bundle 2 CB,0,shopify,,deny,manual,4200.00,,TRUE,TRUE,,,,,FALSE,Gift Bundle B,"This is the Large Scribe Journal. Made from the finest of leathers, it is super slim and perfect for on the go documenting/journaling. It can hold a large moleskin notebook soft or hardback (size A5). Features:– Burnished and dyed edges– Fair trade made– 1 large slot for loose papers, 1 large flap for cards or papers, ",,,,,new,,,,,,draft
bundle-b,Gift Bundle B,"This is the Large Scribe Journal. Made from the finest of leathers, it is super slim and perfect for on the go documenting/journaling. It can hold a large moleskin notebook soft or hardback (size A5). Features:– Burnished and dyed edges– Fair trade made– 1 large slot for loose papers, 1 large flap for cards or papers, 1 journal slot The JLG – Trifold wallet for the minimalist. It is made from 100% full grain leather which has a gorgeous rich pull up. This wallet will last you many years and is handcrafted to ensure maximum quality and durability. Features:– 100% handcrafted– Option of Machine Stitched or Hand Stitched– Fair trade made– 5 interior card slots which hold 2 cards each– 1 exterior bill slots which holds multiple billsRollup Artist pencil case",Joe's Venture,,,,FALSE,Option 1,Ghost Black,,,,,Gift Bundle 2 GB,0,shopify,,deny,manual,4200.00,,TRUE,TRUE,,,,,FALSE,Gift Bundle B,"This is the Large Scribe Journal. Made from the finest of leathers, it is super slim and perfect for on the go documenting/journaling. It can hold a large moleskin notebook soft or hardback (size A5). Features:– Burnished and dyed edges– Fair trade made– 1 large slot for loose papers, 1 large flap for cards or papers, ",,,,,new,,,,,,draft
bundle-c,Gift Bundle C,"This is the Large Scribe Journal. Made from the finest of leathers, it is super slim and perfect for on the go documenting/journaling. It can hold a large moleskin notebook soft or hardback (size A5). Features:– Burnished and dyed edges– Fair trade made– 1 large slot for loose papers, 1 large flap for cards or papers, 1 journal slot The JLG Cardholder V2 is a minimalist wallet made with the finest of pull-up leathers. Handcrafted to fit your minimalist lifestyle and made to last. Features:– Hand stitched with Japanese thread.– Hand finished dyed edges– Fair trade made– 2 card slots which fits up to 2 cards – 1main card slots which fits up to 4 cards Slim Pencil Case",Joe's Venture,,,,FALSE,Option 1,Buck Brown,,,,,Gift Bundle 3 BB,0,shopify,,deny,manual,2300.00,,TRUE,TRUE,,https://16.192.29.174.nip.io/assets/recovery/joes-venture/images/bundle-c-01-ccdcce4b25.jpg,1,Gift Bundle C,FALSE,Gift Bundle C,"This is the Large Scribe Journal. Made from the finest of leathers, it is super slim and perfect for on the go documenting/journaling. It can hold a large moleskin notebook soft or hardback (size A5). Features:– Burnished and dyed edges– Fair trade made– 1 large slot for loose papers, 1 large flap for cards or papers, ",,,,,new,,,,,,draft
bundle-c,Gift Bundle C,"This is the Large Scribe Journal. Made from the finest of leathers, it is super slim and perfect for on the go documenting/journaling. It can hold a large moleskin notebook soft or hardback (size A5). Features:– Burnished and dyed edges– Fair trade made– 1 large slot for loose papers, 1 large flap for cards or papers, 1 journal slot The JLG Cardholder V2 is a minimalist wallet made with the finest of pull-up leathers. Handcrafted to fit your minimalist lifestyle and made to last. Features:– Hand stitched with Japanese thread.– Hand finished dyed edges– Fair trade made– 2 card slots which fits up to 2 cards – 1main card slots which fits up to 4 cards Slim Pencil Case",Joe's Venture,,,,FALSE,Option 1,Coffee Brown,,,,,Gift Bundle 3 CB,0,shopify,,deny,manual,2300.00,,TRUE,TRUE,,,,,FALSE,Gift Bundle C,"This is the Large Scribe Journal. Made from the finest of leathers, it is super slim and perfect for on the go documenting/journaling. It can hold a large moleskin notebook soft or hardback (size A5). Features:– Burnished and dyed edges– Fair trade made– 1 large slot for loose papers, 1 large flap for cards or papers, ",,,,,new,,,,,,draft
bundle-c,Gift Bundle C,"This is the Large Scribe Journal. Made from the finest of leathers, it is super slim and perfect for on the go documenting/journaling. It can hold a large moleskin notebook soft or hardback (size A5). Features:– Burnished and dyed edges– Fair trade made– 1 large slot for loose papers, 1 large flap for cards or papers, 1 journal slot The JLG Cardholder V2 is a minimalist wallet made with the finest of pull-up leathers. Handcrafted to fit your minimalist lifestyle and made to last. Features:– Hand stitched with Japanese thread.– Hand finished dyed edges– Fair trade made– 2 card slots which fits up to 2 cards – 1main card slots which fits up to 4 cards Slim Pencil Case",Joe's Venture,,,,FALSE,Option 1,Ghost Black,,,,,Gift Bundle 3 GB,0,shopify,,deny,manual,2300.00,,TRUE,TRUE,,,,,FALSE,Gift Bundle C,"This is the Large Scribe Journal. Made from the finest of leathers, it is super slim and perfect for on the go documenting/journaling. It can hold a large moleskin notebook soft or hardback (size A5). Features:– Burnished and dyed edges– Fair trade made– 1 large slot for loose papers, 1 large flap for cards or papers, ",,,,,new,,,,,,draft
burgundy-lamb-nappa-denim-cut-size-56,Burgundy Lamb Nappa Denim Cut Size 56,"Handcrafted for risk takers, this Burgundy Lamb Nappa Denim Cut Jacket combines the soft luxury of lamb nappa with a daring denim cut. Made for adventure, this one-of-a-kind jacket is a bold statement piece that demands to be worn by those who aren't afraid to take on anything.",Joe's Venture,,,,FALSE,Title,Default Title,,,,,SKU LNAP DCUT BURG,0,shopify,,deny,manual,18000.00,,TRUE,TRUE,,,,,FALSE,Burgundy Lamb Nappa Denim Cut Size 56,"Handcrafted for risk takers, this Burgundy Lamb Nappa Denim Cut Jacket combines the soft luxury of lamb nappa with a daring denim cut. Made for adventure, this one-of-a-kind jacket is a bold statement piece that demands to be worn by those who aren't afraid to take on anything.",,,,,new,,,,,,draft
burgundy-lamb-nappa-perfecto-size-46,Burgundy Lamb Nappa Perfecto Size 46,"Ride on the wild side with our Burgundy Lamb Nappa Perfecto jacket. Crafted by hand from luxurious lamb nappa leather, this jacket is the perfect blend of bold style and adventure. Take on any challenge with confidence and make a statement wherever you go. Available now!",Joe's Venture,,Coats & Jackets,,FALSE,Title,Default Title,,,,,SKU LNAP PERF BURG,0,shopify,,deny,manual,22000.00,,TRUE,TRUE,,https://16.192.29.174.nip.io/assets/recovery/joes-venture/images/burgundy-lamb-nappa-perfecto-size-46-01-690381d636.jpg,1,Burgundy Lamb Nappa Perfecto Size 46,FALSE,Burgundy Lamb Nappa Perfecto Size 46,"Ride on the wild side with our Burgundy Lamb Nappa Perfecto jacket. Crafted by hand from luxurious lamb nappa leather, this jacket is the perfect blend of bold style and adventure. Take on any challenge with confidence and make a statement wherever you go. Available now!",,,,,new,,,,,,draft
burgundy-lamb-nappa-pilot-size-46,Burgundy Lamb Nappa Pilot Size 46,"Unleash your daring side with the Burgundy Lamb Nappa Pilot jacket. Handmade from luxurious Lamb Nappa leather with YKK hardware and accessories, this jacket is the ultimate statement piece for adventurers. Defy the norm and elevate your style with this bold and fearless addition to your wardrobe.",Joe's Venture,,,,FALSE,Title,Default Title,,,,,JKT LNAP PILOT BURG,0,shopify,,deny,manual,15600.00,,TRUE,TRUE,,https://16.192.29.174.nip.io/assets/recovery/joes-venture/images/burgundy-lamb-nappa-pilot-size-46-01-a349be0da3.jpg,1,Burgundy Lamb Nappa Pilot Size 46,FALSE,Burgundy Lamb Nappa Pilot Size 46,"Unleash your daring side with the Burgundy Lamb Nappa Pilot jacket. Handmade from luxurious Lamb Nappa leather with YKK hardware and accessories, this jacket is the ultimate statement piece for adventurers. Defy the norm and elevate your style with this bold and fearless addition to your wardrobe.",,,,,new,,,,,,draft
burgundy-nappa-aviator,Burgundy Nappa Aviator,"Effortlessly sleek and modern, the Burgundy Nappa Aviator Jacket is a sophisticated twist on the classic moto silhouette. Made from premium Nappa leather in a rich burgundy tone, this jacket exudes elegance and durability, making it a must-have for every wardrobe. Features include: An asymmetrical zip closure for a streamlined and contemporary design. Premium YKK hardware for zippers, buckles, and snaps, ensuring reliable performance and long-lasting quality. A high-neck collar with snap-button detail for added edge and protection against the elements. Zippered pockets for both practicality and a refined aesthetic. Adjustable side tabs for a custom fit and tailored finish. Designed for those who value timeless style and premium craftsmanship, this jacket transitions seamlessly from casual outings to more polished occasions, ensuring you make a statement wherever you go.",Joe's Venture,,Motorcycle Outerwear,,FALSE,Title,Default Title,,,,,,,,,deny,manual,24000.00,,TRUE,TRUE,,https://16.192.29.174.nip.io/assets/recovery/joes-venture/images/burgundy-nappa-aviator-01-87663b84f7.png,1,Burgundy Nappa Aviator,FALSE,Burgundy Nappa Aviator,"Effortlessly sleek and modern, the Burgundy Nappa Aviator Jacket is a sophisticated twist on the classic moto silhouette. Made from premium Nappa leather in a rich burgundy tone, this jacket exudes elegance and durability, making it a must-have for every wardrobe. Features include: An asymmetrical zip closure for a str",,,,,new,,,,,,draft
burgundy-nappa-cafe-racer,Burgundy Nappa Café Racer,"The Burgundy Nappa Café Racer Jacket embodies sleek sophistication with a rebellious edge. Features include: Premium Nappa leather in a deep burgundy hue, offering a smooth and supple texture. Minimalist café racer design for a timeless, versatile look. Stand-up collar with snap-button closure to enhance the streamlined silhouette. Asymmetrical zippered pockets for both style and secure storage. Tailored fit for a modern, refined appeal. Full zip closure with high-quality hardware for durability. Ideal for layering over a casual tee or a button-up, this jacket is a must-have for those who appreciate understated luxury with a touch of moto-inspired attitude.",Joe's Venture,,Motorcycle Outerwear,,FALSE,Option 1,Burgundy,,,,,,0,shopify,,deny,manual,0.00,,TRUE,TRUE,,,,,FALSE,Burgundy Nappa Café Racer,"The Burgundy Nappa Café Racer Jacket embodies sleek sophistication with a rebellious edge. Features include: Premium Nappa leather in a deep burgundy hue, offering a smooth and supple texture. Minimalist café racer design for a timeless, versatile look. Stand-up collar with snap-button closure to enhance the streamline",,,,,new,,,,,,draft
burgundy-nappa-suit-like-jacket,Burgundy Nappa Suit Like Jacket,"For a refined twist on a timeless silhouette, the Burgundy Leather Stand-Collar Jacket exudes both confidence and modern flair. Features include: Premium leather construction for a luxurious, enduring finish. Stand collar offering a sleek, contemporary look. Button-front closure lending a polished yet casual appeal. Discreet side pockets for practicality without compromising style. Tailored fit with subtle seam detailing for a streamlined silhouette. Fully lined interior ensuring warmth and comfort throughout the day. Pair it with dark denim or tailored trousers to elevate any outfit, whether you’re dressing for a relaxed evening out or a sophisticated event.",Joe's Venture,,Coats & Jackets,,FALSE,Title,Default Title,,,,,,,,,deny,manual,0.00,,TRUE,TRUE,,,,,FALSE,Burgundy Nappa Suit Like Jacket,"For a refined twist on a timeless silhouette, the Burgundy Leather Stand-Collar Jacket exudes both confidence and modern flair. Features include: Premium leather construction for a luxurious, enduring finish. Stand collar offering a sleek, contemporary look. Button-front closure lending a polished yet casual appeal. Di",,,,,new,,,,,,draft
burnt-brown-waxed-baby-buffalo-aviator,Burnt Brown Waxed Baby Buffalo Aviator Size 56,"Take to the skies with this handmade Burnt Brown Waxed Baby Buffalo Aviator jacket! Crafted from soft and durable baby buffalo leather, it features high-quality YKK hardware and accessories for a stylish and functional look. Stay warm and stylish while embracing adventure!",Joe's Venture,,,,FALSE,Option 1,58,,,,,JKT WBBUFBROWN AVI,0,shopify,,deny,manual,28000.00,,TRUE,TRUE,,https://16.192.29.174.nip.io/assets/recovery/joes-venture/images/burnt-brown-waxed-baby-buffalo-aviator-01-0f58d39273.jpg,1,Burnt Brown Waxed Baby Buffalo Aviator Size 56,FALSE,Burnt Brown Waxed Baby Buffalo Aviator Size 56,"Take to the skies with this handmade Burnt Brown Waxed Baby Buffalo Aviator jacket! Crafted from soft and durable baby buffalo leather, it features high-quality YKK hardware and accessories for a stylish and functional look. Stay warm and stylish while embracing adventure!",,,,,new,,,,,,draft
business-essentials-bundle,Business Essentials Bundle,"-The MacBook Sleeve, crafted from premium full-grain leather, offers sleek protection for your device. Available in multiple colors and sizes, it features a second slot to securely carry a notebook or important documents. Stylish, durable, and functional—perfect for professionals on the go. -The Large Scribe Journal, crafted from the finest leather, is sleek, slim, and designed for on-the-go journaling. It comfortably fits a large Moleskine notebook (A5, soft or hardback), making it the perfect companion for capturing thoughts and ideas anytime, anywhere. -The V2 Cardholder, crafted from premium pull-up leather, is a sleek, minimalist wallet. It features 2 card slots, each fits up to 3 cards, plus a main card slot which fits up to 4 cards. It's the perfect accessory for your minimalist lifestyle and made to last!",Joe's Venture,,Journals,,FALSE,Option 1,Buck Brown,Option 2,11”,,,,0,shopify,,deny,manual,3100.00,,TRUE,TRUE,,https://16.192.29.174.nip.io/assets/recovery/joes-venture/images/business-essentials-bundle-01-db2e1656d3.png,1,Business Essentials Bundle,FALSE,Business Essentials Bundle,"-The MacBook Sleeve, crafted from premium full-grain leather, offers sleek protection for your device. Available in multiple colors and sizes, it features a second slot to securely carry a notebook or important documents. Stylish, durable, and functional—perfect for professionals on the go. -The Large Scribe Journal, c",,,,,new,,,,,,draft
business-essentials-bundle,Business Essentials Bundle,"-The MacBook Sleeve, crafted from premium full-grain leather, offers sleek protection for your device. Available in multiple colors and sizes, it features a second slot to securely carry a notebook or important documents. Stylish, durable, and functional—perfect for professionals on the go. -The Large Scribe Journal, crafted from the finest leather, is sleek, slim, and designed for on-the-go journaling. It comfortably fits a large Moleskine notebook (A5, soft or hardback), making it the perfect companion for capturing thoughts and ideas anytime, anywhere. -The V2 Cardholder, crafted from premium pull-up leather, is a sleek, minimalist wallet. It features 2 card slots, each fits up to 3 cards, plus a main card slot which fits up to 4 cards. It's the perfect accessory for your minimalist lifestyle and made to last!",Joe's Venture,,Journals,,FALSE,Option 1,Buck Brown,Option 2,13”,,,,0,shopify,,deny,manual,3300.00,,TRUE,TRUE,,,,,FALSE,Business Essentials Bundle,"-The MacBook Sleeve, crafted from premium full-grain leather, offers sleek protection for your device. Available in multiple colors and sizes, it features a second slot to securely carry a notebook or important documents. Stylish, durable, and functional—perfect for professionals on the go. -The Large Scribe Journal, c",,,,,new,,,,,,draft
business-essentials-bundle,Business Essentials Bundle,"-The MacBook Sleeve, crafted from premium full-grain leather, offers sleek protection for your device. Available in multiple colors and sizes, it features a second slot to securely carry a notebook or important documents. Stylish, durable, and functional—perfect for professionals on the go. -The Large Scribe Journal, crafted from the finest leather, is sleek, slim, and designed for on-the-go journaling. It comfortably fits a large Moleskine notebook (A5, soft or hardback), making it the perfect companion for capturing thoughts and ideas anytime, anywhere. -The V2 Cardholder, crafted from premium pull-up leather, is a sleek, minimalist wallet. It features 2 card slots, each fits up to 3 cards, plus a main card slot which fits up to 4 cards. It's the perfect accessory for your minimalist lifestyle and made to last!",Joe's Venture,,Journals,,FALSE,Option 1,Buck Brown,Option 2,16”M2,,,,0,shopify,,deny,manual,3600.00,,TRUE,TRUE,,,,,FALSE,Business Essentials Bundle,"-The MacBook Sleeve, crafted from premium full-grain leather, offers sleek protection for your device. Available in multiple colors and sizes, it features a second slot to securely carry a notebook or important documents. Stylish, durable, and functional—perfect for professionals on the go. -The Large Scribe Journal, c",,,,,new,,,,,,draft
business-essentials-bundle,Business Essentials Bundle,"-The MacBook Sleeve, crafted from premium full-grain leather, offers sleek protection for your device. Available in multiple colors and sizes, it features a second slot to securely carry a notebook or important documents. Stylish, durable, and functional—perfect for professionals on the go. -The Large Scribe Journal, crafted from the finest leather, is sleek, slim, and designed for on-the-go journaling. It comfortably fits a large Moleskine notebook (A5, soft or hardback), making it the perfect companion for capturing thoughts and ideas anytime, anywhere. -The V2 Cardholder, crafted from premium pull-up leather, is a sleek, minimalist wallet. It features 2 card slots, each fits up to 3 cards, plus a main card slot which fits up to 4 cards. It's the perfect accessory for your minimalist lifestyle and made to last!",Joe's Venture,,Journals,,FALSE,Option 1,Coffee Brown,Option 2,11”,,,,0,shopify,,deny,manual,3100.00,,TRUE,TRUE,,,,,FALSE,Business Essentials Bundle,"-The MacBook Sleeve, crafted from premium full-grain leather, offers sleek protection for your device. Available in multiple colors and sizes, it features a second slot to securely carry a notebook or important documents. Stylish, durable, and functional—perfect for professionals on the go. -The Large Scribe Journal, c",,,,,new,,,,,,draft
business-essentials-bundle,Business Essentials Bundle,"-The MacBook Sleeve, crafted from premium full-grain leather, offers sleek protection for your device. Available in multiple colors and sizes, it features a second slot to securely carry a notebook or important documents. Stylish, durable, and functional—perfect for professionals on the go. -The Large Scribe Journal, crafted from the finest leather, is sleek, slim, and designed for on-the-go journaling. It comfortably fits a large Moleskine notebook (A5, soft or hardback), making it the perfect companion for capturing thoughts and ideas anytime, anywhere. -The V2 Cardholder, crafted from premium pull-up leather, is a sleek, minimalist wallet. It features 2 card slots, each fits up to 3 cards, plus a main card slot which fits up to 4 cards. It's the perfect accessory for your minimalist lifestyle and made to last!",Joe's Venture,,Journals,,FALSE,Option 1,Coffee Brown,Option 2,13”,,,,0,shopify,,deny,manual,3300.00,,TRUE,TRUE,,,,,FALSE,Business Essentials Bundle,"-The MacBook Sleeve, crafted from premium full-grain leather, offers sleek protection for your device. Available in multiple colors and sizes, it features a second slot to securely carry a notebook or important documents. Stylish, durable, and functional—perfect for professionals on the go. -The Large Scribe Journal, c",,,,,new,,,,,,draft
business-essentials-bundle,Business Essentials Bundle,"-The MacBook Sleeve, crafted from premium full-grain leather, offers sleek protection for your device. Available in multiple colors and sizes, it features a second slot to securely carry a notebook or important documents. Stylish, durable, and functional—perfect for professionals on the go. -The Large Scribe Journal, crafted from the finest leather, is sleek, slim, and designed for on-the-go journaling. It comfortably fits a large Moleskine notebook (A5, soft or hardback), making it the perfect companion for capturing thoughts and ideas anytime, anywhere. -The V2 Cardholder, crafted from premium pull-up leather, is a sleek, minimalist wallet. It features 2 card slots, each fits up to 3 cards, plus a main card slot which fits up to 4 cards. It's the perfect accessory for your minimalist lifestyle and made to last!",Joe's Venture,,Journals,,FALSE,Option 1,Coffee Brown,Option 2,16”M2,,,,0,shopify,,deny,manual,3600.00,,TRUE,TRUE,,,,,FALSE,Business Essentials Bundle,"-The MacBook Sleeve, crafted from premium full-grain leather, offers sleek protection for your device. Available in multiple colors and sizes, it features a second slot to securely carry a notebook or important documents. Stylish, durable, and functional—perfect for professionals on the go. -The Large Scribe Journal, c",,,,,new,,,,,,draft
business-essentials-bundle,Business Essentials Bundle,"-The MacBook Sleeve, crafted from premium full-grain leather, offers sleek protection for your device. Available in multiple colors and sizes, it features a second slot to securely carry a notebook or important documents. Stylish, durable, and functional—perfect for professionals on the go. -The Large Scribe Journal, crafted from the finest leather, is sleek, slim, and designed for on-the-go journaling. It comfortably fits a large Moleskine notebook (A5, soft or hardback), making it the perfect companion for capturing thoughts and ideas anytime, anywhere. -The V2 Cardholder, crafted from premium pull-up leather, is a sleek, minimalist wallet. It features 2 card slots, each fits up to 3 cards, plus a main card slot which fits up to 4 cards. It's the perfect accessory for your minimalist lifestyle and made to last!",Joe's Venture,,Journals,,FALSE,Option 1,Ghost Black,Option 2,11”,,,,0,shopify,,deny,manual,3100.00,,TRUE,TRUE,,,,,FALSE,Business Essentials Bundle,"-The MacBook Sleeve, crafted from premium full-grain leather, offers sleek protection for your device. Available in multiple colors and sizes, it features a second slot to securely carry a notebook or important documents. Stylish, durable, and functional—perfect for professionals on the go. -The Large Scribe Journal, c",,,,,new,,,,,,draft
business-essentials-bundle,Business Essentials Bundle,"-The MacBook Sleeve, crafted from premium full-grain leather, offers sleek protection for your device. Available in multiple colors and sizes, it features a second slot to securely carry a notebook or important documents. Stylish, durable, and functional—perfect for professionals on the go. -The Large Scribe Journal, crafted from the finest leather, is sleek, slim, and designed for on-the-go journaling. It comfortably fits a large Moleskine notebook (A5, soft or hardback), making it the perfect companion for capturing thoughts and ideas anytime, anywhere. -The V2 Cardholder, crafted from premium pull-up leather, is a sleek, minimalist wallet. It features 2 card slots, each fits up to 3 cards, plus a main card slot which fits up to 4 cards. It's the perfect accessory for your minimalist lifestyle and made to last!",Joe's Venture,,Journals,,FALSE,Option 1,Ghost Black,Option 2,13”,,,,0,shopify,,deny,manual,3300.00,,TRUE,TRUE,,,,,FALSE,Business Essentials Bundle,"-The MacBook Sleeve, crafted from premium full-grain leather, offers sleek protection for your device. Available in multiple colors and sizes, it features a second slot to securely carry a notebook or important documents. Stylish, durable, and functional—perfect for professionals on the go. -The Large Scribe Journal, c",,,,,new,,,,,,draft
business-essentials-bundle,Business Essentials Bundle,"-The MacBook Sleeve, crafted from premium full-grain leather, offers sleek protection for your device. Available in multiple colors and sizes, it features a second slot to securely carry a notebook or important documents. Stylish, durable, and functional—perfect for professionals on the go. -The Large Scribe Journal, crafted from the finest leather, is sleek, slim, and designed for on-the-go journaling. It comfortably fits a large Moleskine notebook (A5, soft or hardback), making it the perfect companion for capturing thoughts and ideas anytime, anywhere. -The V2 Cardholder, crafted from premium pull-up leather, is a sleek, minimalist wallet. It features 2 card slots, each fits up to 3 cards, plus a main card slot which fits up to 4 cards. It's the perfect accessory for your minimalist lifestyle and made to last!",Joe's Venture,,Journals,,FALSE,Option 1,Ghost Black,Option 2,16”M2,,,,0,shopify,,deny,manual,3600.00,,TRUE,TRUE,,,,,FALSE,Business Essentials Bundle,"-The MacBook Sleeve, crafted from premium full-grain leather, offers sleek protection for your device. Available in multiple colors and sizes, it features a second slot to securely carry a notebook or important documents. Stylish, durable, and functional—perfect for professionals on the go. -The Large Scribe Journal, c",,,,,new,,,,,,draft
business-essentials-bundle,,,,,,,,,,,,,,,,,,,,,,,,,https://16.192.29.174.nip.io/assets/recovery/joes-venture/images/business-essentials-bundle-02-8cd97ffc51.png,2,Business Essentials Bundle,,,,,,,,,,,,,,
business-essentials-bundle,,,,,,,,,,,,,,,,,,,,,,,,,https://16.192.29.174.nip.io/assets/recovery/joes-venture/images/business-essentials-bundle-03-49b6f2c5cf.png,3,Business Essentials Bundle,,,,,,,,,,,,,,
business-essentials-bundle,,,,,,,,,,,,,,,,,,,,,,,,,https://16.192.29.174.nip.io/assets/recovery/joes-venture/images/business-essentials-bundle-04-3db8b230a1.png,4,Business Essentials Bundle,,,,,,,,,,,,,,
business-essentials-bundle,,,,,,,,,,,,,,,,,,,,,,,,,https://16.192.29.174.nip.io/assets/recovery/joes-venture/images/business-essentials-bundle-05-5805f4710f.png,5,Business Essentials Bundle,,,,,,,,,,,,,,
business-essentials-bundle,,,,,,,,,,,,,,,,,,,,,,,,,https://16.192.29.174.nip.io/assets/recovery/joes-venture/images/business-essentials-bundle-06-aa271960df.png,6,Business Essentials Bundle,,,,,,,,,,,,,,
canvas-insert,Canvas Insert,,Joe's Venture,,,,FALSE,Option 1,Black,,,,,STN CIN B,0,shopify,,deny,manual,550.00,,TRUE,TRUE,,,,,FALSE,Canvas Insert,,,,,,new,,,,,,draft
canvas-insert,Canvas Insert,,Joe's Venture,,,,FALSE,Option 1,Green,,,,,STN CIN G,0,shopify,,deny,manual,550.00,,TRUE,TRUE,,,,,FALSE,Canvas Insert,,,,,,new,,,,,,draft
canvas-pencil-case,Canvas Pencil case,"Introducing our meticulously crafted canvas pencil case with a zipper closure, a perfect blend of functionality and style for your everyday needs. Handcrafted with care and attention to detail, each case is a testament to the artistry of our skilled artisans. Constructed from high-quality canvas material, this pencil case offers durability and versatility to keep your writing essentials organized and secure. The sturdy zipper ensures easy access while keeping your pencils, pens, erasers, and other supplies safe and protected. With its compact yet spacious design, our canvas pencil case is perfect for storing your daily writing essentials. Whether you're sketching ideas, taking notes, or doodling your next masterpiece, this case is the perfect companion to keep your tools close at hand. The minimalist design and neutral color palette make this pencil case a timeless accessory that effortlessly complements any style. Whether you're a student, artist, or professional, this versatile case adds a touch of understated elegance to your workspace. Elevate your writing experience with our handmade canvas pencil case—a practical and stylish accessory that embodies the perfect fusion of form and function.",Joe's Venture,,,,FALSE,Option 1,Black,,,,,ACC CPNCS B,0,shopify,,deny,manual,450.00,,TRUE,TRUE,,https://16.192.29.174.nip.io/assets/recovery/joes-venture/images/canvas-pencil-case-01-0405addef9.jpg,1,Canvas Pencil case,FALSE,Canvas Pencil case,"Introducing our meticulously crafted canvas pencil case with a zipper closure, a perfect blend of functionality and style for your everyday needs. Handcrafted with care and attention to detail, each case is a testament to the artistry of our skilled artisans. Constructed from high-quality canvas material, this pencil c",,,,,new,,,,,,draft
canvas-pencil-case,Canvas Pencil case,"Introducing our meticulously crafted canvas pencil case with a zipper closure, a perfect blend of functionality and style for your everyday needs. Handcrafted with care and attention to detail, each case is a testament to the artistry of our skilled artisans. Constructed from high-quality canvas material, this pencil case offers durability and versatility to keep your writing essentials organized and secure. The sturdy zipper ensures easy access while keeping your pencils, pens, erasers, and other supplies safe and protected. With its compact yet spacious design, our canvas pencil case is perfect for storing your daily writing essentials. Whether you're sketching ideas, taking notes, or doodling your next masterpiece, this case is the perfect companion to keep your tools close at hand. The minimalist design and neutral color palette make this pencil case a timeless accessory that effortlessly complements any style. Whether you're a student, artist, or professional, this versatile case adds a touch of understated elegance to your workspace. Elevate your writing experience with our handmade canvas pencil case—a practical and stylish accessory that embodies the perfect fusion of form and function.",Joe's Venture,,,,FALSE,Option 1,Green,,,,,ACC CPNCS G,0,shopify,,deny,manual,450.00,,TRUE,TRUE,,,,,FALSE,Canvas Pencil case,"Introducing our meticulously crafted canvas pencil case with a zipper closure, a perfect blend of functionality and style for your everyday needs. Handcrafted with care and attention to detail, each case is a testament to the artistry of our skilled artisans. Constructed from high-quality canvas material, this pencil c",,,,,new,,,,,,draft
canvas-pencil-case,,,,,,,,,,,,,,,,,,,,,,,,,https://16.192.29.174.nip.io/assets/recovery/joes-venture/images/canvas-pencil-case-02-ffd4405fa6.jpg,2,Canvas Pencil case,,,,,,,,,,,,,,
canvas-pencil-case,,,,,,,,,,,,,,,,,,,,,,,,,https://16.192.29.174.nip.io/assets/recovery/joes-venture/images/canvas-pencil-case-03-af9b5367ab.jpg,3,Canvas Pencil case,,,,,,,,,,,,,,
clipper-fold-wallet,The JLG Clipper Fold Wallet,Clipper Fold Wallet for the minimalist. It is made from 100% full grain leather which has a gorgeous rich pull up. This wallet will last you many years and is handcrafted to ensure maximum quality and durability. Features:– 100% handcrafted– Option of Machine Stitched or Hand Stitched– Fair trade made– 3 interior card slots which hold 2 cards each– 1 interior pocket for coins– 1 interior bill slots which holds multiple bills,Joe's Venture,,,,FALSE,Option 1,Havane,Option 2,Machine Stitching,,,CF1,,,,deny,manual,1200.00,,TRUE,TRUE,,,,,FALSE,The JLG Clipper Fold Wallet,Clipper Fold Wallet for the minimalist. It is made from 100% full grain leather which has a gorgeous rich pull up. This wallet will last you many years and is handcrafted to ensure maximum quality and durability. Features:– 100% handcrafted– Option of Machine Stitched or Hand Stitched– Fair trade made– 3 interior card ,,,,,new,,,,,,draft
clipper-fold-wallet,The JLG Clipper Fold Wallet,Clipper Fold Wallet for the minimalist. It is made from 100% full grain leather which has a gorgeous rich pull up. This wallet will last you many years and is handcrafted to ensure maximum quality and durability. Features:– 100% handcrafted– Option of Machine Stitched or Hand Stitched– Fair trade made– 3 interior card slots which hold 2 cards each– 1 interior pocket for coins– 1 interior bill slots which holds multiple bills,Joe's Venture,,,,FALSE,Option 1,Havane,Option 2,Hand Stitching,,,CF2,,,,deny,manual,1600.00,,TRUE,TRUE,,,,,FALSE,The JLG Clipper Fold Wallet,Clipper Fold Wallet for the minimalist. It is made from 100% full grain leather which has a gorgeous rich pull up. This wallet will last you many years and is handcrafted to ensure maximum quality and durability. Features:– 100% handcrafted– Option of Machine Stitched or Hand Stitched– Fair trade made– 3 interior card ,,,,,new,,,,,,draft
clipper-fold-wallet,The JLG Clipper Fold Wallet,Clipper Fold Wallet for the minimalist. It is made from 100% full grain leather which has a gorgeous rich pull up. This wallet will last you many years and is handcrafted to ensure maximum quality and durability. Features:– 100% handcrafted– Option of Machine Stitched or Hand Stitched– Fair trade made– 3 interior card slots which hold 2 cards each– 1 interior pocket for coins– 1 interior bill slots which holds multiple bills,Joe's Venture,,,,FALSE,Option 1,ChocolateBrown,Option 2,Machine Stitching,,,CF3,,,,deny,manual,1200.00,,TRUE,TRUE,,,,,FALSE,The JLG Clipper Fold Wallet,Clipper Fold Wallet for the minimalist. It is made from 100% full grain leather which has a gorgeous rich pull up. This wallet will last you many years and is handcrafted to ensure maximum quality and durability. Features:– 100% handcrafted– Option of Machine Stitched or Hand Stitched– Fair trade made– 3 interior card ,,,,,new,,,,,,draft
clipper-fold-wallet,The JLG Clipper Fold Wallet,Clipper Fold Wallet for the minimalist. It is made from 100% full grain leather which has a gorgeous rich pull up. This wallet will last you many years and is handcrafted to ensure maximum quality and durability. Features:– 100% handcrafted– Option of Machine Stitched or Hand Stitched– Fair trade made– 3 interior card slots which hold 2 cards each– 1 interior pocket for coins– 1 interior bill slots which holds multiple bills,Joe's Venture,,,,FALSE,Option 1,ChocolateBrown,Option 2,Hand Stitching,,,CF4,,,,deny,manual,1600.00,,TRUE,TRUE,,,,,FALSE,The JLG Clipper Fold Wallet,Clipper Fold Wallet for the minimalist. It is made from 100% full grain leather which has a gorgeous rich pull up. This wallet will last you many years and is handcrafted to ensure maximum quality and durability. Features:– 100% handcrafted– Option of Machine Stitched or Hand Stitched– Fair trade made– 3 interior card ,,,,,new,,,,,,draft
clipper-fold-wallet,The JLG Clipper Fold Wallet,Clipper Fold Wallet for the minimalist. It is made from 100% full grain leather which has a gorgeous rich pull up. This wallet will last you many years and is handcrafted to ensure maximum quality and durability. Features:– 100% handcrafted– Option of Machine Stitched or Hand Stitched– Fair trade made– 3 interior card slots which hold 2 cards each– 1 interior pocket for coins– 1 interior bill slots which holds multiple bills,Joe's Venture,,,,FALSE,Option 1,ClassicBrown,Option 2,Machine Stitching,,,CF5,,,,deny,manual,1200.00,,TRUE,TRUE,,,,,FALSE,The JLG Clipper Fold Wallet,Clipper Fold Wallet for the minimalist. It is made from 100% full grain leather which has a gorgeous rich pull up. This wallet will last you many years and is handcrafted to ensure maximum quality and durability. Features:– 100% handcrafted– Option of Machine Stitched or Hand Stitched– Fair trade made– 3 interior card ,,,,,new,,,,,,draft
clipper-fold-wallet,The JLG Clipper Fold Wallet,Clipper Fold Wallet for the minimalist. It is made from 100% full grain leather which has a gorgeous rich pull up. This wallet will last you many years and is handcrafted to ensure maximum quality and durability. Features:– 100% handcrafted– Option of Machine Stitched or Hand Stitched– Fair trade made– 3 interior card slots which hold 2 cards each– 1 interior pocket for coins– 1 interior bill slots which holds multiple bills,Joe's Venture,,,,FALSE,Option 1,ClassicBrown,Option 2,Hand Stitching,,,CF6,,,,deny,manual,1600.00,,TRUE,TRUE,,,,,FALSE,The JLG Clipper Fold Wallet,Clipper Fold Wallet for the minimalist. It is made from 100% full grain leather which has a gorgeous rich pull up. This wallet will last you many years and is handcrafted to ensure maximum quality and durability. Features:– 100% handcrafted– Option of Machine Stitched or Hand Stitched– Fair trade made– 3 interior card ,,,,,new,,,,,,draft
clipper-fold-wallet,The JLG Clipper Fold Wallet,Clipper Fold Wallet for the minimalist. It is made from 100% full grain leather which has a gorgeous rich pull up. This wallet will last you many years and is handcrafted to ensure maximum quality and durability. Features:– 100% handcrafted– Option of Machine Stitched or Hand Stitched– Fair trade made– 3 interior card slots which hold 2 cards each– 1 interior pocket for coins– 1 interior bill slots which holds multiple bills,Joe's Venture,,,,FALSE,Option 1,Olive,Option 2,Machine Stitching,,,CF7,,,,deny,manual,1200.00,,TRUE,TRUE,,,,,FALSE,The JLG Clipper Fold Wallet,Clipper Fold Wallet for the minimalist. It is made from 100% full grain leather which has a gorgeous rich pull up. This wallet will last you many years and is handcrafted to ensure maximum quality and durability. Features:– 100% handcrafted– Option of Machine Stitched or Hand Stitched– Fair trade made– 3 interior card ,,,,,new,,,,,,draft
clipper-fold-wallet,The JLG Clipper Fold Wallet,Clipper Fold Wallet for the minimalist. It is made from 100% full grain leather which has a gorgeous rich pull up. This wallet will last you many years and is handcrafted to ensure maximum quality and durability. Features:– 100% handcrafted– Option of Machine Stitched or Hand Stitched– Fair trade made– 3 interior card slots which hold 2 cards each– 1 interior pocket for coins– 1 interior bill slots which holds multiple bills,Joe's Venture,,,,FALSE,Option 1,Olive,Option 2,Hand Stitching,,,CF8,,,,deny,manual,1600.00,,TRUE,TRUE,,,,,FALSE,The JLG Clipper Fold Wallet,Clipper Fold Wallet for the minimalist. It is made from 100% full grain leather which has a gorgeous rich pull up. This wallet will last you many years and is handcrafted to ensure maximum quality and durability. Features:– 100% handcrafted– Option of Machine Stitched or Hand Stitched– Fair trade made– 3 interior card ,,,,,new,,,,,,draft
clipper-fold-wallet,The JLG Clipper Fold Wallet,Clipper Fold Wallet for the minimalist. It is made from 100% full grain leather which has a gorgeous rich pull up. This wallet will last you many years and is handcrafted to ensure maximum quality and durability. Features:– 100% handcrafted– Option of Machine Stitched or Hand Stitched– Fair trade made– 3 interior card slots which hold 2 cards each– 1 interior pocket for coins– 1 interior bill slots which holds multiple bills,Joe's Venture,,,,FALSE,Option 1,CoffeeBrown,Option 2,Machine Stitching,,,CF9,,,,deny,manual,1200.00,,TRUE,TRUE,,,,,FALSE,The JLG Clipper Fold Wallet,Clipper Fold Wallet for the minimalist. It is made from 100% full grain leather which has a gorgeous rich pull up. This wallet will last you many years and is handcrafted to ensure maximum quality and durability. Features:– 100% handcrafted– Option of Machine Stitched or Hand Stitched– Fair trade made– 3 interior card ,,,,,new,,,,,,draft
clipper-fold-wallet,The JLG Clipper Fold Wallet,Clipper Fold Wallet for the minimalist. It is made from 100% full grain leather which has a gorgeous rich pull up. This wallet will last you many years and is handcrafted to ensure maximum quality and durability. Features:– 100% handcrafted– Option of Machine Stitched or Hand Stitched– Fair trade made– 3 interior card slots which hold 2 cards each– 1 interior pocket for coins– 1 interior bill slots which holds multiple bills,Joe's Venture,,,,FALSE,Option 1,CoffeeBrown,Option 2,Hand Stitching,,,CF10,,,,deny,manual,1600.00,,TRUE,TRUE,,,,,FALSE,The JLG Clipper Fold Wallet,Clipper Fold Wallet for the minimalist. It is made from 100% full grain leather which has a gorgeous rich pull up. This wallet will last you many years and is handcrafted to ensure maximum quality and durability. Features:– 100% handcrafted– Option of Machine Stitched or Hand Stitched– Fair trade made– 3 interior card ,,,,,new,,,,,,draft
clipper-fold-wallet,The JLG Clipper Fold Wallet,Clipper Fold Wallet for the minimalist. It is made from 100% full grain leather which has a gorgeous rich pull up. This wallet will last you many years and is handcrafted to ensure maximum quality and durability. Features:– 100% handcrafted– Option of Machine Stitched or Hand Stitched– Fair trade made– 3 interior card slots which hold 2 cards each– 1 interior pocket for coins– 1 interior bill slots which holds multiple bills,Joe's Venture,,,,FALSE,Title,Default Title,,,,,,,,,deny,manual,1300.0,,TRUE,TRUE,,,,,FALSE,The JLG Clipper Fold Wallet,Clipper Fold Wallet for the minimalist. It is made from 100% full grain leather which has a gorgeous rich pull up. This wallet will last you many years and is handcrafted to ensure maximum quality and durability. Features:– 100% handcrafted– Option of Machine Stitched or Hand Stitched– Fair trade made– 3 interior card ,,,,,new,,,,,,draft
clutch,CÁNE No.4 - La Nuit,"A rare whisper of sophistication. Handwoven cane and buttery leather combine in a minimalist clutch, small yet impactful. Designed to slip effortlessly into your hand or under your arm, it elevates evenings with quiet, tactile elegance. This bag is crafted exclusively for you upon order. Lead time to make 4-6 weeks.",Joe's Venture,,Clutch Bags,,FALSE,Title,Default Title,,,,,JV-B-C-LN1-BB-0,,,,deny,manual,3750.00,,TRUE,TRUE,,,,,FALSE,CÁNE No.4 - La Nuit,"A rare whisper of sophistication. Handwoven cane and buttery leather combine in a minimalist clutch, small yet impactful. Designed to slip effortlessly into your hand or under your arm, it elevates evenings with quiet, tactile elegance. This bag is crafted exclusively for you upon order. Lead time to make 4-6 weeks.",,,,,new,,,,,,draft
cow-nubuck-buttoned-jacket,Cow Nubuck Buttoned Jacket Size 52,"Timelessly refined and versatile, the Cow Nubuck Buttoned Jacket is a contemporary interpretation of classic outerwear. Crafted from premium nubuck leather in a deep, earthy brown, this jacket combines understated luxury with rugged durability, making it an essential piece for any discerning wardrobe. Features include: A button-front closure for a clean and traditional aesthetic. A leather-trimmed collar that adds contrast and elevates the design. A chest zip pocket for a touch of practicality and modern style. Slanted front pockets for both utility and sophistication. Expert tailoring with reinforced seams for long-lasting wear and a structured silhouette. Designed for those who appreciate enduring style and exceptional craftsmanship, this jacket seamlessly adapts to various settings, whether you're heading to a casual outing or a smart-casual event. Its timeless appeal ensures you’ll stand out with confidence and effortless style.",Joe's Venture,,Coats & Jackets,,FALSE,Title,Default Title,,,,,,,,,deny,manual,42000.00,,TRUE,TRUE,,https://16.192.29.174.nip.io/assets/recovery/joes-venture/images/cow-nubuck-buttoned-jacket-01-1369384429.png,1,Cow Nubuck Buttoned Jacket Size 52,FALSE,Cow Nubuck Buttoned Jacket Size 52,"Timelessly refined and versatile, the Cow Nubuck Buttoned Jacket is a contemporary interpretation of classic outerwear. Crafted from premium nubuck leather in a deep, earthy brown, this jacket combines understated luxury with rugged durability, making it an essential piece for any discerning wardrobe. Features include:",,,,,new,,,,,,draft
cow-suede-ranger-jacket,Cow Suede Ranger jacket,"DescriptionThe Ranger Jacket is known for it's pockets that are very accessible and the short collar.It's timeless design, Bold and classic at the very same time allows you to wear it on any outfit to make your look complete.Details-Made from Egyptian cow suede-One chest pockets-two side pockets-YKK Buttons With Joe's Logo-Two YKK zipper cuffs-Long Sleeves-Two Inner Pockets-Fully Lined",Joe's Venture,,,,FALSE,Option 1,48,Option 2,Silk,,,,,,,deny,manual,15000.00,,TRUE,TRUE,,,,,FALSE,Cow Suede Ranger jacket,"DescriptionThe Ranger Jacket is known for it's pockets that are very accessible and the short collar.It's timeless design, Bold and classic at the very same time allows you to wear it on any outfit to make your look complete.Details-Made from Egyptian cow suede-One chest pockets-two side pockets-YKK Buttons With Joe's ",,,,,new,,,,,,draft
cow-suede-ranger-jacket,Cow Suede Ranger jacket,"DescriptionThe Ranger Jacket is known for it's pockets that are very accessible and the short collar.It's timeless design, Bold and classic at the very same time allows you to wear it on any outfit to make your look complete.Details-Made from Egyptian cow suede-One chest pockets-two side pockets-YKK Buttons With Joe's Logo-Two YKK zipper cuffs-Long Sleeves-Two Inner Pockets-Fully Lined",Joe's Venture,,,,FALSE,Option 1,48,Option 2,English Wool,,,,,,,deny,manual,17500.00,,TRUE,TRUE,,,,,FALSE,Cow Suede Ranger jacket,"DescriptionThe Ranger Jacket is known for it's pockets that are very accessible and the short collar.It's timeless design, Bold and classic at the very same time allows you to wear it on any outfit to make your look complete.Details-Made from Egyptian cow suede-One chest pockets-two side pockets-YKK Buttons With Joe's ",,,,,new,,,,,,draft
cow-suede-ranger-jacket,Cow Suede Ranger jacket,"DescriptionThe Ranger Jacket is known for it's pockets that are very accessible and the short collar.It's timeless design, Bold and classic at the very same time allows you to wear it on any outfit to make your look complete.Details-Made from Egyptian cow suede-One chest pockets-two side pockets-YKK Buttons With Joe's Logo-Two YKK zipper cuffs-Long Sleeves-Two Inner Pockets-Fully Lined",Joe's Venture,,,,FALSE,Option 1,50,Option 2,Silk,,,,,,,deny,manual,15000.00,,TRUE,TRUE,,,,,FALSE,Cow Suede Ranger jacket,"DescriptionThe Ranger Jacket is known for it's pockets that are very accessible and the short collar.It's timeless design, Bold and classic at the very same time allows you to wear it on any outfit to make your look complete.Details-Made from Egyptian cow suede-One chest pockets-two side pockets-YKK Buttons With Joe's ",,,,,new,,,,,,draft
cow-suede-ranger-jacket,Cow Suede Ranger jacket,"DescriptionThe Ranger Jacket is known for it's pockets that are very accessible and the short collar.It's timeless design, Bold and classic at the very same time allows you to wear it on any outfit to make your look complete.Details-Made from Egyptian cow suede-One chest pockets-two side pockets-YKK Buttons With Joe's Logo-Two YKK zipper cuffs-Long Sleeves-Two Inner Pockets-Fully Lined",Joe's Venture,,,,FALSE,Option 1,50,Option 2,English Wool,,,,,,,deny,manual,17500.00,,TRUE,TRUE,,,,,FALSE,Cow Suede Ranger jacket,"DescriptionThe Ranger Jacket is known for it's pockets that are very accessible and the short collar.It's timeless design, Bold and classic at the very same time allows you to wear it on any outfit to make your look complete.Details-Made from Egyptian cow suede-One chest pockets-two side pockets-YKK Buttons With Joe's ",,,,,new,,,,,,draft
cow-suede-ranger-jacket,Cow Suede Ranger jacket,"DescriptionThe Ranger Jacket is known for it's pockets that are very accessible and the short collar.It's timeless design, Bold and classic at the very same time allows you to wear it on any outfit to make your look complete.Details-Made from Egyptian cow suede-One chest pockets-two side pockets-YKK Buttons With Joe's Logo-Two YKK zipper cuffs-Long Sleeves-Two Inner Pockets-Fully Lined",Joe's Venture,,,,FALSE,Option 1,52,Option 2,Silk,,,,,,,deny,manual,15000.00,,TRUE,TRUE,,,,,FALSE,Cow Suede Ranger jacket,"DescriptionThe Ranger Jacket is known for it's pockets that are very accessible and the short collar.It's timeless design, Bold and classic at the very same time allows you to wear it on any outfit to make your look complete.Details-Made from Egyptian cow suede-One chest pockets-two side pockets-YKK Buttons With Joe's ",,,,,new,,,,,,draft
cow-suede-ranger-jacket,Cow Suede Ranger jacket,"DescriptionThe Ranger Jacket is known for it's pockets that are very accessible and the short collar.It's timeless design, Bold and classic at the very same time allows you to wear it on any outfit to make your look complete.Details-Made from Egyptian cow suede-One chest pockets-two side pockets-YKK Buttons With Joe's Logo-Two YKK zipper cuffs-Long Sleeves-Two Inner Pockets-Fully Lined",Joe's Venture,,,,FALSE,Option 1,52,Option 2,English Wool,,,,,,,deny,manual,17500.00,,TRUE,TRUE,,,,,FALSE,Cow Suede Ranger jacket,"DescriptionThe Ranger Jacket is known for it's pockets that are very accessible and the short collar.It's timeless design, Bold and classic at the very same time allows you to wear it on any outfit to make your look complete.Details-Made from Egyptian cow suede-One chest pockets-two side pockets-YKK Buttons With Joe's ",,,,,new,,,,,,draft
cow-suede-ranger-jacket,Cow Suede Ranger jacket,"DescriptionThe Ranger Jacket is known for it's pockets that are very accessible and the short collar.It's timeless design, Bold and classic at the very same time allows you to wear it on any outfit to make your look complete.Details-Made from Egyptian cow suede-One chest pockets-two side pockets-YKK Buttons With Joe's Logo-Two YKK zipper cuffs-Long Sleeves-Two Inner Pockets-Fully Lined",Joe's Venture,,,,FALSE,Option 1,54,Option 2,Silk,,,,,,,deny,manual,15000.00,,TRUE,TRUE,,,,,FALSE,Cow Suede Ranger jacket,"DescriptionThe Ranger Jacket is known for it's pockets that are very accessible and the short collar.It's timeless design, Bold and classic at the very same time allows you to wear it on any outfit to make your look complete.Details-Made from Egyptian cow suede-One chest pockets-two side pockets-YKK Buttons With Joe's ",,,,,new,,,,,,draft
cow-suede-ranger-jacket,Cow Suede Ranger jacket,"DescriptionThe Ranger Jacket is known for it's pockets that are very accessible and the short collar.It's timeless design, Bold and classic at the very same time allows you to wear it on any outfit to make your look complete.Details-Made from Egyptian cow suede-One chest pockets-two side pockets-YKK Buttons With Joe's Logo-Two YKK zipper cuffs-Long Sleeves-Two Inner Pockets-Fully Lined",Joe's Venture,,,,FALSE,Option 1,54,Option 2,English Wool,,,,,,,deny,manual,17500.00,,TRUE,TRUE,,,,,FALSE,Cow Suede Ranger jacket,"DescriptionThe Ranger Jacket is known for it's pockets that are very accessible and the short collar.It's timeless design, Bold and classic at the very same time allows you to wear it on any outfit to make your look complete.Details-Made from Egyptian cow suede-One chest pockets-two side pockets-YKK Buttons With Joe's ",,,,,new,,,,,,draft
cow-suede-ranger-jacket,Cow Suede Ranger jacket,"DescriptionThe Ranger Jacket is known for it's pockets that are very accessible and the short collar.It's timeless design, Bold and classic at the very same time allows you to wear it on any outfit to make your look complete.Details-Made from Egyptian cow suede-One chest pockets-two side pockets-YKK Buttons With Joe's Logo-Two YKK zipper cuffs-Long Sleeves-Two Inner Pockets-Fully Lined",Joe's Venture,,,,FALSE,Option 1,56,Option 2,Silk,,,,,,,deny,manual,15000.00,,TRUE,TRUE,,,,,FALSE,Cow Suede Ranger jacket,"DescriptionThe Ranger Jacket is known for it's pockets that are very accessible and the short collar.It's timeless design, Bold and classic at the very same time allows you to wear it on any outfit to make your look complete.Details-Made from Egyptian cow suede-One chest pockets-two side pockets-YKK Buttons With Joe's ",,,,,new,,,,,,draft
cow-suede-ranger-jacket,Cow Suede Ranger jacket,"DescriptionThe Ranger Jacket is known for it's pockets that are very accessible and the short collar.It's timeless design, Bold and classic at the very same time allows you to wear it on any outfit to make your look complete.Details-Made from Egyptian cow suede-One chest pockets-two side pockets-YKK Buttons With Joe's Logo-Two YKK zipper cuffs-Long Sleeves-Two Inner Pockets-Fully Lined",Joe's Venture,,,,FALSE,Option 1,56,Option 2,English Wool,,,,,,,deny,manual,17500.00,,TRUE,TRUE,,,,,FALSE,Cow Suede Ranger jacket,"DescriptionThe Ranger Jacket is known for it's pockets that are very accessible and the short collar.It's timeless design, Bold and classic at the very same time allows you to wear it on any outfit to make your look complete.Details-Made from Egyptian cow suede-One chest pockets-two side pockets-YKK Buttons With Joe's ",,,,,new,,,,,,draft
cow-suede-ranger-jacket,Cow Suede Ranger jacket,"DescriptionThe Ranger Jacket is known for it's pockets that are very accessible and the short collar.It's timeless design, Bold and classic at the very same time allows you to wear it on any outfit to make your look complete.Details-Made from Egyptian cow suede-One chest pockets-two side pockets-YKK Buttons With Joe's Logo-Two YKK zipper cuffs-Long Sleeves-Two Inner Pockets-Fully Lined",Joe's Venture,,,,FALSE,Option 1,58,Option 2,Silk,,,,,,,deny,manual,15000.00,,TRUE,TRUE,,,,,FALSE,Cow Suede Ranger jacket,"DescriptionThe Ranger Jacket is known for it's pockets that are very accessible and the short collar.It's timeless design, Bold and classic at the very same time allows you to wear it on any outfit to make your look complete.Details-Made from Egyptian cow suede-One chest pockets-two side pockets-YKK Buttons With Joe's ",,,,,new,,,,,,draft
cow-suede-ranger-jacket,Cow Suede Ranger jacket,"DescriptionThe Ranger Jacket is known for it's pockets that are very accessible and the short collar.It's timeless design, Bold and classic at the very same time allows you to wear it on any outfit to make your look complete.Details-Made from Egyptian cow suede-One chest pockets-two side pockets-YKK Buttons With Joe's Logo-Two YKK zipper cuffs-Long Sleeves-Two Inner Pockets-Fully Lined",Joe's Venture,,,,FALSE,Option 1,58,Option 2,English Wool,,,,,,,deny,manual,17500.00,,TRUE,TRUE,,,,,FALSE,Cow Suede Ranger jacket,"DescriptionThe Ranger Jacket is known for it's pockets that are very accessible and the short collar.It's timeless design, Bold and classic at the very same time allows you to wear it on any outfit to make your look complete.Details-Made from Egyptian cow suede-One chest pockets-two side pockets-YKK Buttons With Joe's ",,,,,new,,,,,,draft
cow-suede-ranger-jacket,Cow Suede Ranger jacket,"DescriptionThe Ranger Jacket is known for it's pockets that are very accessible and the short collar.It's timeless design, Bold and classic at the very same time allows you to wear it on any outfit to make your look complete.Details-Made from Egyptian cow suede-One chest pockets-two side pockets-YKK Buttons With Joe's Logo-Two YKK zipper cuffs-Long Sleeves-Two Inner Pockets-Fully Lined",Joe's Venture,,,,FALSE,Option 1,60,Option 2,Silk,,,,,,,deny,manual,15000.00,,TRUE,TRUE,,,,,FALSE,Cow Suede Ranger jacket,"DescriptionThe Ranger Jacket is known for it's pockets that are very accessible and the short collar.It's timeless design, Bold and classic at the very same time allows you to wear it on any outfit to make your look complete.Details-Made from Egyptian cow suede-One chest pockets-two side pockets-YKK Buttons With Joe's ",,,,,new,,,,,,draft
cow-suede-ranger-jacket,Cow Suede Ranger jacket,"DescriptionThe Ranger Jacket is known for it's pockets that are very accessible and the short collar.It's timeless design, Bold and classic at the very same time allows you to wear it on any outfit to make your look complete.Details-Made from Egyptian cow suede-One chest pockets-two side pockets-YKK Buttons With Joe's Logo-Two YKK zipper cuffs-Long Sleeves-Two Inner Pockets-Fully Lined",Joe's Venture,,,,FALSE,Option 1,60,Option 2,English Wool,,,,,,,deny,manual,17500.00,,TRUE,TRUE,,,,,FALSE,Cow Suede Ranger jacket,"DescriptionThe Ranger Jacket is known for it's pockets that are very accessible and the short collar.It's timeless design, Bold and classic at the very same time allows you to wear it on any outfit to make your look complete.Details-Made from Egyptian cow suede-One chest pockets-two side pockets-YKK Buttons With Joe's ",,,,,new,,,,,,draft
cracked-cow-classic-202,Cracked Cow Classic 202,"For a refined take on a classic design, the Brown Leather Zip-Front Jacket offers a polished look that’s easy to style. Features include: Premium leather construction for a rich, enduring finish. Gold-tone zipper adding a subtle, elevated accent. Classic shirt collar providing a timeless, versatile silhouette. Zip chest pocket and side pockets for both functionality and style. Adjustable cuffs ensuring a tailored fit and added comfort. Fully lined interior to keep you warm and comfortable in cooler weather. Wear it over a button-down for a smart casual vibe or pair it with a simple tee for a relaxed yet sophisticated look.",Joe's Venture,,,,FALSE,Title,Default Title,,,,,,,,,deny,manual,0.00,,TRUE,TRUE,,https://16.192.29.174.nip.io/assets/recovery/joes-venture/images/cracked-cow-classic-202-01-86cf384fe0.png,1,Cracked Cow Classic 202,FALSE,Cracked Cow Classic 202,"For a refined take on a classic design, the Brown Leather Zip-Front Jacket offers a polished look that’s easy to style. Features include: Premium leather construction for a rich, enduring finish. Gold-tone zipper adding a subtle, elevated accent. Classic shirt collar providing a timeless, versatile silhouette. Zip ches",,,,,new,,,,,,draft
cropped-bustier-34-b,Cropped Bustier 34-B,"Turn heads with the striking Cropped Leather Bustier, a bold yet elegant piece designed to make a statement. Features include: Crafted from premium-quality leather for a smooth and structured finish. Contoured bust design for a flattering silhouette. Deep V-neckline for a daring and sophisticated touch. Fixed straps for a sleek and minimalistic look. Cropped length, perfect for pairing with high-waisted skirts, pants, or layering under jackets. Ideal for evening outings, edgy ensembles, or fashion-forward styling, this bustier combines timeless leather appeal with contemporary design.",Joe's Venture,,Vests,,FALSE,Title,Default Title,,,,,,,,,deny,manual,0.00,,TRUE,TRUE,,,,,FALSE,Cropped Bustier 34-B,"Turn heads with the striking Cropped Leather Bustier, a bold yet elegant piece designed to make a statement. Features include: Crafted from premium-quality leather for a smooth and structured finish. Contoured bust design for a flattering silhouette. Deep V-neckline for a daring and sophisticated touch. Fixed straps fo",,,,,new,,,,,,draft
cropped-bustier-sans-bretelle,Cropped Bustier Sans Bretelle,"For a sleek, contemporary statement that merges classic craftsmanship with modern flair, the Brown Leather Bustier Top is a bold addition to your wardrobe. Features include: Crafted from premium leather for a luxurious, polished finish. Sweetheart neckline for a flattering silhouette. Subtle front cutout for a touch of edgy style. Structured fit with light boning to enhance shape and support. Smooth interior lining for all-day comfort. Perfect for pairing with high-waisted denim or layering under a blazer, this bustier top effortlessly transitions from day to night, making it a versatile standout piece.",Joe's Venture,,Clothing Tops,,FALSE,Title,Default Title,,,,,,,,,deny,manual,0.00,,TRUE,TRUE,,,,,FALSE,Cropped Bustier Sans Bretelle,"For a sleek, contemporary statement that merges classic craftsmanship with modern flair, the Brown Leather Bustier Top is a bold addition to your wardrobe. Features include: Crafted from premium leather for a luxurious, polished finish. Sweetheart neckline for a flattering silhouette. Subtle front cutout for a touch of",,,,,new,,,,,,draft
cropped-cafe-racer-oil-tanned-baby-buffalo,Cropped Cafe Racer Oil-Tanned Baby Buffalo,"A modern take on a timeless classic, the Cropped Cafe Racer Oil-Tanned Baby Buffalo Jacket is crafted to perfection for those who value understated elegance and exceptional quality. Made from premium oil-tanned baby buffalo leather, this cropped design is a versatile addition to your wardrobe, offering both style and durability. Features include: Premium oil-tanned baby buffalo leather, known for its soft texture and long-lasting finish. Classic Cafe Racer collar with a sleek, minimalist profile for a bold yet refined look. Zippered chest and side pockets, combining practicality with clean design. Epaulette details on the shoulders, adding a subtle nod to traditional biker style. Cropped silhouette, perfect for pairing with high-waisted trousers or skirts for a modern edge. Designed for those who embrace effortless style, this jacket transitions seamlessly from casual outings to elevated occasions, ensuring you make a statement wherever you go.",Joe's Venture,,,,FALSE,Title,Default Title,,,,,,,,,deny,manual,0.00,,TRUE,TRUE,,,,,FALSE,Cropped Cafe Racer Oil-Tanned Baby Buffalo,"A modern take on a timeless classic, the Cropped Cafe Racer Oil-Tanned Baby Buffalo Jacket is crafted to perfection for those who value understated elegance and exceptional quality. Made from premium oil-tanned baby buffalo leather, this cropped design is a versatile addition to your wardrobe, offering both style and d",,,,,new,,,,,,draft
dark-blue-denim-cut-vest,Dark Blue Denim-Cut Vest,"For a blend of vintage charm and modern ruggedness, the Dark Blue Denim-Cut Vest is a versatile addition to your wardrobe. Features include: Crafted from premium suede for a soft yet durable feel. Classic denim-inspired cut for timeless appeal. Secure snap-button closure with vintage-style buttons. Flap pocket on the chest for practicality and style. Dual side pockets for added functionality. Subtle plaid interior lining for a unique, hidden detail. Ideal for layering over shirts or hoodies, this vest offers a laid-back yet polished look, perfect for casual outings or transitional seasons.",Joe's Venture,,Vests,,FALSE,Title,Default Title,,,,,,,,,deny,manual,0.00,,TRUE,TRUE,,https://16.192.29.174.nip.io/assets/recovery/joes-venture/images/dark-blue-denim-cut-vest-01-4f5adca925.png,1,Dark Blue Denim-Cut Vest,FALSE,Dark Blue Denim-Cut Vest,"For a blend of vintage charm and modern ruggedness, the Dark Blue Denim-Cut Vest is a versatile addition to your wardrobe. Features include: Crafted from premium suede for a soft yet durable feel. Classic denim-inspired cut for timeless appeal. Secure snap-button closure with vintage-style buttons. Flap pocket on the c",,,,,new,,,,,,draft
dark-blue-suede-denim-cut,Dark Blue Suede Denim-Cut,"Fuse classic denim style with luxurious suede texture in the Dark Blue Suede Denim-Cut Jacket. This refined piece combines casual charm with sophisticated craftsmanship, making it a versatile addition to your wardrobe. Features include: A soft suede finish in a deep blue tone, offering a unique and elevated take on a denim-inspired design. A structured silhouette with a button-front closure, providing a tailored fit. Chest flap pockets and side pockets, blending functionality with style. Signature stitching details that enhance the jacket's character and durability. A timeless collar design, ensuring an effortlessly stylish appearance. Whether dressed up or down, this jacket brings a touch of understated elegance to any look. Perfect for both casual outings and smart-casual events, it redefines everyday wear.",Joe's Venture,,Coats & Jackets,,FALSE,Title,Default Title,,,,,,,,,deny,manual,0.00,,TRUE,TRUE,,,,,FALSE,Dark Blue Suede Denim-Cut,"Fuse classic denim style with luxurious suede texture in the Dark Blue Suede Denim-Cut Jacket. This refined piece combines casual charm with sophisticated craftsmanship, making it a versatile addition to your wardrobe. Features include: A soft suede finish in a deep blue tone, offering a unique and elevated take on a d",,,,,new,,,,,,draft
diwan-coaster,Mug coaster,Indulge in the luxury of our handcrafted mug coasters made of premium leather. Keep your tabletops and surfaces safe while adding a touch of elegance to your home decor. Protect your mugs and elevate your coffee experience with our sophisticated coasters.,Joe's Venture,,Apparel & Accessories,,FALSE,Option 1,Coffee Brown,,,,,,0,shopify,,deny,manual,220.00,,TRUE,TRUE,,,,,FALSE,Mug coaster,Indulge in the luxury of our handcrafted mug coasters made of premium leather. Keep your tabletops and surfaces safe while adding a touch of elegance to your home decor. Protect your mugs and elevate your coffee experience with our sophisticated coasters.,,,,,new,,,,,,draft
eclipse-pebbled-boot-cleaner,Eclipse Pebbled Leather Boot Cleaner,"Introducing the ultimate boot cleaning tool - the Eclipse Pebbled leather glove. Designed with a felt interior, this glove will give your boots a warm friction that will effectively remove dirt and grime. Say goodbye to dull and dirty boots and hello to elegant and polished ones. Elevate your style with the Eclipse Pebbled Boot Cleaner.",Joe's Venture,,Apparel & Accessories,,FALSE,Option 1,Pebbled Black,,,,,JV-CR-JB-BC1-BK-0,0,shopify,,deny,manual,900.00,,TRUE,TRUE,,,,,FALSE,Eclipse Pebbled Leather Boot Cleaner,"Introducing the ultimate boot cleaning tool - the Eclipse Pebbled leather glove. Designed with a felt interior, this glove will give your boots a warm friction that will effectively remove dirt and grime. Say goodbye to dull and dirty boots and hello to elegant and polished ones. Elevate your style with the Eclipse Peb",,,,,new,,,,,,draft
eclipse-pebbled-business-duffle-carryon,Eclipse Pebbled Leather Business Duffle Carry-On,"Embrace the luxury of travel with our Eclipse Pebbled Business Duffle Carryon. Crafted with exquisite pebbled leather, this sophisticated bag is designed for the discerning traveler. From its spacious interior to its durable construction, it offers both style and practicality. Make a statement wherever you go.",Joe's Venture,,Duffel Bags,,FALSE,Option 1,Pebbled Black,,,,,JV-B-JB-DB1-BK-0,0,shopify,,deny,manual,5200.00,,TRUE,TRUE,,https://16.192.29.174.nip.io/assets/recovery/joes-venture/images/eclipse-pebbled-business-duffle-carryon-01-880eec8d36.png,1,Eclipse Pebbled Leather Business Duffle Carry-On,FALSE,Eclipse Pebbled Leather Business Duffle Carry-On,"Embrace the luxury of travel with our Eclipse Pebbled Business Duffle Carryon. Crafted with exquisite pebbled leather, this sophisticated bag is designed for the discerning traveler. From its spacious interior to its durable construction, it offers both style and practicality. Make a statement wherever you go.",,,,,new,,,,,,draft
eclipse-pebbled-business-duffle-carryon,,,,,,,,,,,,,,,,,,,,,,,,,https://16.192.29.174.nip.io/assets/recovery/joes-venture/images/eclipse-pebbled-business-duffle-carryon-02-ce1791b675.png,2,Eclipse Pebbled Leather Business Duffle Carry-On,,,,,,,,,,,,,,
eclipse-pebbled-college-backpack,Eclipse Pebbled College Backpack,"Experience luxury and functionality with our Eclipse Pebbled College Backpack. Crafted with a sleek pebbled design and a convenient outer pocket, this backpack is perfect for the on-the-go student. Elevate your style and stay organized with our premium backpack.",Joe's Venture,,Backpacks,,FALSE,Option 1,Pebbled Black,,,,,JV-B-JB-BP1-BK-0,0,shopify,,deny,manual,5200.00,,TRUE,TRUE,,https://16.192.29.174.nip.io/assets/recovery/joes-venture/images/eclipse-pebbled-college-backpack-01-59cddc5918.png,1,Eclipse Pebbled College Backpack,FALSE,Eclipse Pebbled College Backpack,"Experience luxury and functionality with our Eclipse Pebbled College Backpack. Crafted with a sleek pebbled design and a convenient outer pocket, this backpack is perfect for the on-the-go student. Elevate your style and stay organized with our premium backpack.",,,,,new,,,,,,draft
eclipse-pebbled-college-backpack,,,,,,,,,,,,,,,,,,,,,,,,,https://16.192.29.174.nip.io/assets/recovery/joes-venture/images/eclipse-pebbled-college-backpack-02-0634c2aba9.png,2,Eclipse Pebbled College Backpack,,,,,,,,,,,,,,
eclipse-pebbled-fanny-pack,Eclipse Pebbled Leather Fanny Pack,"Indulge in effortless style with our Eclipse Pebbled Fanny Pack, featuring two front spacious zipped pockets, and one in the back. Perfect for keeping your essentials organized while on-the-go. This luxurious fanny pack is both elegant and functional, making it a must-have accessory for any fashion-forward individual.",Joe's Venture,,Fanny Packs,,FALSE,Option 1,Pebbled Black,,,,,JV-B-JB-FP1-BK-0,0,shopify,,deny,manual,2800.00,,TRUE,TRUE,,https://16.192.29.174.nip.io/assets/recovery/joes-venture/images/eclipse-pebbled-fanny-pack-01-b61581b751.png,1,Eclipse Pebbled Leather Fanny Pack,FALSE,Eclipse Pebbled Leather Fanny Pack,"Indulge in effortless style with our Eclipse Pebbled Fanny Pack, featuring two front spacious zipped pockets, and one in the back. Perfect for keeping your essentials organized while on-the-go. This luxurious fanny pack is both elegant and functional, making it a must-have accessory for any fashion-forward individual.",,,,,new,,,,,,draft
eclipse-pebbled-fanny-pack,,,,,,,,,,,,,,,,,,,,,,,,,https://16.192.29.174.nip.io/assets/recovery/joes-venture/images/eclipse-pebbled-fanny-pack-02-431c30169e.png,2,Eclipse Pebbled Leather Fanny Pack,,,,,,,,,,,,,,
eclipse-pebbled-large-box-bag,Eclipse Pebbled Leather Large Box 30L Bag,"Indulge in luxury with our Eclipse Pebbled Large Box Bag. Designed with a laptop slot and back safety pocket, it's both stylish and functional. The large compartment and detachable inner pouch provide ample space for all your essentials. Elevate your everyday look with this elegant and exclusive bag.",Joe's Venture,,Handbags,,FALSE,Option 1,Pebbled Black,,,,,JV-B-JB-BB1-BK-0,0,shopify,,deny,manual,5200.00,,TRUE,TRUE,,https://16.192.29.174.nip.io/assets/recovery/joes-venture/images/eclipse-pebbled-large-box-bag-01-58f1e2a3dc.png,1,Eclipse Pebbled Leather Large Box 30L Bag,FALSE,Eclipse Pebbled Leather Large Box 30L Bag,"Indulge in luxury with our Eclipse Pebbled Large Box Bag. Designed with a laptop slot and back safety pocket, it's both stylish and functional. The large compartment and detachable inner pouch provide ample space for all your essentials. Elevate your everyday look with this elegant and exclusive bag.",,,,,new,,,,,,draft
eclipse-pebbled-large-box-bag,,,,,,,,,,,,,,,,,,,,,,,,,https://16.192.29.174.nip.io/assets/recovery/joes-venture/images/eclipse-pebbled-large-box-bag-02-e302238944.png,2,Eclipse Pebbled Leather Large Box 30L Bag,,,,,,,,,,,,,,
eclipse-pebbled-toiletry-bag,Eclipse Pebbled Toiletry Bag,"Indulge in luxury and sophistication with the Eclipse Pebbled Toiletry Bag. Crafted from premium pebbled leather, this sleek bag features two zipper slots and an inner compartment for all your toiletry essentials. Add a touch of art and fashion to your travel accessories with this must-have bag.",Joe's Venture,,Cosmetic & Toiletry Bags,,FALSE,Option 1,Pebbled Black,,,,,JV-A-JB-TOB1-BK-0,0,shopify,,deny,manual,2200.00,,TRUE,TRUE,,https://16.192.29.174.nip.io/assets/recovery/joes-venture/images/eclipse-pebbled-toiletry-bag-01-eca08504f0.png,1,Eclipse Pebbled Toiletry Bag,FALSE,Eclipse Pebbled Toiletry Bag,"Indulge in luxury and sophistication with the Eclipse Pebbled Toiletry Bag. Crafted from premium pebbled leather, this sleek bag features two zipper slots and an inner compartment for all your toiletry essentials. Add a touch of art and fashion to your travel accessories with this must-have bag.",,,,,new,,,,,,draft
eclipse-pebbled-toiletry-bag,,,,,,,,,,,,,,,,,,,,,,,,,https://16.192.29.174.nip.io/assets/recovery/joes-venture/images/eclipse-pebbled-toiletry-bag-02-473af46f49.png,2,Eclipse Pebbled Toiletry Bag,,,,,,,,,,,,,,
eclipse-pebbled-zipped-laptop-sleeve,Eclipse Pebbled Leather Zipped Laptop Sleeve,"Indulge in luxury and elegance with our Eclipse Pebbled Zipped Laptop Sleeve. Crafted with a sleek pebbled texture and a convenient zipper closure, this sleeve is both functional and stylish. Keep your laptop safe and protected while making a statement with this exclusive accessory.",Joe's Venture,,Backpacks,,FALSE,Option 1,Pebbled Black,,,,,JV-A-JB-MS1-BK-0,0,shopify,,deny,manual,2200.00,,TRUE,TRUE,,,,,FALSE,Eclipse Pebbled Leather Zipped Laptop Sleeve,"Indulge in luxury and elegance with our Eclipse Pebbled Zipped Laptop Sleeve. Crafted with a sleek pebbled texture and a convenient zipper closure, this sleeve is both functional and stylish. Keep your laptop safe and protected while making a statement with this exclusive accessory.",,,,,new,,,,,,draft
elastic-set,Traveler's Notebook Elastic Bands Set,Optimize your Traveler's Notebook with our Elastic Set. This versatile set includes assorted elastic threads to securely hold your notebooks and accessories in place. Perfect for organizing multiple inserts and keeping everything secure. A must-have for any notebook collection.,Joe's Venture,,Binding Supplies,,FALSE,Title,Default Title,,,,,,,,,deny,manual,100.00,,TRUE,TRUE,,,,,FALSE,Traveler's Notebook Elastic Bands Set,Optimize your Traveler's Notebook with our Elastic Set. This versatile set includes assorted elastic threads to securely hold your notebooks and accessories in place. Perfect for organizing multiple inserts and keeping everything secure. A must-have for any notebook collection.,,,,,new,,,,,,draft
fly-swatter,Fly Swatter,"Introducing our uniquely crafted fly swatter, where traditional craftsmanship meets modern functionality in a harmonious blend of leather and wood. Handcrafted with meticulous attention to detail, each swatter is a testament to the artistry of our skilled artisans. The handle of this fly swatter is expertly carved from fine wood, ensuring a comfortable grip and optimal control during use. Its smooth finish adds a touch of elegance while providing durability for long-lasting performance. Attached to the wooden handle is a flexible and sturdy leather swatter, designed to effectively eliminate pesky insects with ease. The supple leather material ensures swift and precise swats, making it the perfect tool for keeping your space insect-free. Not just a practical tool, our leather and wood fly swatter is also a statement piece that adds a touch of rustic charm to any home decor. Whether displayed in your kitchen, porch, or garden shed, it serves as both a functional tool and a conversation starter. Elevate your insect control game with our handmade leather and wood fly swatter—a timeless accessory that embodies the perfect fusion of craftsmanship and utility.",Joe's Venture,,,,FALSE,Option 1,Coffee Brown,,,,,ACC FLYS CB,0,shopify,,deny,manual,850.00,,TRUE,TRUE,,https://16.192.29.174.nip.io/assets/recovery/joes-venture/images/fly-swatter-01-6c6efff476.jpg,1,Fly Swatter,FALSE,Fly Swatter,"Introducing our uniquely crafted fly swatter, where traditional craftsmanship meets modern functionality in a harmonious blend of leather and wood. Handcrafted with meticulous attention to detail, each swatter is a testament to the artistry of our skilled artisans. The handle of this fly swatter is expertly carved from",,,,,new,,,,,,draft
fly-swatter,Fly Swatter,"Introducing our uniquely crafted fly swatter, where traditional craftsmanship meets modern functionality in a harmonious blend of leather and wood. Handcrafted with meticulous attention to detail, each swatter is a testament to the artistry of our skilled artisans. The handle of this fly swatter is expertly carved from fine wood, ensuring a comfortable grip and optimal control during use. Its smooth finish adds a touch of elegance while providing durability for long-lasting performance. Attached to the wooden handle is a flexible and sturdy leather swatter, designed to effectively eliminate pesky insects with ease. The supple leather material ensures swift and precise swats, making it the perfect tool for keeping your space insect-free. Not just a practical tool, our leather and wood fly swatter is also a statement piece that adds a touch of rustic charm to any home decor. Whether displayed in your kitchen, porch, or garden shed, it serves as both a functional tool and a conversation starter. Elevate your insect control game with our handmade leather and wood fly swatter—a timeless accessory that embodies the perfect fusion of craftsmanship and utility.",Joe's Venture,,,,FALSE,Option 1,Buck Brown,,,,,ACC FLYS BB,0,shopify,,deny,manual,850.00,,TRUE,TRUE,,,,,FALSE,Fly Swatter,"Introducing our uniquely crafted fly swatter, where traditional craftsmanship meets modern functionality in a harmonious blend of leather and wood. Handcrafted with meticulous attention to detail, each swatter is a testament to the artistry of our skilled artisans. The handle of this fly swatter is expertly carved from",,,,,new,,,,,,draft
fly-swatter,Fly Swatter,"Introducing our uniquely crafted fly swatter, where traditional craftsmanship meets modern functionality in a harmonious blend of leather and wood. Handcrafted with meticulous attention to detail, each swatter is a testament to the artistry of our skilled artisans. The handle of this fly swatter is expertly carved from fine wood, ensuring a comfortable grip and optimal control during use. Its smooth finish adds a touch of elegance while providing durability for long-lasting performance. Attached to the wooden handle is a flexible and sturdy leather swatter, designed to effectively eliminate pesky insects with ease. The supple leather material ensures swift and precise swats, making it the perfect tool for keeping your space insect-free. Not just a practical tool, our leather and wood fly swatter is also a statement piece that adds a touch of rustic charm to any home decor. Whether displayed in your kitchen, porch, or garden shed, it serves as both a functional tool and a conversation starter. Elevate your insect control game with our handmade leather and wood fly swatter—a timeless accessory that embodies the perfect fusion of craftsmanship and utility.",Joe's Venture,,,,FALSE,Option 1,Ghost Black,,,,,ACC FLYS GB,0,shopify,,deny,manual,850.00,,TRUE,TRUE,,,,,FALSE,Fly Swatter,"Introducing our uniquely crafted fly swatter, where traditional craftsmanship meets modern functionality in a harmonious blend of leather and wood. Handcrafted with meticulous attention to detail, each swatter is a testament to the artistry of our skilled artisans. The handle of this fly swatter is expertly carved from",,,,,new,,,,,,draft
fly-swatter,,,,,,,,,,,,,,,,,,,,,,,,,https://16.192.29.174.nip.io/assets/recovery/joes-venture/images/fly-swatter-02-306ac98827.jpg,2,Fly Swatter,,,,,,,,,,,,,,
fly-swatter,,,,,,,,,,,,,,,,,,,,,,,,,https://16.192.29.174.nip.io/assets/recovery/joes-venture/images/fly-swatter-03-8e9827dbe6.jpg,3,Fly Swatter,,,,,,,,,,,,,,
fly-swatter,,,,,,,,,,,,,,,,,,,,,,,,,https://16.192.29.174.nip.io/assets/recovery/joes-venture/images/fly-swatter-04-ea565cf253.jpg,4,Fly Swatter,,,,,,,,,,,,,,
green-lamb-nappa-aviator,Green Lamb Nappa Aviator Size 54,"Transform into a fearless adventurer with our Green Lamb Nappa Aviator. Expertly handmade from premium lamb nappa leather, this jacket boasts spacious pockets for all your essentials and durable YKK hardware. Take on the world in bold style.",Joe's Venture,,Coats & Jackets,,FALSE,Title,Default Title,,,,,JKT GRNLNAP AVI,0,shopify,,deny,manual,22000.00,,TRUE,TRUE,,https://16.192.29.174.nip.io/assets/recovery/joes-venture/images/green-lamb-nappa-aviator-01-404b68e66e.jpg,1,Green Lamb Nappa Aviator Size 54,FALSE,Green Lamb Nappa Aviator Size 54,"Transform into a fearless adventurer with our Green Lamb Nappa Aviator. Expertly handmade from premium lamb nappa leather, this jacket boasts spacious pockets for all your essentials and durable YKK hardware. Take on the world in bold style.",,,,,new,,,,,,draft
green-nappa-perfecto,Green Lamb Nappa Perfecto Size 38,"Expertly crafted from soft and durable lamb nappa, the Green Nappa Perfecto is a handmade masterpiece. With YKK hardware and accessories, it combines quality materials and precise construction for a truly perfect fit. Elevate your style with this sophisticated and timeless piece.",Joe's Venture,,,,FALSE,Option 1,38,,,,,JKT LNAP PER W,0,shopify,,deny,manual,16250.00,,TRUE,TRUE,,,,,FALSE,Green Lamb Nappa Perfecto Size 38,"Expertly crafted from soft and durable lamb nappa, the Green Nappa Perfecto is a handmade masterpiece. With YKK hardware and accessories, it combines quality materials and precise construction for a truly perfect fit. Elevate your style with this sophisticated and timeless piece.",,,,,new,,,,,,draft
green-nappa-perfecto-1,Green Nappa Perfecto,"Elevate your style with the Green Nappa Perfecto Jacket, a timeless design reimagined in a rich green hue for modern sophistication. Crafted from premium, soft Nappa leather, this jacket combines luxury, durability, and versatility. Features include: Iconic asymmetrical zip closure for a classic moto-inspired look. Premium YKK hardware, including zippers, buttons, and buckles, ensuring superior functionality and lasting quality. Multiple zippered and flap pockets for both style and practicality. Adjustable side buckles for a tailored fit. Sleek silver-tone finishes that enhance the jacket’s timeless appeal. Perfect for those who appreciate refined craftsmanship and a design that transcends trends, this jacket is your go-to piece for effortlessly stylish ensembles, from casual outings to evening adventures.",Joe's Venture,,Motorcycle Outerwear,,FALSE,Title,Default Title,,,,,,,,,deny,manual,24000.00,,TRUE,TRUE,,,,,FALSE,Green Nappa Perfecto,"Elevate your style with the Green Nappa Perfecto Jacket, a timeless design reimagined in a rich green hue for modern sophistication. Crafted from premium, soft Nappa leather, this jacket combines luxury, durability, and versatility. Features include: Iconic asymmetrical zip closure for a classic moto-inspired look. Pre",,,,,new,,,,,,draft
hardcover-notebook,Hardcover notebook,,Joe's Venture,,,,FALSE,Title,Default Title,,,,,STN HCNB,0,shopify,,deny,manual,850.00,,TRUE,TRUE,17217980424746,,,,FALSE,Hardcover notebook,,,,,,new,,,,,,draft
hook-keychain,Hook Keychain,The JLG Key Chain is crafted from premium full grain leather and will age beautifully. It is fitted with a top quality antique brass key hook and key ring which provides superior strength and durability.,Joe's Venture,,Keychains,,FALSE,Option 1,BuckBrown,,,,,KC1,,,,deny,manual,500.00,,TRUE,TRUE,,,,,FALSE,Hook Keychain,The JLG Key Chain is crafted from premium full grain leather and will age beautifully. It is fitted with a top quality antique brass key hook and key ring which provides superior strength and durability.,,,,,new,,,,,,draft
hook-keychain,Hook Keychain,The JLG Key Chain is crafted from premium full grain leather and will age beautifully. It is fitted with a top quality antique brass key hook and key ring which provides superior strength and durability.,Joe's Venture,,Keychains,,FALSE,Option 1,CoffeeBrown,,,,,KC2,,,,deny,manual,500.00,,TRUE,TRUE,,,,,FALSE,Hook Keychain,The JLG Key Chain is crafted from premium full grain leather and will age beautifully. It is fitted with a top quality antique brass key hook and key ring which provides superior strength and durability.,,,,,new,,,,,,draft
hook-keychain,Hook Keychain,The JLG Key Chain is crafted from premium full grain leather and will age beautifully. It is fitted with a top quality antique brass key hook and key ring which provides superior strength and durability.,Joe's Venture,,Keychains,,FALSE,Option 1,GhostBlack,,,,,KC3,,,,deny,manual,500.00,,TRUE,TRUE,,,,,FALSE,Hook Keychain,The JLG Key Chain is crafted from premium full grain leather and will age beautifully. It is fitted with a top quality antique brass key hook and key ring which provides superior strength and durability.,,,,,new,,,,,,draft
hook-keychain,Hook Keychain,The JLG Key Chain is crafted from premium full grain leather and will age beautifully. It is fitted with a top quality antique brass key hook and key ring which provides superior strength and durability.,Joe's Venture,,Keychains,,FALSE,Option 1,Tan Brown,,,,,KC5,,,,deny,manual,500.00,,TRUE,TRUE,,,,,FALSE,Hook Keychain,The JLG Key Chain is crafted from premium full grain leather and will age beautifully. It is fitted with a top quality antique brass key hook and key ring which provides superior strength and durability.,,,,,new,,,,,,draft
hook-keychain,Hook Keychain,The JLG Key Chain is crafted from premium full grain leather and will age beautifully. It is fitted with a top quality antique brass key hook and key ring which provides superior strength and durability.,Joe's Venture,,Keychains,,FALSE,Option 1,Classic Brown,,,,,KC6,,,,deny,manual,500.00,,TRUE,TRUE,,,,,FALSE,Hook Keychain,The JLG Key Chain is crafted from premium full grain leather and will age beautifully. It is fitted with a top quality antique brass key hook and key ring which provides superior strength and durability.,,,,,new,,,,,,draft
hook-keychain,Hook Keychain,The JLG Key Chain is crafted from premium full grain leather and will age beautifully. It is fitted with a top quality antique brass key hook and key ring which provides superior strength and durability.,Joe's Venture,,Keychains,,FALSE,Option 1,Chocolate Brown,,,,,KC7,,,,deny,manual,500.00,,TRUE,TRUE,,,,,FALSE,Hook Keychain,The JLG Key Chain is crafted from premium full grain leather and will age beautifully. It is fitted with a top quality antique brass key hook and key ring which provides superior strength and durability.,,,,,new,,,,,,draft
jlg-giza-tote-bag,The Giza Tote Bag,The Market Tote is a gorgeous everyday tote. It can handle your everyday tasks with ease. Made from pull up leather it has a unique look when the leather is folded or bent. It is fully handcrafted right from the first cut. It features an inside and outside pocket for all of your valuables. Features:– 100% handcrafted– 100% Full grain leather– Interior & exterior pocket– Fairtrade made – YKK Excella vintage brass zippers– Hand Hammered Copper hardware– Hand Casted brass Key hook,Joe's Venture,,,,FALSE,Option 1,BuckBrown,,,,,Tote1,,,,deny,manual,2600.00,,TRUE,TRUE,,https://16.192.29.174.nip.io/assets/recovery/joes-venture/images/jlg-giza-tote-bag-01-1a909b8cd2.jpg,1,The Giza Tote Bag,FALSE,The Giza Tote Bag,The Market Tote is a gorgeous everyday tote. It can handle your everyday tasks with ease. Made from pull up leather it has a unique look when the leather is folded or bent. It is fully handcrafted right from the first cut. It features an inside and outside pocket for all of your valuables. Features:– 100% handcrafted– ,,,,,new,,,,,,draft
jlg-giza-tote-bag,The Giza Tote Bag,The Market Tote is a gorgeous everyday tote. It can handle your everyday tasks with ease. Made from pull up leather it has a unique look when the leather is folded or bent. It is fully handcrafted right from the first cut. It features an inside and outside pocket for all of your valuables. Features:– 100% handcrafted– 100% Full grain leather– Interior & exterior pocket– Fairtrade made – YKK Excella vintage brass zippers– Hand Hammered Copper hardware– Hand Casted brass Key hook,Joe's Venture,,,,FALSE,Option 1,CoffeeBrown,,,,,Tote2,,,,deny,manual,2600.00,,TRUE,TRUE,,,,,FALSE,The Giza Tote Bag,The Market Tote is a gorgeous everyday tote. It can handle your everyday tasks with ease. Made from pull up leather it has a unique look when the leather is folded or bent. It is fully handcrafted right from the first cut. It features an inside and outside pocket for all of your valuables. Features:– 100% handcrafted– ,,,,,new,,,,,,draft
jlg-giza-tote-bag,The Giza Tote Bag,The Market Tote is a gorgeous everyday tote. It can handle your everyday tasks with ease. Made from pull up leather it has a unique look when the leather is folded or bent. It is fully handcrafted right from the first cut. It features an inside and outside pocket for all of your valuables. Features:– 100% handcrafted– 100% Full grain leather– Interior & exterior pocket– Fairtrade made – YKK Excella vintage brass zippers– Hand Hammered Copper hardware– Hand Casted brass Key hook,Joe's Venture,,,,FALSE,Option 1,Ghost Black,,,,,Tote3,,,,deny,manual,2600.00,,TRUE,TRUE,,,,,FALSE,The Giza Tote Bag,The Market Tote is a gorgeous everyday tote. It can handle your everyday tasks with ease. Made from pull up leather it has a unique look when the leather is folded or bent. It is fully handcrafted right from the first cut. It features an inside and outside pocket for all of your valuables. Features:– 100% handcrafted– ,,,,,new,,,,,,draft
jlg-giza-tote-bag,The Giza Tote Bag,The Market Tote is a gorgeous everyday tote. It can handle your everyday tasks with ease. Made from pull up leather it has a unique look when the leather is folded or bent. It is fully handcrafted right from the first cut. It features an inside and outside pocket for all of your valuables. Features:– 100% handcrafted– 100% Full grain leather– Interior & exterior pocket– Fairtrade made – YKK Excella vintage brass zippers– Hand Hammered Copper hardware– Hand Casted brass Key hook,Joe's Venture,,,,FALSE,Title,Default Title,,,,,,,,,deny,manual,2299.0,,TRUE,TRUE,,,,,FALSE,The Giza Tote Bag,The Market Tote is a gorgeous everyday tote. It can handle your everyday tasks with ease. Made from pull up leather it has a unique look when the leather is folded or bent. It is fully handcrafted right from the first cut. It features an inside and outside pocket for all of your valuables. Features:– 100% handcrafted– ,,,,,new,,,,,,draft
joe-s-leather-balm™,JOE’S LEATHER BALM™,"JOE’s Leather Balm is a non toxic leather conditioner designed to restore worn leather and protect new leather goods. We wanted a product that could be safely applied by hand. A substitute for the toxic products we saw on shelves with harmful chemicals and warning labels. This 20ml tin is the perfect choice for large applications, furniture, bags or multiple pairs of shoes and boots. It will last most customers 6months-1year",Joe's Venture,,,,FALSE,Title,Default Title,,,,,14,0,shopify,,deny,manual,10.00,,TRUE,TRUE,,https://16.192.29.174.nip.io/assets/recovery/joes-venture/images/joe-s-leather-balm-01-7a507dce97.jpg,1,JOE’S LEATHER BALM™,FALSE,JOE’S LEATHER BALM™,JOE’s Leather Balm is a non toxic leather conditioner designed to restore worn leather and protect new leather goods. We wanted a product that could be safely applied by hand. A substitute for the toxic products we saw on shelves with harmful chemicals and warning labels. This 20ml tin is the perfect choice for large a,,,,,new,,,,,,draft
joes-nappa-perfecto,Lamb Napa - Man Perfecto,"DescriptionAn enduring selection that makes a style statement: both elegant and practical, it lends itself to multiple combinations and wearing on an array of occasions. The colour palette includes the brand’s characteristic neutral nuances, combined with a minimalist design, create a series of key pieces for the male wardrobe. The leather biker jacket is reinvented to reflect the latest trends, acquiring all the charm of JLG. This garment is made from high-quality, semi-aniline, lambskin nappa leather. It has a matching lining and features the classic off-centre fastening typical of biker jackets.Details-Made from Egyptian Napa Leather-Classic Neckline-One YKK Zipper chest pocket-YKK Snaps With Joe's Logo-YKK Zipped cuffs-2YKK Zipper Pockets on the waist-One small watch Pocket on the side-One Solid Brass Belt (Optional)-Long Sleeves-Two Inner Pockets-Fully Lined",Joe's Venture,,Coats & Jackets,,FALSE,Option 1,48,Option 2,Black,Option 3,silk,NAPE001,,,,deny,manual,9500.00,,TRUE,TRUE,,https://16.192.29.174.nip.io/assets/recovery/joes-venture/images/joes-nappa-perfecto-01-f670f73833.jpg,1,Lamb Napa - Man Perfecto,FALSE,Lamb Napa - Man Perfecto,"DescriptionAn enduring selection that makes a style statement: both elegant and practical, it lends itself to multiple combinations and wearing on an array of occasions. The colour palette includes the brand’s characteristic neutral nuances, combined with a minimalist design, create a series of key pieces for the male ",,,,,new,,,,,,draft
joes-nappa-perfecto,Lamb Napa - Man Perfecto,"DescriptionAn enduring selection that makes a style statement: both elegant and practical, it lends itself to multiple combinations and wearing on an array of occasions. The colour palette includes the brand’s characteristic neutral nuances, combined with a minimalist design, create a series of key pieces for the male wardrobe. The leather biker jacket is reinvented to reflect the latest trends, acquiring all the charm of JLG. This garment is made from high-quality, semi-aniline, lambskin nappa leather. It has a matching lining and features the classic off-centre fastening typical of biker jackets.Details-Made from Egyptian Napa Leather-Classic Neckline-One YKK Zipper chest pocket-YKK Snaps With Joe's Logo-YKK Zipped cuffs-2YKK Zipper Pockets on the waist-One small watch Pocket on the side-One Solid Brass Belt (Optional)-Long Sleeves-Two Inner Pockets-Fully Lined",Joe's Venture,,Coats & Jackets,,FALSE,Option 1,48,Option 2,Black,Option 3,English wool,NAPE002,,,,deny,manual,12000.00,,TRUE,TRUE,,,,,FALSE,Lamb Napa - Man Perfecto,"DescriptionAn enduring selection that makes a style statement: both elegant and practical, it lends itself to multiple combinations and wearing on an array of occasions. The colour palette includes the brand’s characteristic neutral nuances, combined with a minimalist design, create a series of key pieces for the male ",,,,,new,,,,,,draft
joes-nappa-perfecto,Lamb Napa - Man Perfecto,"DescriptionAn enduring selection that makes a style statement: both elegant and practical, it lends itself to multiple combinations and wearing on an array of occasions. The colour palette includes the brand’s characteristic neutral nuances, combined with a minimalist design, create a series of key pieces for the male wardrobe. The leather biker jacket is reinvented to reflect the latest trends, acquiring all the charm of JLG. This garment is made from high-quality, semi-aniline, lambskin nappa leather. It has a matching lining and features the classic off-centre fastening typical of biker jackets.Details-Made from Egyptian Napa Leather-Classic Neckline-One YKK Zipper chest pocket-YKK Snaps With Joe's Logo-YKK Zipped cuffs-2YKK Zipper Pockets on the waist-One small watch Pocket on the side-One Solid Brass Belt (Optional)-Long Sleeves-Two Inner Pockets-Fully Lined",Joe's Venture,,Coats & Jackets,,FALSE,Option 1,48,Option 2,DistressedBrown,Option 3,silk,XNAPE1,,,,deny,manual,9500.00,,TRUE,TRUE,,,,,FALSE,Lamb Napa - Man Perfecto,"DescriptionAn enduring selection that makes a style statement: both elegant and practical, it lends itself to multiple combinations and wearing on an array of occasions. The colour palette includes the brand’s characteristic neutral nuances, combined with a minimalist design, create a series of key pieces for the male ",,,,,new,,,,,,draft
joes-nappa-perfecto,Lamb Napa - Man Perfecto,"DescriptionAn enduring selection that makes a style statement: both elegant and practical, it lends itself to multiple combinations and wearing on an array of occasions. The colour palette includes the brand’s characteristic neutral nuances, combined with a minimalist design, create a series of key pieces for the male wardrobe. The leather biker jacket is reinvented to reflect the latest trends, acquiring all the charm of JLG. This garment is made from high-quality, semi-aniline, lambskin nappa leather. It has a matching lining and features the classic off-centre fastening typical of biker jackets.Details-Made from Egyptian Napa Leather-Classic Neckline-One YKK Zipper chest pocket-YKK Snaps With Joe's Logo-YKK Zipped cuffs-2YKK Zipper Pockets on the waist-One small watch Pocket on the side-One Solid Brass Belt (Optional)-Long Sleeves-Two Inner Pockets-Fully Lined",Joe's Venture,,Coats & Jackets,,FALSE,Option 1,48,Option 2,DistressedBrown,Option 3,English wool,XNAPE2,,,,deny,manual,12000.00,,TRUE,TRUE,,,,,FALSE,Lamb Napa - Man Perfecto,"DescriptionAn enduring selection that makes a style statement: both elegant and practical, it lends itself to multiple combinations and wearing on an array of occasions. The colour palette includes the brand’s characteristic neutral nuances, combined with a minimalist design, create a series of key pieces for the male ",,,,,new,,,,,,draft
joes-nappa-perfecto,Lamb Napa - Man Perfecto,"DescriptionAn enduring selection that makes a style statement: both elegant and practical, it lends itself to multiple combinations and wearing on an array of occasions. The colour palette includes the brand’s characteristic neutral nuances, combined with a minimalist design, create a series of key pieces for the male wardrobe. The leather biker jacket is reinvented to reflect the latest trends, acquiring all the charm of JLG. This garment is made from high-quality, semi-aniline, lambskin nappa leather. It has a matching lining and features the classic off-centre fastening typical of biker jackets.Details-Made from Egyptian Napa Leather-Classic Neckline-One YKK Zipper chest pocket-YKK Snaps With Joe's Logo-YKK Zipped cuffs-2YKK Zipper Pockets on the waist-One small watch Pocket on the side-One Solid Brass Belt (Optional)-Long Sleeves-Two Inner Pockets-Fully Lined",Joe's Venture,,Coats & Jackets,,FALSE,Option 1,50,Option 2,Black,Option 3,silk,NAPE013,,,,deny,manual,9500.00,,TRUE,TRUE,,,,,FALSE,Lamb Napa - Man Perfecto,"DescriptionAn enduring selection that makes a style statement: both elegant and practical, it lends itself to multiple combinations and wearing on an array of occasions. The colour palette includes the brand’s characteristic neutral nuances, combined with a minimalist design, create a series of key pieces for the male ",,,,,new,,,,,,draft
joes-nappa-perfecto,Lamb Napa - Man Perfecto,"DescriptionAn enduring selection that makes a style statement: both elegant and practical, it lends itself to multiple combinations and wearing on an array of occasions. The colour palette includes the brand’s characteristic neutral nuances, combined with a minimalist design, create a series of key pieces for the male wardrobe. The leather biker jacket is reinvented to reflect the latest trends, acquiring all the charm of JLG. This garment is made from high-quality, semi-aniline, lambskin nappa leather. It has a matching lining and features the classic off-centre fastening typical of biker jackets.Details-Made from Egyptian Napa Leather-Classic Neckline-One YKK Zipper chest pocket-YKK Snaps With Joe's Logo-YKK Zipped cuffs-2YKK Zipper Pockets on the waist-One small watch Pocket on the side-One Solid Brass Belt (Optional)-Long Sleeves-Two Inner Pockets-Fully Lined",Joe's Venture,,Coats & Jackets,,FALSE,Option 1,50,Option 2,Black,Option 3,English wool,NAPE014,,,,deny,manual,12000.00,,TRUE,TRUE,,,,,FALSE,Lamb Napa - Man Perfecto,"DescriptionAn enduring selection that makes a style statement: both elegant and practical, it lends itself to multiple combinations and wearing on an array of occasions. The colour palette includes the brand’s characteristic neutral nuances, combined with a minimalist design, create a series of key pieces for the male ",,,,,new,,,,,,draft
joes-nappa-perfecto,Lamb Napa - Man Perfecto,"DescriptionAn enduring selection that makes a style statement: both elegant and practical, it lends itself to multiple combinations and wearing on an array of occasions. The colour palette includes the brand’s characteristic neutral nuances, combined with a minimalist design, create a series of key pieces for the male wardrobe. The leather biker jacket is reinvented to reflect the latest trends, acquiring all the charm of JLG. This garment is made from high-quality, semi-aniline, lambskin nappa leather. It has a matching lining and features the classic off-centre fastening typical of biker jackets.Details-Made from Egyptian Napa Leather-Classic Neckline-One YKK Zipper chest pocket-YKK Snaps With Joe's Logo-YKK Zipped cuffs-2YKK Zipper Pockets on the waist-One small watch Pocket on the side-One Solid Brass Belt (Optional)-Long Sleeves-Two Inner Pockets-Fully Lined",Joe's Venture,,Coats & Jackets,,FALSE,Option 1,50,Option 2,DistressedBrown,Option 3,silk,XNAPE3,,,,deny,manual,9500.00,,TRUE,TRUE,,,,,FALSE,Lamb Napa - Man Perfecto,"DescriptionAn enduring selection that makes a style statement: both elegant and practical, it lends itself to multiple combinations and wearing on an array of occasions. The colour palette includes the brand’s characteristic neutral nuances, combined with a minimalist design, create a series of key pieces for the male ",,,,,new,,,,,,draft
joes-nappa-perfecto,Lamb Napa - Man Perfecto,"DescriptionAn enduring selection that makes a style statement: both elegant and practical, it lends itself to multiple combinations and wearing on an array of occasions. The colour palette includes the brand’s characteristic neutral nuances, combined with a minimalist design, create a series of key pieces for the male wardrobe. The leather biker jacket is reinvented to reflect the latest trends, acquiring all the charm of JLG. This garment is made from high-quality, semi-aniline, lambskin nappa leather. It has a matching lining and features the classic off-centre fastening typical of biker jackets.Details-Made from Egyptian Napa Leather-Classic Neckline-One YKK Zipper chest pocket-YKK Snaps With Joe's Logo-YKK Zipped cuffs-2YKK Zipper Pockets on the waist-One small watch Pocket on the side-One Solid Brass Belt (Optional)-Long Sleeves-Two Inner Pockets-Fully Lined",Joe's Venture,,Coats & Jackets,,FALSE,Option 1,50,Option 2,DistressedBrown,Option 3,English wool,XNAPE4,,,,deny,manual,12000.00,,TRUE,TRUE,,,,,FALSE,Lamb Napa - Man Perfecto,"DescriptionAn enduring selection that makes a style statement: both elegant and practical, it lends itself to multiple combinations and wearing on an array of occasions. The colour palette includes the brand’s characteristic neutral nuances, combined with a minimalist design, create a series of key pieces for the male ",,,,,new,,,,,,draft
joes-nappa-perfecto,Lamb Napa - Man Perfecto,"DescriptionAn enduring selection that makes a style statement: both elegant and practical, it lends itself to multiple combinations and wearing on an array of occasions. The colour palette includes the brand’s characteristic neutral nuances, combined with a minimalist design, create a series of key pieces for the male wardrobe. The leather biker jacket is reinvented to reflect the latest trends, acquiring all the charm of JLG. This garment is made from high-quality, semi-aniline, lambskin nappa leather. It has a matching lining and features the classic off-centre fastening typical of biker jackets.Details-Made from Egyptian Napa Leather-Classic Neckline-One YKK Zipper chest pocket-YKK Snaps With Joe's Logo-YKK Zipped cuffs-2YKK Zipper Pockets on the waist-One small watch Pocket on the side-One Solid Brass Belt (Optional)-Long Sleeves-Two Inner Pockets-Fully Lined",Joe's Venture,,Coats & Jackets,,FALSE,Option 1,52,Option 2,Black,Option 3,silk,NAPE025,,,,deny,manual,9500.00,,TRUE,TRUE,,,,,FALSE,Lamb Napa - Man Perfecto,"DescriptionAn enduring selection that makes a style statement: both elegant and practical, it lends itself to multiple combinations and wearing on an array of occasions. The colour palette includes the brand’s characteristic neutral nuances, combined with a minimalist design, create a series of key pieces for the male ",,,,,new,,,,,,draft
joes-nappa-perfecto,Lamb Napa - Man Perfecto,"DescriptionAn enduring selection that makes a style statement: both elegant and practical, it lends itself to multiple combinations and wearing on an array of occasions. The colour palette includes the brand’s characteristic neutral nuances, combined with a minimalist design, create a series of key pieces for the male wardrobe. The leather biker jacket is reinvented to reflect the latest trends, acquiring all the charm of JLG. This garment is made from high-quality, semi-aniline, lambskin nappa leather. It has a matching lining and features the classic off-centre fastening typical of biker jackets.Details-Made from Egyptian Napa Leather-Classic Neckline-One YKK Zipper chest pocket-YKK Snaps With Joe's Logo-YKK Zipped cuffs-2YKK Zipper Pockets on the waist-One small watch Pocket on the side-One Solid Brass Belt (Optional)-Long Sleeves-Two Inner Pockets-Fully Lined",Joe's Venture,,Coats & Jackets,,FALSE,Option 1,52,Option 2,Black,Option 3,English wool,NAPE026,,,,deny,manual,12000.00,,TRUE,TRUE,,,,,FALSE,Lamb Napa - Man Perfecto,"DescriptionAn enduring selection that makes a style statement: both elegant and practical, it lends itself to multiple combinations and wearing on an array of occasions. The colour palette includes the brand’s characteristic neutral nuances, combined with a minimalist design, create a series of key pieces for the male ",,,,,new,,,,,,draft
joes-nappa-perfecto,Lamb Napa - Man Perfecto,"DescriptionAn enduring selection that makes a style statement: both elegant and practical, it lends itself to multiple combinations and wearing on an array of occasions. The colour palette includes the brand’s characteristic neutral nuances, combined with a minimalist design, create a series of key pieces for the male wardrobe. The leather biker jacket is reinvented to reflect the latest trends, acquiring all the charm of JLG. This garment is made from high-quality, semi-aniline, lambskin nappa leather. It has a matching lining and features the classic off-centre fastening typical of biker jackets.Details-Made from Egyptian Napa Leather-Classic Neckline-One YKK Zipper chest pocket-YKK Snaps With Joe's Logo-YKK Zipped cuffs-2YKK Zipper Pockets on the waist-One small watch Pocket on the side-One Solid Brass Belt (Optional)-Long Sleeves-Two Inner Pockets-Fully Lined",Joe's Venture,,Coats & Jackets,,FALSE,Option 1,52,Option 2,DistressedBrown,Option 3,silk,XNAPE5,,,,deny,manual,9500.00,,TRUE,TRUE,,,,,FALSE,Lamb Napa - Man Perfecto,"DescriptionAn enduring selection that makes a style statement: both elegant and practical, it lends itself to multiple combinations and wearing on an array of occasions. The colour palette includes the brand’s characteristic neutral nuances, combined with a minimalist design, create a series of key pieces for the male ",,,,,new,,,,,,draft
joes-nappa-perfecto,Lamb Napa - Man Perfecto,"DescriptionAn enduring selection that makes a style statement: both elegant and practical, it lends itself to multiple combinations and wearing on an array of occasions. The colour palette includes the brand’s characteristic neutral nuances, combined with a minimalist design, create a series of key pieces for the male wardrobe. The leather biker jacket is reinvented to reflect the latest trends, acquiring all the charm of JLG. This garment is made from high-quality, semi-aniline, lambskin nappa leather. It has a matching lining and features the classic off-centre fastening typical of biker jackets.Details-Made from Egyptian Napa Leather-Classic Neckline-One YKK Zipper chest pocket-YKK Snaps With Joe's Logo-YKK Zipped cuffs-2YKK Zipper Pockets on the waist-One small watch Pocket on the side-One Solid Brass Belt (Optional)-Long Sleeves-Two Inner Pockets-Fully Lined",Joe's Venture,,Coats & Jackets,,FALSE,Option 1,52,Option 2,DistressedBrown,Option 3,English wool,XNAPE6,,,,deny,manual,12000.00,,TRUE,TRUE,,,,,FALSE,Lamb Napa - Man Perfecto,"DescriptionAn enduring selection that makes a style statement: both elegant and practical, it lends itself to multiple combinations and wearing on an array of occasions. The colour palette includes the brand’s characteristic neutral nuances, combined with a minimalist design, create a series of key pieces for the male ",,,,,new,,,,,,draft
joes-nappa-perfecto,Lamb Napa - Man Perfecto,"DescriptionAn enduring selection that makes a style statement: both elegant and practical, it lends itself to multiple combinations and wearing on an array of occasions. The colour palette includes the brand’s characteristic neutral nuances, combined with a minimalist design, create a series of key pieces for the male wardrobe. The leather biker jacket is reinvented to reflect the latest trends, acquiring all the charm of JLG. This garment is made from high-quality, semi-aniline, lambskin nappa leather. It has a matching lining and features the classic off-centre fastening typical of biker jackets.Details-Made from Egyptian Napa Leather-Classic Neckline-One YKK Zipper chest pocket-YKK Snaps With Joe's Logo-YKK Zipped cuffs-2YKK Zipper Pockets on the waist-One small watch Pocket on the side-One Solid Brass Belt (Optional)-Long Sleeves-Two Inner Pockets-Fully Lined",Joe's Venture,,Coats & Jackets,,FALSE,Option 1,54,Option 2,Black,Option 3,silk,NAPE037,,,,deny,manual,9500.00,,TRUE,TRUE,,,,,FALSE,Lamb Napa - Man Perfecto,"DescriptionAn enduring selection that makes a style statement: both elegant and practical, it lends itself to multiple combinations and wearing on an array of occasions. The colour palette includes the brand’s characteristic neutral nuances, combined with a minimalist design, create a series of key pieces for the male ",,,,,new,,,,,,draft
joes-nappa-perfecto,Lamb Napa - Man Perfecto,"DescriptionAn enduring selection that makes a style statement: both elegant and practical, it lends itself to multiple combinations and wearing on an array of occasions. The colour palette includes the brand’s characteristic neutral nuances, combined with a minimalist design, create a series of key pieces for the male wardrobe. The leather biker jacket is reinvented to reflect the latest trends, acquiring all the charm of JLG. This garment is made from high-quality, semi-aniline, lambskin nappa leather. It has a matching lining and features the classic off-centre fastening typical of biker jackets.Details-Made from Egyptian Napa Leather-Classic Neckline-One YKK Zipper chest pocket-YKK Snaps With Joe's Logo-YKK Zipped cuffs-2YKK Zipper Pockets on the waist-One small watch Pocket on the side-One Solid Brass Belt (Optional)-Long Sleeves-Two Inner Pockets-Fully Lined",Joe's Venture,,Coats & Jackets,,FALSE,Option 1,54,Option 2,Black,Option 3,English wool,NAPE038,,,,deny,manual,12000.00,,TRUE,TRUE,,,,,FALSE,Lamb Napa - Man Perfecto,"DescriptionAn enduring selection that makes a style statement: both elegant and practical, it lends itself to multiple combinations and wearing on an array of occasions. The colour palette includes the brand’s characteristic neutral nuances, combined with a minimalist design, create a series of key pieces for the male ",,,,,new,,,,,,draft
joes-nappa-perfecto,Lamb Napa - Man Perfecto,"DescriptionAn enduring selection that makes a style statement: both elegant and practical, it lends itself to multiple combinations and wearing on an array of occasions. The colour palette includes the brand’s characteristic neutral nuances, combined with a minimalist design, create a series of key pieces for the male wardrobe. The leather biker jacket is reinvented to reflect the latest trends, acquiring all the charm of JLG. This garment is made from high-quality, semi-aniline, lambskin nappa leather. It has a matching lining and features the classic off-centre fastening typical of biker jackets.Details-Made from Egyptian Napa Leather-Classic Neckline-One YKK Zipper chest pocket-YKK Snaps With Joe's Logo-YKK Zipped cuffs-2YKK Zipper Pockets on the waist-One small watch Pocket on the side-One Solid Brass Belt (Optional)-Long Sleeves-Two Inner Pockets-Fully Lined",Joe's Venture,,Coats & Jackets,,FALSE,Option 1,54,Option 2,DistressedBrown,Option 3,silk,XNAPE7,,,,deny,manual,9500.00,,TRUE,TRUE,,,,,FALSE,Lamb Napa - Man Perfecto,"DescriptionAn enduring selection that makes a style statement: both elegant and practical, it lends itself to multiple combinations and wearing on an array of occasions. The colour palette includes the brand’s characteristic neutral nuances, combined with a minimalist design, create a series of key pieces for the male ",,,,,new,,,,,,draft
joes-nappa-perfecto,Lamb Napa - Man Perfecto,"DescriptionAn enduring selection that makes a style statement: both elegant and practical, it lends itself to multiple combinations and wearing on an array of occasions. The colour palette includes the brand’s characteristic neutral nuances, combined with a minimalist design, create a series of key pieces for the male wardrobe. The leather biker jacket is reinvented to reflect the latest trends, acquiring all the charm of JLG. This garment is made from high-quality, semi-aniline, lambskin nappa leather. It has a matching lining and features the classic off-centre fastening typical of biker jackets.Details-Made from Egyptian Napa Leather-Classic Neckline-One YKK Zipper chest pocket-YKK Snaps With Joe's Logo-YKK Zipped cuffs-2YKK Zipper Pockets on the waist-One small watch Pocket on the side-One Solid Brass Belt (Optional)-Long Sleeves-Two Inner Pockets-Fully Lined",Joe's Venture,,Coats & Jackets,,FALSE,Option 1,54,Option 2,DistressedBrown,Option 3,English wool,XNAPE8,,,,deny,manual,12000.00,,TRUE,TRUE,,,,,FALSE,Lamb Napa - Man Perfecto,"DescriptionAn enduring selection that makes a style statement: both elegant and practical, it lends itself to multiple combinations and wearing on an array of occasions. The colour palette includes the brand’s characteristic neutral nuances, combined with a minimalist design, create a series of key pieces for the male ",,,,,new,,,,,,draft
joes-nappa-perfecto,Lamb Napa - Man Perfecto,"DescriptionAn enduring selection that makes a style statement: both elegant and practical, it lends itself to multiple combinations and wearing on an array of occasions. The colour palette includes the brand’s characteristic neutral nuances, combined with a minimalist design, create a series of key pieces for the male wardrobe. The leather biker jacket is reinvented to reflect the latest trends, acquiring all the charm of JLG. This garment is made from high-quality, semi-aniline, lambskin nappa leather. It has a matching lining and features the classic off-centre fastening typical of biker jackets.Details-Made from Egyptian Napa Leather-Classic Neckline-One YKK Zipper chest pocket-YKK Snaps With Joe's Logo-YKK Zipped cuffs-2YKK Zipper Pockets on the waist-One small watch Pocket on the side-One Solid Brass Belt (Optional)-Long Sleeves-Two Inner Pockets-Fully Lined",Joe's Venture,,Coats & Jackets,,FALSE,Option 1,56,Option 2,Black,Option 3,silk,NAPE048,,,,deny,manual,9500.00,,TRUE,TRUE,,,,,FALSE,Lamb Napa - Man Perfecto,"DescriptionAn enduring selection that makes a style statement: both elegant and practical, it lends itself to multiple combinations and wearing on an array of occasions. The colour palette includes the brand’s characteristic neutral nuances, combined with a minimalist design, create a series of key pieces for the male ",,,,,new,,,,,,draft
joes-nappa-perfecto,Lamb Napa - Man Perfecto,"DescriptionAn enduring selection that makes a style statement: both elegant and practical, it lends itself to multiple combinations and wearing on an array of occasions. The colour palette includes the brand’s characteristic neutral nuances, combined with a minimalist design, create a series of key pieces for the male wardrobe. The leather biker jacket is reinvented to reflect the latest trends, acquiring all the charm of JLG. This garment is made from high-quality, semi-aniline, lambskin nappa leather. It has a matching lining and features the classic off-centre fastening typical of biker jackets.Details-Made from Egyptian Napa Leather-Classic Neckline-One YKK Zipper chest pocket-YKK Snaps With Joe's Logo-YKK Zipped cuffs-2YKK Zipper Pockets on the waist-One small watch Pocket on the side-One Solid Brass Belt (Optional)-Long Sleeves-Two Inner Pockets-Fully Lined",Joe's Venture,,Coats & Jackets,,FALSE,Option 1,56,Option 2,Black,Option 3,English wool,NAPE049,,,,deny,manual,12000.00,,TRUE,TRUE,,,,,FALSE,Lamb Napa - Man Perfecto,"DescriptionAn enduring selection that makes a style statement: both elegant and practical, it lends itself to multiple combinations and wearing on an array of occasions. The colour palette includes the brand’s characteristic neutral nuances, combined with a minimalist design, create a series of key pieces for the male ",,,,,new,,,,,,draft
joes-nappa-perfecto,Lamb Napa - Man Perfecto,"DescriptionAn enduring selection that makes a style statement: both elegant and practical, it lends itself to multiple combinations and wearing on an array of occasions. The colour palette includes the brand’s characteristic neutral nuances, combined with a minimalist design, create a series of key pieces for the male wardrobe. The leather biker jacket is reinvented to reflect the latest trends, acquiring all the charm of JLG. This garment is made from high-quality, semi-aniline, lambskin nappa leather. It has a matching lining and features the classic off-centre fastening typical of biker jackets.Details-Made from Egyptian Napa Leather-Classic Neckline-One YKK Zipper chest pocket-YKK Snaps With Joe's Logo-YKK Zipped cuffs-2YKK Zipper Pockets on the waist-One small watch Pocket on the side-One Solid Brass Belt (Optional)-Long Sleeves-Two Inner Pockets-Fully Lined",Joe's Venture,,Coats & Jackets,,FALSE,Option 1,56,Option 2,DistressedBrown,Option 3,silk,XNAPE10,,,,deny,manual,9500.00,,TRUE,TRUE,,,,,FALSE,Lamb Napa - Man Perfecto,"DescriptionAn enduring selection that makes a style statement: both elegant and practical, it lends itself to multiple combinations and wearing on an array of occasions. The colour palette includes the brand’s characteristic neutral nuances, combined with a minimalist design, create a series of key pieces for the male ",,,,,new,,,,,,draft
joes-nappa-perfecto,Lamb Napa - Man Perfecto,"DescriptionAn enduring selection that makes a style statement: both elegant and practical, it lends itself to multiple combinations and wearing on an array of occasions. The colour palette includes the brand’s characteristic neutral nuances, combined with a minimalist design, create a series of key pieces for the male wardrobe. The leather biker jacket is reinvented to reflect the latest trends, acquiring all the charm of JLG. This garment is made from high-quality, semi-aniline, lambskin nappa leather. It has a matching lining and features the classic off-centre fastening typical of biker jackets.Details-Made from Egyptian Napa Leather-Classic Neckline-One YKK Zipper chest pocket-YKK Snaps With Joe's Logo-YKK Zipped cuffs-2YKK Zipper Pockets on the waist-One small watch Pocket on the side-One Solid Brass Belt (Optional)-Long Sleeves-Two Inner Pockets-Fully Lined",Joe's Venture,,Coats & Jackets,,FALSE,Option 1,56,Option 2,DistressedBrown,Option 3,English wool,XNAPE11,,,,deny,manual,12000.00,,TRUE,TRUE,,,,,FALSE,Lamb Napa - Man Perfecto,"DescriptionAn enduring selection that makes a style statement: both elegant and practical, it lends itself to multiple combinations and wearing on an array of occasions. The colour palette includes the brand’s characteristic neutral nuances, combined with a minimalist design, create a series of key pieces for the male ",,,,,new,,,,,,draft
joes-nappa-perfecto,Lamb Napa - Man Perfecto,"DescriptionAn enduring selection that makes a style statement: both elegant and practical, it lends itself to multiple combinations and wearing on an array of occasions. The colour palette includes the brand’s characteristic neutral nuances, combined with a minimalist design, create a series of key pieces for the male wardrobe. The leather biker jacket is reinvented to reflect the latest trends, acquiring all the charm of JLG. This garment is made from high-quality, semi-aniline, lambskin nappa leather. It has a matching lining and features the classic off-centre fastening typical of biker jackets.Details-Made from Egyptian Napa Leather-Classic Neckline-One YKK Zipper chest pocket-YKK Snaps With Joe's Logo-YKK Zipped cuffs-2YKK Zipper Pockets on the waist-One small watch Pocket on the side-One Solid Brass Belt (Optional)-Long Sleeves-Two Inner Pockets-Fully Lined",Joe's Venture,,Coats & Jackets,,FALSE,Option 1,Request Appointment,Option 2,Black,Option 3,silk,NAPE060,,,,deny,manual,9500.00,,TRUE,TRUE,,,,,FALSE,Lamb Napa - Man Perfecto,"DescriptionAn enduring selection that makes a style statement: both elegant and practical, it lends itself to multiple combinations and wearing on an array of occasions. The colour palette includes the brand’s characteristic neutral nuances, combined with a minimalist design, create a series of key pieces for the male ",,,,,new,,,,,,draft
joes-nappa-perfecto,Lamb Napa - Man Perfecto,"DescriptionAn enduring selection that makes a style statement: both elegant and practical, it lends itself to multiple combinations and wearing on an array of occasions. The colour palette includes the brand’s characteristic neutral nuances, combined with a minimalist design, create a series of key pieces for the male wardrobe. The leather biker jacket is reinvented to reflect the latest trends, acquiring all the charm of JLG. This garment is made from high-quality, semi-aniline, lambskin nappa leather. It has a matching lining and features the classic off-centre fastening typical of biker jackets.Details-Made from Egyptian Napa Leather-Classic Neckline-One YKK Zipper chest pocket-YKK Snaps With Joe's Logo-YKK Zipped cuffs-2YKK Zipper Pockets on the waist-One small watch Pocket on the side-One Solid Brass Belt (Optional)-Long Sleeves-Two Inner Pockets-Fully Lined",Joe's Venture,,Coats & Jackets,,FALSE,Option 1,Request Appointment,Option 2,Black,Option 3,English wool,NAPE061,,,,deny,manual,12000.00,,TRUE,TRUE,,,,,FALSE,Lamb Napa - Man Perfecto,"DescriptionAn enduring selection that makes a style statement: both elegant and practical, it lends itself to multiple combinations and wearing on an array of occasions. The colour palette includes the brand’s characteristic neutral nuances, combined with a minimalist design, create a series of key pieces for the male ",,,,,new,,,,,,draft
joes-nappa-perfecto,Lamb Napa - Man Perfecto,"DescriptionAn enduring selection that makes a style statement: both elegant and practical, it lends itself to multiple combinations and wearing on an array of occasions. The colour palette includes the brand’s characteristic neutral nuances, combined with a minimalist design, create a series of key pieces for the male wardrobe. The leather biker jacket is reinvented to reflect the latest trends, acquiring all the charm of JLG. This garment is made from high-quality, semi-aniline, lambskin nappa leather. It has a matching lining and features the classic off-centre fastening typical of biker jackets.Details-Made from Egyptian Napa Leather-Classic Neckline-One YKK Zipper chest pocket-YKK Snaps With Joe's Logo-YKK Zipped cuffs-2YKK Zipper Pockets on the waist-One small watch Pocket on the side-One Solid Brass Belt (Optional)-Long Sleeves-Two Inner Pockets-Fully Lined",Joe's Venture,,Coats & Jackets,,FALSE,Option 1,Request Appointment,Option 2,DistressedBrown,Option 3,silk,XNAPE12,,,,deny,manual,9500.00,,TRUE,TRUE,,,,,FALSE,Lamb Napa - Man Perfecto,"DescriptionAn enduring selection that makes a style statement: both elegant and practical, it lends itself to multiple combinations and wearing on an array of occasions. The colour palette includes the brand’s characteristic neutral nuances, combined with a minimalist design, create a series of key pieces for the male ",,,,,new,,,,,,draft
joes-nappa-perfecto,Lamb Napa - Man Perfecto,"DescriptionAn enduring selection that makes a style statement: both elegant and practical, it lends itself to multiple combinations and wearing on an array of occasions. The colour palette includes the brand’s characteristic neutral nuances, combined with a minimalist design, create a series of key pieces for the male wardrobe. The leather biker jacket is reinvented to reflect the latest trends, acquiring all the charm of JLG. This garment is made from high-quality, semi-aniline, lambskin nappa leather. It has a matching lining and features the classic off-centre fastening typical of biker jackets.Details-Made from Egyptian Napa Leather-Classic Neckline-One YKK Zipper chest pocket-YKK Snaps With Joe's Logo-YKK Zipped cuffs-2YKK Zipper Pockets on the waist-One small watch Pocket on the side-One Solid Brass Belt (Optional)-Long Sleeves-Two Inner Pockets-Fully Lined",Joe's Venture,,Coats & Jackets,,FALSE,Option 1,Request Appointment,Option 2,DistressedBrown,Option 3,English wool,XNAPE13,,,,deny,manual,12000.00,,TRUE,TRUE,,,,,FALSE,Lamb Napa - Man Perfecto,"DescriptionAn enduring selection that makes a style statement: both elegant and practical, it lends itself to multiple combinations and wearing on an array of occasions. The colour palette includes the brand’s characteristic neutral nuances, combined with a minimalist design, create a series of key pieces for the male ",,,,,new,,,,,,draft
key-pouch,Key Pouch,,Joe's Venture,,,,FALSE,Option 1,Ghost Black,,,,,,0,shopify,,deny,manual,0.00,,TRUE,TRUE,,,,,FALSE,Key Pouch,,,,,,new,,,,,,draft
key-pouch,Key Pouch,,Joe's Venture,,,,FALSE,Option 1,Buck Brown,,,,,,0,shopify,,deny,manual,0.00,,TRUE,TRUE,,,,,FALSE,Key Pouch,,,,,,new,,,,,,draft
key-pouch,Key Pouch,,Joe's Venture,,,,FALSE,Option 1,Limited edition,,,,,,0,shopify,,deny,manual,0.00,,TRUE,TRUE,,,,,FALSE,Key Pouch,,,,,,new,,,,,,draft
kraft-folder-insert,Kraft folder insert,,Joe's Venture,,,,FALSE,Title,Default Title,,,,,STN KFI R,0,shopify,,deny,manual,70.00,,TRUE,TRUE,,,,,FALSE,Kraft folder insert,,,,,,new,,,,,,draft
la-pochetter,La Pochette,"JLG la Pochette is made from full-grain cow leather, ideal for carrying small items like your passport, cash, or your favorite cosmetics.",Joe's Venture,,,,FALSE,Option 1,BuckBrown,,,,,LP1,0,shopify,,deny,manual,47.00,,TRUE,TRUE,,https://16.192.29.174.nip.io/assets/recovery/joes-venture/images/la-pochetter-01-868bbabd68.jpg,1,La Pochette,FALSE,La Pochette,"JLG la Pochette is made from full-grain cow leather, ideal for carrying small items like your passport, cash, or your favorite cosmetics.",,,,,new,,,,,,draft
la-pochetter,La Pochette,"JLG la Pochette is made from full-grain cow leather, ideal for carrying small items like your passport, cash, or your favorite cosmetics.",Joe's Venture,,,,FALSE,Option 1,CoffeeBrown,,,,,LP2,0,shopify,,deny,manual,47.00,,TRUE,TRUE,,,,,FALSE,La Pochette,"JLG la Pochette is made from full-grain cow leather, ideal for carrying small items like your passport, cash, or your favorite cosmetics.",,,,,new,,,,,,draft
la-pochetter,La Pochette,"JLG la Pochette is made from full-grain cow leather, ideal for carrying small items like your passport, cash, or your favorite cosmetics.",Joe's Venture,,,,FALSE,Option 1,GhostBlack,,,,,LP3,0,shopify,,deny,manual,47.00,,TRUE,TRUE,,,,,FALSE,La Pochette,"JLG la Pochette is made from full-grain cow leather, ideal for carrying small items like your passport, cash, or your favorite cosmetics.",,,,,new,,,,,,draft
la-pochetter,,,,,,,,,,,,,,,,,,,,,,,,,https://16.192.29.174.nip.io/assets/recovery/joes-venture/images/la-pochetter-02-47a560ec6b.jpg,2,La Pochette,,,,,,,,,,,,,,
la-pochetter,,,,,,,,,,,,,,,,,,,,,,,,,https://16.192.29.174.nip.io/assets/recovery/joes-venture/images/la-pochetter-03-1a4fc58945.jpg,3,La Pochette,,,,,,,,,,,,,,
la-pochetter,,,,,,,,,,,,,,,,,,,,,,,,,https://16.192.29.174.nip.io/assets/recovery/joes-venture/images/la-pochetter-04-923acc5b71.jpg,4,La Pochette,,,,,,,,,,,,,,
lamb-napa-aviator-jacket,Lamb Napa - Aviator Jacket,Description5 Pocket Jacket is made from real Napa lamb skin. The special feature of the grab is the addition of five pockets on front. Soft silk inner lining gives you comfortable feeling. Mens Leather Aviator Jacket has button opening at front. one zipper pocket is given on chest whereas two flap button pockets are at side waist. Stand up collar is the unique style which suits on you. Rib-knit cuffs and waist form slimmer look. Both shoulders have epaulets.Details-Made from Egyptian Napa Leather-One YKK zipper pocket-Two Double pockets with snapped flaps-YKK hidden Snaps -Two rib-cuffs-Long Sleeves-Two Inner Pockets-Fully Lined,Joe's Venture,,,,FALSE,Option 1,48,Option 2,Black,Option 3,Silk,Aviator2,,,,deny,manual,9000.00,,TRUE,TRUE,,,,,FALSE,Lamb Napa - Aviator Jacket,Description5 Pocket Jacket is made from real Napa lamb skin. The special feature of the grab is the addition of five pockets on front. Soft silk inner lining gives you comfortable feeling. Mens Leather Aviator Jacket has button opening at front. one zipper pocket is given on chest whereas two flap button pockets are at,,,,,new,,,,,,draft
lamb-napa-aviator-jacket,Lamb Napa - Aviator Jacket,Description5 Pocket Jacket is made from real Napa lamb skin. The special feature of the grab is the addition of five pockets on front. Soft silk inner lining gives you comfortable feeling. Mens Leather Aviator Jacket has button opening at front. one zipper pocket is given on chest whereas two flap button pockets are at side waist. Stand up collar is the unique style which suits on you. Rib-knit cuffs and waist form slimmer look. Both shoulders have epaulets.Details-Made from Egyptian Napa Leather-One YKK zipper pocket-Two Double pockets with snapped flaps-YKK hidden Snaps -Two rib-cuffs-Long Sleeves-Two Inner Pockets-Fully Lined,Joe's Venture,,,,FALSE,Option 1,48,Option 2,Black,Option 3,English Wool,EWAviator2,,,,deny,manual,11500.00,,TRUE,TRUE,,,,,FALSE,Lamb Napa - Aviator Jacket,Description5 Pocket Jacket is made from real Napa lamb skin. The special feature of the grab is the addition of five pockets on front. Soft silk inner lining gives you comfortable feeling. Mens Leather Aviator Jacket has button opening at front. one zipper pocket is given on chest whereas two flap button pockets are at,,,,,new,,,,,,draft
lamb-napa-aviator-jacket,Lamb Napa - Aviator Jacket,Description5 Pocket Jacket is made from real Napa lamb skin. The special feature of the grab is the addition of five pockets on front. Soft silk inner lining gives you comfortable feeling. Mens Leather Aviator Jacket has button opening at front. one zipper pocket is given on chest whereas two flap button pockets are at side waist. Stand up collar is the unique style which suits on you. Rib-knit cuffs and waist form slimmer look. Both shoulders have epaulets.Details-Made from Egyptian Napa Leather-One YKK zipper pocket-Two Double pockets with snapped flaps-YKK hidden Snaps -Two rib-cuffs-Long Sleeves-Two Inner Pockets-Fully Lined,Joe's Venture,,,,FALSE,Option 1,48,Option 2,Classic Brown,Option 3,Silk,Aviator1,,,,deny,manual,9000.00,,TRUE,TRUE,,,,,FALSE,Lamb Napa - Aviator Jacket,Description5 Pocket Jacket is made from real Napa lamb skin. The special feature of the grab is the addition of five pockets on front. Soft silk inner lining gives you comfortable feeling. Mens Leather Aviator Jacket has button opening at front. one zipper pocket is given on chest whereas two flap button pockets are at,,,,,new,,,,,,draft
lamb-napa-aviator-jacket,Lamb Napa - Aviator Jacket,Description5 Pocket Jacket is made from real Napa lamb skin. The special feature of the grab is the addition of five pockets on front. Soft silk inner lining gives you comfortable feeling. Mens Leather Aviator Jacket has button opening at front. one zipper pocket is given on chest whereas two flap button pockets are at side waist. Stand up collar is the unique style which suits on you. Rib-knit cuffs and waist form slimmer look. Both shoulders have epaulets.Details-Made from Egyptian Napa Leather-One YKK zipper pocket-Two Double pockets with snapped flaps-YKK hidden Snaps -Two rib-cuffs-Long Sleeves-Two Inner Pockets-Fully Lined,Joe's Venture,,,,FALSE,Option 1,48,Option 2,Classic Brown,Option 3,English Wool,EWAviator1,,,,deny,manual,11500.00,,TRUE,TRUE,,,,,FALSE,Lamb Napa - Aviator Jacket,Description5 Pocket Jacket is made from real Napa lamb skin. The special feature of the grab is the addition of five pockets on front. Soft silk inner lining gives you comfortable feeling. Mens Leather Aviator Jacket has button opening at front. one zipper pocket is given on chest whereas two flap button pockets are at,,,,,new,,,,,,draft
lamb-napa-aviator-jacket,Lamb Napa - Aviator Jacket,Description5 Pocket Jacket is made from real Napa lamb skin. The special feature of the grab is the addition of five pockets on front. Soft silk inner lining gives you comfortable feeling. Mens Leather Aviator Jacket has button opening at front. one zipper pocket is given on chest whereas two flap button pockets are at side waist. Stand up collar is the unique style which suits on you. Rib-knit cuffs and waist form slimmer look. Both shoulders have epaulets.Details-Made from Egyptian Napa Leather-One YKK zipper pocket-Two Double pockets with snapped flaps-YKK hidden Snaps -Two rib-cuffs-Long Sleeves-Two Inner Pockets-Fully Lined,Joe's Venture,,,,FALSE,Option 1,50,Option 2,Black,Option 3,Silk,Aviator4,,,,deny,manual,9000.00,,TRUE,TRUE,,,,,FALSE,Lamb Napa - Aviator Jacket,Description5 Pocket Jacket is made from real Napa lamb skin. The special feature of the grab is the addition of five pockets on front. Soft silk inner lining gives you comfortable feeling. Mens Leather Aviator Jacket has button opening at front. one zipper pocket is given on chest whereas two flap button pockets are at,,,,,new,,,,,,draft
lamb-napa-aviator-jacket,Lamb Napa - Aviator Jacket,Description5 Pocket Jacket is made from real Napa lamb skin. The special feature of the grab is the addition of five pockets on front. Soft silk inner lining gives you comfortable feeling. Mens Leather Aviator Jacket has button opening at front. one zipper pocket is given on chest whereas two flap button pockets are at side waist. Stand up collar is the unique style which suits on you. Rib-knit cuffs and waist form slimmer look. Both shoulders have epaulets.Details-Made from Egyptian Napa Leather-One YKK zipper pocket-Two Double pockets with snapped flaps-YKK hidden Snaps -Two rib-cuffs-Long Sleeves-Two Inner Pockets-Fully Lined,Joe's Venture,,,,FALSE,Option 1,50,Option 2,Black,Option 3,English Wool,EWAviator4,,,,deny,manual,11500.00,,TRUE,TRUE,,,,,FALSE,Lamb Napa - Aviator Jacket,Description5 Pocket Jacket is made from real Napa lamb skin. The special feature of the grab is the addition of five pockets on front. Soft silk inner lining gives you comfortable feeling. Mens Leather Aviator Jacket has button opening at front. one zipper pocket is given on chest whereas two flap button pockets are at,,,,,new,,,,,,draft
lamb-napa-aviator-jacket,Lamb Napa - Aviator Jacket,Description5 Pocket Jacket is made from real Napa lamb skin. The special feature of the grab is the addition of five pockets on front. Soft silk inner lining gives you comfortable feeling. Mens Leather Aviator Jacket has button opening at front. one zipper pocket is given on chest whereas two flap button pockets are at side waist. Stand up collar is the unique style which suits on you. Rib-knit cuffs and waist form slimmer look. Both shoulders have epaulets.Details-Made from Egyptian Napa Leather-One YKK zipper pocket-Two Double pockets with snapped flaps-YKK hidden Snaps -Two rib-cuffs-Long Sleeves-Two Inner Pockets-Fully Lined,Joe's Venture,,,,FALSE,Option 1,50,Option 2,Classic Brown,Option 3,Silk,Aviator3,,,,deny,manual,9000.00,,TRUE,TRUE,,,,,FALSE,Lamb Napa - Aviator Jacket,Description5 Pocket Jacket is made from real Napa lamb skin. The special feature of the grab is the addition of five pockets on front. Soft silk inner lining gives you comfortable feeling. Mens Leather Aviator Jacket has button opening at front. one zipper pocket is given on chest whereas two flap button pockets are at,,,,,new,,,,,,draft
lamb-napa-aviator-jacket,Lamb Napa - Aviator Jacket,Description5 Pocket Jacket is made from real Napa lamb skin. The special feature of the grab is the addition of five pockets on front. Soft silk inner lining gives you comfortable feeling. Mens Leather Aviator Jacket has button opening at front. one zipper pocket is given on chest whereas two flap button pockets are at side waist. Stand up collar is the unique style which suits on you. Rib-knit cuffs and waist form slimmer look. Both shoulders have epaulets.Details-Made from Egyptian Napa Leather-One YKK zipper pocket-Two Double pockets with snapped flaps-YKK hidden Snaps -Two rib-cuffs-Long Sleeves-Two Inner Pockets-Fully Lined,Joe's Venture,,,,FALSE,Option 1,50,Option 2,Classic Brown,Option 3,English Wool,EWAviator3,,,,deny,manual,11500.00,,TRUE,TRUE,,,,,FALSE,Lamb Napa - Aviator Jacket,Description5 Pocket Jacket is made from real Napa lamb skin. The special feature of the grab is the addition of five pockets on front. Soft silk inner lining gives you comfortable feeling. Mens Leather Aviator Jacket has button opening at front. one zipper pocket is given on chest whereas two flap button pockets are at,,,,,new,,,,,,draft
lamb-napa-aviator-jacket,Lamb Napa - Aviator Jacket,Description5 Pocket Jacket is made from real Napa lamb skin. The special feature of the grab is the addition of five pockets on front. Soft silk inner lining gives you comfortable feeling. Mens Leather Aviator Jacket has button opening at front. one zipper pocket is given on chest whereas two flap button pockets are at side waist. Stand up collar is the unique style which suits on you. Rib-knit cuffs and waist form slimmer look. Both shoulders have epaulets.Details-Made from Egyptian Napa Leather-One YKK zipper pocket-Two Double pockets with snapped flaps-YKK hidden Snaps -Two rib-cuffs-Long Sleeves-Two Inner Pockets-Fully Lined,Joe's Venture,,,,FALSE,Option 1,52,Option 2,Black,Option 3,Silk,Aviator6,,,,deny,manual,9000.00,,TRUE,TRUE,,,,,FALSE,Lamb Napa - Aviator Jacket,Description5 Pocket Jacket is made from real Napa lamb skin. The special feature of the grab is the addition of five pockets on front. Soft silk inner lining gives you comfortable feeling. Mens Leather Aviator Jacket has button opening at front. one zipper pocket is given on chest whereas two flap button pockets are at,,,,,new,,,,,,draft
lamb-napa-aviator-jacket,Lamb Napa - Aviator Jacket,Description5 Pocket Jacket is made from real Napa lamb skin. The special feature of the grab is the addition of five pockets on front. Soft silk inner lining gives you comfortable feeling. Mens Leather Aviator Jacket has button opening at front. one zipper pocket is given on chest whereas two flap button pockets are at side waist. Stand up collar is the unique style which suits on you. Rib-knit cuffs and waist form slimmer look. Both shoulders have epaulets.Details-Made from Egyptian Napa Leather-One YKK zipper pocket-Two Double pockets with snapped flaps-YKK hidden Snaps -Two rib-cuffs-Long Sleeves-Two Inner Pockets-Fully Lined,Joe's Venture,,,,FALSE,Option 1,52,Option 2,Black,Option 3,English Wool,EWAviator6,,,,deny,manual,11500.00,,TRUE,TRUE,,,,,FALSE,Lamb Napa - Aviator Jacket,Description5 Pocket Jacket is made from real Napa lamb skin. The special feature of the grab is the addition of five pockets on front. Soft silk inner lining gives you comfortable feeling. Mens Leather Aviator Jacket has button opening at front. one zipper pocket is given on chest whereas two flap button pockets are at,,,,,new,,,,,,draft
lamb-napa-aviator-jacket,Lamb Napa - Aviator Jacket,Description5 Pocket Jacket is made from real Napa lamb skin. The special feature of the grab is the addition of five pockets on front. Soft silk inner lining gives you comfortable feeling. Mens Leather Aviator Jacket has button opening at front. one zipper pocket is given on chest whereas two flap button pockets are at side waist. Stand up collar is the unique style which suits on you. Rib-knit cuffs and waist form slimmer look. Both shoulders have epaulets.Details-Made from Egyptian Napa Leather-One YKK zipper pocket-Two Double pockets with snapped flaps-YKK hidden Snaps -Two rib-cuffs-Long Sleeves-Two Inner Pockets-Fully Lined,Joe's Venture,,,,FALSE,Option 1,52,Option 2,Classic Brown,Option 3,Silk,Aviator5,,,,deny,manual,9000.00,,TRUE,TRUE,,,,,FALSE,Lamb Napa - Aviator Jacket,Description5 Pocket Jacket is made from real Napa lamb skin. The special feature of the grab is the addition of five pockets on front. Soft silk inner lining gives you comfortable feeling. Mens Leather Aviator Jacket has button opening at front. one zipper pocket is given on chest whereas two flap button pockets are at,,,,,new,,,,,,draft
lamb-napa-aviator-jacket,Lamb Napa - Aviator Jacket,Description5 Pocket Jacket is made from real Napa lamb skin. The special feature of the grab is the addition of five pockets on front. Soft silk inner lining gives you comfortable feeling. Mens Leather Aviator Jacket has button opening at front. one zipper pocket is given on chest whereas two flap button pockets are at side waist. Stand up collar is the unique style which suits on you. Rib-knit cuffs and waist form slimmer look. Both shoulders have epaulets.Details-Made from Egyptian Napa Leather-One YKK zipper pocket-Two Double pockets with snapped flaps-YKK hidden Snaps -Two rib-cuffs-Long Sleeves-Two Inner Pockets-Fully Lined,Joe's Venture,,,,FALSE,Option 1,52,Option 2,Classic Brown,Option 3,English Wool,EWAviator5,,,,deny,manual,11500.00,,TRUE,TRUE,,,,,FALSE,Lamb Napa - Aviator Jacket,Description5 Pocket Jacket is made from real Napa lamb skin. The special feature of the grab is the addition of five pockets on front. Soft silk inner lining gives you comfortable feeling. Mens Leather Aviator Jacket has button opening at front. one zipper pocket is given on chest whereas two flap button pockets are at,,,,,new,,,,,,draft
lamb-napa-aviator-jacket,Lamb Napa - Aviator Jacket,Description5 Pocket Jacket is made from real Napa lamb skin. The special feature of the grab is the addition of five pockets on front. Soft silk inner lining gives you comfortable feeling. Mens Leather Aviator Jacket has button opening at front. one zipper pocket is given on chest whereas two flap button pockets are at side waist. Stand up collar is the unique style which suits on you. Rib-knit cuffs and waist form slimmer look. Both shoulders have epaulets.Details-Made from Egyptian Napa Leather-One YKK zipper pocket-Two Double pockets with snapped flaps-YKK hidden Snaps -Two rib-cuffs-Long Sleeves-Two Inner Pockets-Fully Lined,Joe's Venture,,,,FALSE,Option 1,54,Option 2,Black,Option 3,Silk,Aviator8,,,,deny,manual,9000.00,,TRUE,TRUE,,,,,FALSE,Lamb Napa - Aviator Jacket,Description5 Pocket Jacket is made from real Napa lamb skin. The special feature of the grab is the addition of five pockets on front. Soft silk inner lining gives you comfortable feeling. Mens Leather Aviator Jacket has button opening at front. one zipper pocket is given on chest whereas two flap button pockets are at,,,,,new,,,,,,draft
lamb-napa-aviator-jacket,Lamb Napa - Aviator Jacket,Description5 Pocket Jacket is made from real Napa lamb skin. The special feature of the grab is the addition of five pockets on front. Soft silk inner lining gives you comfortable feeling. Mens Leather Aviator Jacket has button opening at front. one zipper pocket is given on chest whereas two flap button pockets are at side waist. Stand up collar is the unique style which suits on you. Rib-knit cuffs and waist form slimmer look. Both shoulders have epaulets.Details-Made from Egyptian Napa Leather-One YKK zipper pocket-Two Double pockets with snapped flaps-YKK hidden Snaps -Two rib-cuffs-Long Sleeves-Two Inner Pockets-Fully Lined,Joe's Venture,,,,FALSE,Option 1,54,Option 2,Black,Option 3,English Wool,EWAviator8,,,,deny,manual,11500.00,,TRUE,TRUE,,,,,FALSE,Lamb Napa - Aviator Jacket,Description5 Pocket Jacket is made from real Napa lamb skin. The special feature of the grab is the addition of five pockets on front. Soft silk inner lining gives you comfortable feeling. Mens Leather Aviator Jacket has button opening at front. one zipper pocket is given on chest whereas two flap button pockets are at,,,,,new,,,,,,draft
lamb-napa-aviator-jacket,Lamb Napa - Aviator Jacket,Description5 Pocket Jacket is made from real Napa lamb skin. The special feature of the grab is the addition of five pockets on front. Soft silk inner lining gives you comfortable feeling. Mens Leather Aviator Jacket has button opening at front. one zipper pocket is given on chest whereas two flap button pockets are at side waist. Stand up collar is the unique style which suits on you. Rib-knit cuffs and waist form slimmer look. Both shoulders have epaulets.Details-Made from Egyptian Napa Leather-One YKK zipper pocket-Two Double pockets with snapped flaps-YKK hidden Snaps -Two rib-cuffs-Long Sleeves-Two Inner Pockets-Fully Lined,Joe's Venture,,,,FALSE,Option 1,54,Option 2,Classic Brown,Option 3,Silk,Aviator7,,,,deny,manual,9000.00,,TRUE,TRUE,,,,,FALSE,Lamb Napa - Aviator Jacket,Description5 Pocket Jacket is made from real Napa lamb skin. The special feature of the grab is the addition of five pockets on front. Soft silk inner lining gives you comfortable feeling. Mens Leather Aviator Jacket has button opening at front. one zipper pocket is given on chest whereas two flap button pockets are at,,,,,new,,,,,,draft
lamb-napa-aviator-jacket,Lamb Napa - Aviator Jacket,Description5 Pocket Jacket is made from real Napa lamb skin. The special feature of the grab is the addition of five pockets on front. Soft silk inner lining gives you comfortable feeling. Mens Leather Aviator Jacket has button opening at front. one zipper pocket is given on chest whereas two flap button pockets are at side waist. Stand up collar is the unique style which suits on you. Rib-knit cuffs and waist form slimmer look. Both shoulders have epaulets.Details-Made from Egyptian Napa Leather-One YKK zipper pocket-Two Double pockets with snapped flaps-YKK hidden Snaps -Two rib-cuffs-Long Sleeves-Two Inner Pockets-Fully Lined,Joe's Venture,,,,FALSE,Option 1,54,Option 2,Classic Brown,Option 3,English Wool,EWAviator7,,,,deny,manual,11500.00,,TRUE,TRUE,,,,,FALSE,Lamb Napa - Aviator Jacket,Description5 Pocket Jacket is made from real Napa lamb skin. The special feature of the grab is the addition of five pockets on front. Soft silk inner lining gives you comfortable feeling. Mens Leather Aviator Jacket has button opening at front. one zipper pocket is given on chest whereas two flap button pockets are at,,,,,new,,,,,,draft
lamb-napa-aviator-jacket,Lamb Napa - Aviator Jacket,Description5 Pocket Jacket is made from real Napa lamb skin. The special feature of the grab is the addition of five pockets on front. Soft silk inner lining gives you comfortable feeling. Mens Leather Aviator Jacket has button opening at front. one zipper pocket is given on chest whereas two flap button pockets are at side waist. Stand up collar is the unique style which suits on you. Rib-knit cuffs and waist form slimmer look. Both shoulders have epaulets.Details-Made from Egyptian Napa Leather-One YKK zipper pocket-Two Double pockets with snapped flaps-YKK hidden Snaps -Two rib-cuffs-Long Sleeves-Two Inner Pockets-Fully Lined,Joe's Venture,,,,FALSE,Option 1,56,Option 2,Black,Option 3,Silk,Aviator10,,,,deny,manual,9000.00,,TRUE,TRUE,,,,,FALSE,Lamb Napa - Aviator Jacket,Description5 Pocket Jacket is made from real Napa lamb skin. The special feature of the grab is the addition of five pockets on front. Soft silk inner lining gives you comfortable feeling. Mens Leather Aviator Jacket has button opening at front. one zipper pocket is given on chest whereas two flap button pockets are at,,,,,new,,,,,,draft
lamb-napa-aviator-jacket,Lamb Napa - Aviator Jacket,Description5 Pocket Jacket is made from real Napa lamb skin. The special feature of the grab is the addition of five pockets on front. Soft silk inner lining gives you comfortable feeling. Mens Leather Aviator Jacket has button opening at front. one zipper pocket is given on chest whereas two flap button pockets are at side waist. Stand up collar is the unique style which suits on you. Rib-knit cuffs and waist form slimmer look. Both shoulders have epaulets.Details-Made from Egyptian Napa Leather-One YKK zipper pocket-Two Double pockets with snapped flaps-YKK hidden Snaps -Two rib-cuffs-Long Sleeves-Two Inner Pockets-Fully Lined,Joe's Venture,,,,FALSE,Option 1,56,Option 2,Black,Option 3,English Wool,EWAviator10,,,,deny,manual,11500.00,,TRUE,TRUE,,,,,FALSE,Lamb Napa - Aviator Jacket,Description5 Pocket Jacket is made from real Napa lamb skin. The special feature of the grab is the addition of five pockets on front. Soft silk inner lining gives you comfortable feeling. Mens Leather Aviator Jacket has button opening at front. one zipper pocket is given on chest whereas two flap button pockets are at,,,,,new,,,,,,draft
lamb-napa-aviator-jacket,Lamb Napa - Aviator Jacket,Description5 Pocket Jacket is made from real Napa lamb skin. The special feature of the grab is the addition of five pockets on front. Soft silk inner lining gives you comfortable feeling. Mens Leather Aviator Jacket has button opening at front. one zipper pocket is given on chest whereas two flap button pockets are at side waist. Stand up collar is the unique style which suits on you. Rib-knit cuffs and waist form slimmer look. Both shoulders have epaulets.Details-Made from Egyptian Napa Leather-One YKK zipper pocket-Two Double pockets with snapped flaps-YKK hidden Snaps -Two rib-cuffs-Long Sleeves-Two Inner Pockets-Fully Lined,Joe's Venture,,,,FALSE,Option 1,56,Option 2,Classic Brown,Option 3,Silk,Aviator9,,,,deny,manual,9000.00,,TRUE,TRUE,,,,,FALSE,Lamb Napa - Aviator Jacket,Description5 Pocket Jacket is made from real Napa lamb skin. The special feature of the grab is the addition of five pockets on front. Soft silk inner lining gives you comfortable feeling. Mens Leather Aviator Jacket has button opening at front. one zipper pocket is given on chest whereas two flap button pockets are at,,,,,new,,,,,,draft
lamb-napa-aviator-jacket,Lamb Napa - Aviator Jacket,Description5 Pocket Jacket is made from real Napa lamb skin. The special feature of the grab is the addition of five pockets on front. Soft silk inner lining gives you comfortable feeling. Mens Leather Aviator Jacket has button opening at front. one zipper pocket is given on chest whereas two flap button pockets are at side waist. Stand up collar is the unique style which suits on you. Rib-knit cuffs and waist form slimmer look. Both shoulders have epaulets.Details-Made from Egyptian Napa Leather-One YKK zipper pocket-Two Double pockets with snapped flaps-YKK hidden Snaps -Two rib-cuffs-Long Sleeves-Two Inner Pockets-Fully Lined,Joe's Venture,,,,FALSE,Option 1,56,Option 2,Classic Brown,Option 3,English Wool,EWAviator9,,,,deny,manual,11500.00,,TRUE,TRUE,,,,,FALSE,Lamb Napa - Aviator Jacket,Description5 Pocket Jacket is made from real Napa lamb skin. The special feature of the grab is the addition of five pockets on front. Soft silk inner lining gives you comfortable feeling. Mens Leather Aviator Jacket has button opening at front. one zipper pocket is given on chest whereas two flap button pockets are at,,,,,new,,,,,,draft
lamb-napa-aviator-jacket,Lamb Napa - Aviator Jacket,Description5 Pocket Jacket is made from real Napa lamb skin. The special feature of the grab is the addition of five pockets on front. Soft silk inner lining gives you comfortable feeling. Mens Leather Aviator Jacket has button opening at front. one zipper pocket is given on chest whereas two flap button pockets are at side waist. Stand up collar is the unique style which suits on you. Rib-knit cuffs and waist form slimmer look. Both shoulders have epaulets.Details-Made from Egyptian Napa Leather-One YKK zipper pocket-Two Double pockets with snapped flaps-YKK hidden Snaps -Two rib-cuffs-Long Sleeves-Two Inner Pockets-Fully Lined,Joe's Venture,,,,FALSE,Option 1,book appointment,Option 2,Black,Option 3,Silk,Aviator2,,,,deny,manual,9000.00,,TRUE,TRUE,,,,,FALSE,Lamb Napa - Aviator Jacket,Description5 Pocket Jacket is made from real Napa lamb skin. The special feature of the grab is the addition of five pockets on front. Soft silk inner lining gives you comfortable feeling. Mens Leather Aviator Jacket has button opening at front. one zipper pocket is given on chest whereas two flap button pockets are at,,,,,new,,,,,,draft
lamb-napa-aviator-jacket,Lamb Napa - Aviator Jacket,Description5 Pocket Jacket is made from real Napa lamb skin. The special feature of the grab is the addition of five pockets on front. Soft silk inner lining gives you comfortable feeling. Mens Leather Aviator Jacket has button opening at front. one zipper pocket is given on chest whereas two flap button pockets are at side waist. Stand up collar is the unique style which suits on you. Rib-knit cuffs and waist form slimmer look. Both shoulders have epaulets.Details-Made from Egyptian Napa Leather-One YKK zipper pocket-Two Double pockets with snapped flaps-YKK hidden Snaps -Two rib-cuffs-Long Sleeves-Two Inner Pockets-Fully Lined,Joe's Venture,,,,FALSE,Option 1,book appointment,Option 2,Black,Option 3,English Wool,Aviator2,,,,deny,manual,11500.00,,TRUE,TRUE,,,,,FALSE,Lamb Napa - Aviator Jacket,Description5 Pocket Jacket is made from real Napa lamb skin. The special feature of the grab is the addition of five pockets on front. Soft silk inner lining gives you comfortable feeling. Mens Leather Aviator Jacket has button opening at front. one zipper pocket is given on chest whereas two flap button pockets are at,,,,,new,,,,,,draft
lamb-napa-aviator-jacket,Lamb Napa - Aviator Jacket,Description5 Pocket Jacket is made from real Napa lamb skin. The special feature of the grab is the addition of five pockets on front. Soft silk inner lining gives you comfortable feeling. Mens Leather Aviator Jacket has button opening at front. one zipper pocket is given on chest whereas two flap button pockets are at side waist. Stand up collar is the unique style which suits on you. Rib-knit cuffs and waist form slimmer look. Both shoulders have epaulets.Details-Made from Egyptian Napa Leather-One YKK zipper pocket-Two Double pockets with snapped flaps-YKK hidden Snaps -Two rib-cuffs-Long Sleeves-Two Inner Pockets-Fully Lined,Joe's Venture,,,,FALSE,Option 1,book appointment,Option 2,Classic Brown,Option 3,Silk,Aviator2,,,,deny,manual,9000.00,,TRUE,TRUE,,,,,FALSE,Lamb Napa - Aviator Jacket,Description5 Pocket Jacket is made from real Napa lamb skin. The special feature of the grab is the addition of five pockets on front. Soft silk inner lining gives you comfortable feeling. Mens Leather Aviator Jacket has button opening at front. one zipper pocket is given on chest whereas two flap button pockets are at,,,,,new,,,,,,draft
lamb-napa-aviator-jacket,Lamb Napa - Aviator Jacket,Description5 Pocket Jacket is made from real Napa lamb skin. The special feature of the grab is the addition of five pockets on front. Soft silk inner lining gives you comfortable feeling. Mens Leather Aviator Jacket has button opening at front. one zipper pocket is given on chest whereas two flap button pockets are at side waist. Stand up collar is the unique style which suits on you. Rib-knit cuffs and waist form slimmer look. Both shoulders have epaulets.Details-Made from Egyptian Napa Leather-One YKK zipper pocket-Two Double pockets with snapped flaps-YKK hidden Snaps -Two rib-cuffs-Long Sleeves-Two Inner Pockets-Fully Lined,Joe's Venture,,,,FALSE,Option 1,book appointment,Option 2,Classic Brown,Option 3,English Wool,Aviator2,,,,deny,manual,11500.00,,TRUE,TRUE,,,,,FALSE,Lamb Napa - Aviator Jacket,Description5 Pocket Jacket is made from real Napa lamb skin. The special feature of the grab is the addition of five pockets on front. Soft silk inner lining gives you comfortable feeling. Mens Leather Aviator Jacket has button opening at front. one zipper pocket is given on chest whereas two flap button pockets are at,,,,,new,,,,,,draft
lamb-napa-cafe-racer,Lamb Napa Man Cafe Racer,"DescriptionA minimalistic selection that makes a style statement: both elegant and practical, it lends itself to multiple combinations and wearing on an array of occasions. The colour palette includes the brand’s characteristic neutral nuances, combined with a minimalist design, create a series of key pieces for the male wardrobe. The leather biker jacket is reinvented to reflect the latest trends, acquiring all the charm of JLG. This garment is made from high-quality, semi-aniline, lambskin nappa leather. It has a matching lining and features the classic off-centre fastening typical of biker jackets.Details-Made from Egyptian Napa Leather-Classic Neckline-One YKK Zipper chest pocket-YKK Snaps With Joe's Logo-YKK Zipped cuffs-2YKK Zipper Pockets on the waist-Long Sleeves-Two Inner Pockets-Fully Lined",Joe's Venture,,,,FALSE,Option 1,48,Option 2,Black,Option 3,Silk,Caf1,,,,deny,manual,8500.00,,TRUE,TRUE,,,,,FALSE,Lamb Napa Man Cafe Racer,"DescriptionA minimalistic selection that makes a style statement: both elegant and practical, it lends itself to multiple combinations and wearing on an array of occasions. The colour palette includes the brand’s characteristic neutral nuances, combined with a minimalist design, create a series of key pieces for the ma",,,,,new,,,,,,draft
lamb-napa-cafe-racer,Lamb Napa Man Cafe Racer,"DescriptionA minimalistic selection that makes a style statement: both elegant and practical, it lends itself to multiple combinations and wearing on an array of occasions. The colour palette includes the brand’s characteristic neutral nuances, combined with a minimalist design, create a series of key pieces for the male wardrobe. The leather biker jacket is reinvented to reflect the latest trends, acquiring all the charm of JLG. This garment is made from high-quality, semi-aniline, lambskin nappa leather. It has a matching lining and features the classic off-centre fastening typical of biker jackets.Details-Made from Egyptian Napa Leather-Classic Neckline-One YKK Zipper chest pocket-YKK Snaps With Joe's Logo-YKK Zipped cuffs-2YKK Zipper Pockets on the waist-Long Sleeves-Two Inner Pockets-Fully Lined",Joe's Venture,,,,FALSE,Option 1,48,Option 2,Black,Option 3,English Wool,Caf2,,,,deny,manual,11000.00,,TRUE,TRUE,,,,,FALSE,Lamb Napa Man Cafe Racer,"DescriptionA minimalistic selection that makes a style statement: both elegant and practical, it lends itself to multiple combinations and wearing on an array of occasions. The colour palette includes the brand’s characteristic neutral nuances, combined with a minimalist design, create a series of key pieces for the ma",,,,,new,,,,,,draft
lamb-napa-cafe-racer,Lamb Napa Man Cafe Racer,"DescriptionA minimalistic selection that makes a style statement: both elegant and practical, it lends itself to multiple combinations and wearing on an array of occasions. The colour palette includes the brand’s characteristic neutral nuances, combined with a minimalist design, create a series of key pieces for the male wardrobe. The leather biker jacket is reinvented to reflect the latest trends, acquiring all the charm of JLG. This garment is made from high-quality, semi-aniline, lambskin nappa leather. It has a matching lining and features the classic off-centre fastening typical of biker jackets.Details-Made from Egyptian Napa Leather-Classic Neckline-One YKK Zipper chest pocket-YKK Snaps With Joe's Logo-YKK Zipped cuffs-2YKK Zipper Pockets on the waist-Long Sleeves-Two Inner Pockets-Fully Lined",Joe's Venture,,,,FALSE,Option 1,48,Option 2,Tan,Option 3,Silk,Caf3,,,,deny,manual,8500.00,,TRUE,TRUE,,,,,FALSE,Lamb Napa Man Cafe Racer,"DescriptionA minimalistic selection that makes a style statement: both elegant and practical, it lends itself to multiple combinations and wearing on an array of occasions. The colour palette includes the brand’s characteristic neutral nuances, combined with a minimalist design, create a series of key pieces for the ma",,,,,new,,,,,,draft
lamb-napa-cafe-racer,Lamb Napa Man Cafe Racer,"DescriptionA minimalistic selection that makes a style statement: both elegant and practical, it lends itself to multiple combinations and wearing on an array of occasions. The colour palette includes the brand’s characteristic neutral nuances, combined with a minimalist design, create a series of key pieces for the male wardrobe. The leather biker jacket is reinvented to reflect the latest trends, acquiring all the charm of JLG. This garment is made from high-quality, semi-aniline, lambskin nappa leather. It has a matching lining and features the classic off-centre fastening typical of biker jackets.Details-Made from Egyptian Napa Leather-Classic Neckline-One YKK Zipper chest pocket-YKK Snaps With Joe's Logo-YKK Zipped cuffs-2YKK Zipper Pockets on the waist-Long Sleeves-Two Inner Pockets-Fully Lined",Joe's Venture,,,,FALSE,Option 1,48,Option 2,Tan,Option 3,English Wool,Caf4,,,,deny,manual,11000.00,,TRUE,TRUE,,,,,FALSE,Lamb Napa Man Cafe Racer,"DescriptionA minimalistic selection that makes a style statement: both elegant and practical, it lends itself to multiple combinations and wearing on an array of occasions. The colour palette includes the brand’s characteristic neutral nuances, combined with a minimalist design, create a series of key pieces for the ma",,,,,new,,,,,,draft
lamb-napa-cafe-racer,Lamb Napa Man Cafe Racer,"DescriptionA minimalistic selection that makes a style statement: both elegant and practical, it lends itself to multiple combinations and wearing on an array of occasions. The colour palette includes the brand’s characteristic neutral nuances, combined with a minimalist design, create a series of key pieces for the male wardrobe. The leather biker jacket is reinvented to reflect the latest trends, acquiring all the charm of JLG. This garment is made from high-quality, semi-aniline, lambskin nappa leather. It has a matching lining and features the classic off-centre fastening typical of biker jackets.Details-Made from Egyptian Napa Leather-Classic Neckline-One YKK Zipper chest pocket-YKK Snaps With Joe's Logo-YKK Zipped cuffs-2YKK Zipper Pockets on the waist-Long Sleeves-Two Inner Pockets-Fully Lined",Joe's Venture,,,,FALSE,Option 1,48,Option 2,Distressed Brown,Option 3,Silk,Caf5,,,,deny,manual,8500.00,,TRUE,TRUE,,,,,FALSE,Lamb Napa Man Cafe Racer,"DescriptionA minimalistic selection that makes a style statement: both elegant and practical, it lends itself to multiple combinations and wearing on an array of occasions. The colour palette includes the brand’s characteristic neutral nuances, combined with a minimalist design, create a series of key pieces for the ma",,,,,new,,,,,,draft
lamb-napa-cafe-racer,Lamb Napa Man Cafe Racer,"DescriptionA minimalistic selection that makes a style statement: both elegant and practical, it lends itself to multiple combinations and wearing on an array of occasions. The colour palette includes the brand’s characteristic neutral nuances, combined with a minimalist design, create a series of key pieces for the male wardrobe. The leather biker jacket is reinvented to reflect the latest trends, acquiring all the charm of JLG. This garment is made from high-quality, semi-aniline, lambskin nappa leather. It has a matching lining and features the classic off-centre fastening typical of biker jackets.Details-Made from Egyptian Napa Leather-Classic Neckline-One YKK Zipper chest pocket-YKK Snaps With Joe's Logo-YKK Zipped cuffs-2YKK Zipper Pockets on the waist-Long Sleeves-Two Inner Pockets-Fully Lined",Joe's Venture,,,,FALSE,Option 1,48,Option 2,Distressed Brown,Option 3,English Wool,Caf6,,,,deny,manual,11000.00,,TRUE,TRUE,,,,,FALSE,Lamb Napa Man Cafe Racer,"DescriptionA minimalistic selection that makes a style statement: both elegant and practical, it lends itself to multiple combinations and wearing on an array of occasions. The colour palette includes the brand’s characteristic neutral nuances, combined with a minimalist design, create a series of key pieces for the ma",,,,,new,,,,,,draft
lamb-napa-cafe-racer,Lamb Napa Man Cafe Racer,"DescriptionA minimalistic selection that makes a style statement: both elegant and practical, it lends itself to multiple combinations and wearing on an array of occasions. The colour palette includes the brand’s characteristic neutral nuances, combined with a minimalist design, create a series of key pieces for the male wardrobe. The leather biker jacket is reinvented to reflect the latest trends, acquiring all the charm of JLG. This garment is made from high-quality, semi-aniline, lambskin nappa leather. It has a matching lining and features the classic off-centre fastening typical of biker jackets.Details-Made from Egyptian Napa Leather-Classic Neckline-One YKK Zipper chest pocket-YKK Snaps With Joe's Logo-YKK Zipped cuffs-2YKK Zipper Pockets on the waist-Long Sleeves-Two Inner Pockets-Fully Lined",Joe's Venture,,,,FALSE,Option 1,48,Option 2,ForestGreen,Option 3,Silk,Caf7,,,,deny,manual,8500.00,,TRUE,TRUE,,,,,FALSE,Lamb Napa Man Cafe Racer,"DescriptionA minimalistic selection that makes a style statement: both elegant and practical, it lends itself to multiple combinations and wearing on an array of occasions. The colour palette includes the brand’s characteristic neutral nuances, combined with a minimalist design, create a series of key pieces for the ma",,,,,new,,,,,,draft
lamb-napa-cafe-racer,Lamb Napa Man Cafe Racer,"DescriptionA minimalistic selection that makes a style statement: both elegant and practical, it lends itself to multiple combinations and wearing on an array of occasions. The colour palette includes the brand’s characteristic neutral nuances, combined with a minimalist design, create a series of key pieces for the male wardrobe. The leather biker jacket is reinvented to reflect the latest trends, acquiring all the charm of JLG. This garment is made from high-quality, semi-aniline, lambskin nappa leather. It has a matching lining and features the classic off-centre fastening typical of biker jackets.Details-Made from Egyptian Napa Leather-Classic Neckline-One YKK Zipper chest pocket-YKK Snaps With Joe's Logo-YKK Zipped cuffs-2YKK Zipper Pockets on the waist-Long Sleeves-Two Inner Pockets-Fully Lined",Joe's Venture,,,,FALSE,Option 1,48,Option 2,ForestGreen,Option 3,English Wool,Caf8,,,,deny,manual,11000.00,,TRUE,TRUE,,,,,FALSE,Lamb Napa Man Cafe Racer,"DescriptionA minimalistic selection that makes a style statement: both elegant and practical, it lends itself to multiple combinations and wearing on an array of occasions. The colour palette includes the brand’s characteristic neutral nuances, combined with a minimalist design, create a series of key pieces for the ma",,,,,new,,,,,,draft
lamb-napa-cafe-racer,Lamb Napa Man Cafe Racer,"DescriptionA minimalistic selection that makes a style statement: both elegant and practical, it lends itself to multiple combinations and wearing on an array of occasions. The colour palette includes the brand’s characteristic neutral nuances, combined with a minimalist design, create a series of key pieces for the male wardrobe. The leather biker jacket is reinvented to reflect the latest trends, acquiring all the charm of JLG. This garment is made from high-quality, semi-aniline, lambskin nappa leather. It has a matching lining and features the classic off-centre fastening typical of biker jackets.Details-Made from Egyptian Napa Leather-Classic Neckline-One YKK Zipper chest pocket-YKK Snaps With Joe's Logo-YKK Zipped cuffs-2YKK Zipper Pockets on the waist-Long Sleeves-Two Inner Pockets-Fully Lined",Joe's Venture,,,,FALSE,Option 1,48,Option 2,Bordeaux,Option 3,Silk,Caf9,,,,deny,manual,8500.00,,TRUE,TRUE,,,,,FALSE,Lamb Napa Man Cafe Racer,"DescriptionA minimalistic selection that makes a style statement: both elegant and practical, it lends itself to multiple combinations and wearing on an array of occasions. The colour palette includes the brand’s characteristic neutral nuances, combined with a minimalist design, create a series of key pieces for the ma",,,,,new,,,,,,draft
lamb-napa-cafe-racer,Lamb Napa Man Cafe Racer,"DescriptionA minimalistic selection that makes a style statement: both elegant and practical, it lends itself to multiple combinations and wearing on an array of occasions. The colour palette includes the brand’s characteristic neutral nuances, combined with a minimalist design, create a series of key pieces for the male wardrobe. The leather biker jacket is reinvented to reflect the latest trends, acquiring all the charm of JLG. This garment is made from high-quality, semi-aniline, lambskin nappa leather. It has a matching lining and features the classic off-centre fastening typical of biker jackets.Details-Made from Egyptian Napa Leather-Classic Neckline-One YKK Zipper chest pocket-YKK Snaps With Joe's Logo-YKK Zipped cuffs-2YKK Zipper Pockets on the waist-Long Sleeves-Two Inner Pockets-Fully Lined",Joe's Venture,,,,FALSE,Option 1,48,Option 2,Bordeaux,Option 3,English Wool,Caf10,,,,deny,manual,11000.00,,TRUE,TRUE,,,,,FALSE,Lamb Napa Man Cafe Racer,"DescriptionA minimalistic selection that makes a style statement: both elegant and practical, it lends itself to multiple combinations and wearing on an array of occasions. The colour palette includes the brand’s characteristic neutral nuances, combined with a minimalist design, create a series of key pieces for the ma",,,,,new,,,,,,draft
lamb-napa-cafe-racer,Lamb Napa Man Cafe Racer,"DescriptionA minimalistic selection that makes a style statement: both elegant and practical, it lends itself to multiple combinations and wearing on an array of occasions. The colour palette includes the brand’s characteristic neutral nuances, combined with a minimalist design, create a series of key pieces for the male wardrobe. The leather biker jacket is reinvented to reflect the latest trends, acquiring all the charm of JLG. This garment is made from high-quality, semi-aniline, lambskin nappa leather. It has a matching lining and features the classic off-centre fastening typical of biker jackets.Details-Made from Egyptian Napa Leather-Classic Neckline-One YKK Zipper chest pocket-YKK Snaps With Joe's Logo-YKK Zipped cuffs-2YKK Zipper Pockets on the waist-Long Sleeves-Two Inner Pockets-Fully Lined",Joe's Venture,,,,FALSE,Option 1,50,Option 2,Black,Option 3,Silk,Caf11,,,,deny,manual,8500.00,,TRUE,TRUE,,,,,FALSE,Lamb Napa Man Cafe Racer,"DescriptionA minimalistic selection that makes a style statement: both elegant and practical, it lends itself to multiple combinations and wearing on an array of occasions. The colour palette includes the brand’s characteristic neutral nuances, combined with a minimalist design, create a series of key pieces for the ma",,,,,new,,,,,,draft
lamb-napa-cafe-racer,Lamb Napa Man Cafe Racer,"DescriptionA minimalistic selection that makes a style statement: both elegant and practical, it lends itself to multiple combinations and wearing on an array of occasions. The colour palette includes the brand’s characteristic neutral nuances, combined with a minimalist design, create a series of key pieces for the male wardrobe. The leather biker jacket is reinvented to reflect the latest trends, acquiring all the charm of JLG. This garment is made from high-quality, semi-aniline, lambskin nappa leather. It has a matching lining and features the classic off-centre fastening typical of biker jackets.Details-Made from Egyptian Napa Leather-Classic Neckline-One YKK Zipper chest pocket-YKK Snaps With Joe's Logo-YKK Zipped cuffs-2YKK Zipper Pockets on the waist-Long Sleeves-Two Inner Pockets-Fully Lined",Joe's Venture,,,,FALSE,Option 1,50,Option 2,Black,Option 3,English Wool,Caf12,,,,deny,manual,11000.00,,TRUE,TRUE,,,,,FALSE,Lamb Napa Man Cafe Racer,"DescriptionA minimalistic selection that makes a style statement: both elegant and practical, it lends itself to multiple combinations and wearing on an array of occasions. The colour palette includes the brand’s characteristic neutral nuances, combined with a minimalist design, create a series of key pieces for the ma",,,,,new,,,,,,draft
lamb-napa-cafe-racer,Lamb Napa Man Cafe Racer,"DescriptionA minimalistic selection that makes a style statement: both elegant and practical, it lends itself to multiple combinations and wearing on an array of occasions. The colour palette includes the brand’s characteristic neutral nuances, combined with a minimalist design, create a series of key pieces for the male wardrobe. The leather biker jacket is reinvented to reflect the latest trends, acquiring all the charm of JLG. This garment is made from high-quality, semi-aniline, lambskin nappa leather. It has a matching lining and features the classic off-centre fastening typical of biker jackets.Details-Made from Egyptian Napa Leather-Classic Neckline-One YKK Zipper chest pocket-YKK Snaps With Joe's Logo-YKK Zipped cuffs-2YKK Zipper Pockets on the waist-Long Sleeves-Two Inner Pockets-Fully Lined",Joe's Venture,,,,FALSE,Option 1,50,Option 2,Tan,Option 3,Silk,Caf13,,,,deny,manual,8500.00,,TRUE,TRUE,,,,,FALSE,Lamb Napa Man Cafe Racer,"DescriptionA minimalistic selection that makes a style statement: both elegant and practical, it lends itself to multiple combinations and wearing on an array of occasions. The colour palette includes the brand’s characteristic neutral nuances, combined with a minimalist design, create a series of key pieces for the ma",,,,,new,,,,,,draft
lamb-napa-cafe-racer,Lamb Napa Man Cafe Racer,"DescriptionA minimalistic selection that makes a style statement: both elegant and practical, it lends itself to multiple combinations and wearing on an array of occasions. The colour palette includes the brand’s characteristic neutral nuances, combined with a minimalist design, create a series of key pieces for the male wardrobe. The leather biker jacket is reinvented to reflect the latest trends, acquiring all the charm of JLG. This garment is made from high-quality, semi-aniline, lambskin nappa leather. It has a matching lining and features the classic off-centre fastening typical of biker jackets.Details-Made from Egyptian Napa Leather-Classic Neckline-One YKK Zipper chest pocket-YKK Snaps With Joe's Logo-YKK Zipped cuffs-2YKK Zipper Pockets on the waist-Long Sleeves-Two Inner Pockets-Fully Lined",Joe's Venture,,,,FALSE,Option 1,50,Option 2,Tan,Option 3,English Wool,Caf14,,,,deny,manual,11000.00,,TRUE,TRUE,,,,,FALSE,Lamb Napa Man Cafe Racer,"DescriptionA minimalistic selection that makes a style statement: both elegant and practical, it lends itself to multiple combinations and wearing on an array of occasions. The colour palette includes the brand’s characteristic neutral nuances, combined with a minimalist design, create a series of key pieces for the ma",,,,,new,,,,,,draft
lamb-napa-cafe-racer,Lamb Napa Man Cafe Racer,"DescriptionA minimalistic selection that makes a style statement: both elegant and practical, it lends itself to multiple combinations and wearing on an array of occasions. The colour palette includes the brand’s characteristic neutral nuances, combined with a minimalist design, create a series of key pieces for the male wardrobe. The leather biker jacket is reinvented to reflect the latest trends, acquiring all the charm of JLG. This garment is made from high-quality, semi-aniline, lambskin nappa leather. It has a matching lining and features the classic off-centre fastening typical of biker jackets.Details-Made from Egyptian Napa Leather-Classic Neckline-One YKK Zipper chest pocket-YKK Snaps With Joe's Logo-YKK Zipped cuffs-2YKK Zipper Pockets on the waist-Long Sleeves-Two Inner Pockets-Fully Lined",Joe's Venture,,,,FALSE,Option 1,50,Option 2,Distressed Brown,Option 3,Silk,Caf15,,,,deny,manual,8500.00,,TRUE,TRUE,,,,,FALSE,Lamb Napa Man Cafe Racer,"DescriptionA minimalistic selection that makes a style statement: both elegant and practical, it lends itself to multiple combinations and wearing on an array of occasions. The colour palette includes the brand’s characteristic neutral nuances, combined with a minimalist design, create a series of key pieces for the ma",,,,,new,,,,,,draft
lamb-napa-cafe-racer,Lamb Napa Man Cafe Racer,"DescriptionA minimalistic selection that makes a style statement: both elegant and practical, it lends itself to multiple combinations and wearing on an array of occasions. The colour palette includes the brand’s characteristic neutral nuances, combined with a minimalist design, create a series of key pieces for the male wardrobe. The leather biker jacket is reinvented to reflect the latest trends, acquiring all the charm of JLG. This garment is made from high-quality, semi-aniline, lambskin nappa leather. It has a matching lining and features the classic off-centre fastening typical of biker jackets.Details-Made from Egyptian Napa Leather-Classic Neckline-One YKK Zipper chest pocket-YKK Snaps With Joe's Logo-YKK Zipped cuffs-2YKK Zipper Pockets on the waist-Long Sleeves-Two Inner Pockets-Fully Lined",Joe's Venture,,,,FALSE,Option 1,50,Option 2,Distressed Brown,Option 3,English Wool,Caf16,,,,deny,manual,11000.00,,TRUE,TRUE,,,,,FALSE,Lamb Napa Man Cafe Racer,"DescriptionA minimalistic selection that makes a style statement: both elegant and practical, it lends itself to multiple combinations and wearing on an array of occasions. The colour palette includes the brand’s characteristic neutral nuances, combined with a minimalist design, create a series of key pieces for the ma",,,,,new,,,,,,draft
lamb-napa-cafe-racer,Lamb Napa Man Cafe Racer,"DescriptionA minimalistic selection that makes a style statement: both elegant and practical, it lends itself to multiple combinations and wearing on an array of occasions. The colour palette includes the brand’s characteristic neutral nuances, combined with a minimalist design, create a series of key pieces for the male wardrobe. The leather biker jacket is reinvented to reflect the latest trends, acquiring all the charm of JLG. This garment is made from high-quality, semi-aniline, lambskin nappa leather. It has a matching lining and features the classic off-centre fastening typical of biker jackets.Details-Made from Egyptian Napa Leather-Classic Neckline-One YKK Zipper chest pocket-YKK Snaps With Joe's Logo-YKK Zipped cuffs-2YKK Zipper Pockets on the waist-Long Sleeves-Two Inner Pockets-Fully Lined",Joe's Venture,,,,FALSE,Option 1,50,Option 2,ForestGreen,Option 3,Silk,Caf17,,,,deny,manual,8500.00,,TRUE,TRUE,,,,,FALSE,Lamb Napa Man Cafe Racer,"DescriptionA minimalistic selection that makes a style statement: both elegant and practical, it lends itself to multiple combinations and wearing on an array of occasions. The colour palette includes the brand’s characteristic neutral nuances, combined with a minimalist design, create a series of key pieces for the ma",,,,,new,,,,,,draft
lamb-napa-cafe-racer,Lamb Napa Man Cafe Racer,"DescriptionA minimalistic selection that makes a style statement: both elegant and practical, it lends itself to multiple combinations and wearing on an array of occasions. The colour palette includes the brand’s characteristic neutral nuances, combined with a minimalist design, create a series of key pieces for the male wardrobe. The leather biker jacket is reinvented to reflect the latest trends, acquiring all the charm of JLG. This garment is made from high-quality, semi-aniline, lambskin nappa leather. It has a matching lining and features the classic off-centre fastening typical of biker jackets.Details-Made from Egyptian Napa Leather-Classic Neckline-One YKK Zipper chest pocket-YKK Snaps With Joe's Logo-YKK Zipped cuffs-2YKK Zipper Pockets on the waist-Long Sleeves-Two Inner Pockets-Fully Lined",Joe's Venture,,,,FALSE,Option 1,50,Option 2,ForestGreen,Option 3,English Wool,Caf18,,,,deny,manual,11000.00,,TRUE,TRUE,,,,,FALSE,Lamb Napa Man Cafe Racer,"DescriptionA minimalistic selection that makes a style statement: both elegant and practical, it lends itself to multiple combinations and wearing on an array of occasions. The colour palette includes the brand’s characteristic neutral nuances, combined with a minimalist design, create a series of key pieces for the ma",,,,,new,,,,,,draft
lamb-napa-cafe-racer,Lamb Napa Man Cafe Racer,"DescriptionA minimalistic selection that makes a style statement: both elegant and practical, it lends itself to multiple combinations and wearing on an array of occasions. The colour palette includes the brand’s characteristic neutral nuances, combined with a minimalist design, create a series of key pieces for the male wardrobe. The leather biker jacket is reinvented to reflect the latest trends, acquiring all the charm of JLG. This garment is made from high-quality, semi-aniline, lambskin nappa leather. It has a matching lining and features the classic off-centre fastening typical of biker jackets.Details-Made from Egyptian Napa Leather-Classic Neckline-One YKK Zipper chest pocket-YKK Snaps With Joe's Logo-YKK Zipped cuffs-2YKK Zipper Pockets on the waist-Long Sleeves-Two Inner Pockets-Fully Lined",Joe's Venture,,,,FALSE,Option 1,50,Option 2,Bordeaux,Option 3,Silk,Caf19,,,,deny,manual,8500.00,,TRUE,TRUE,,,,,FALSE,Lamb Napa Man Cafe Racer,"DescriptionA minimalistic selection that makes a style statement: both elegant and practical, it lends itself to multiple combinations and wearing on an array of occasions. The colour palette includes the brand’s characteristic neutral nuances, combined with a minimalist design, create a series of key pieces for the ma",,,,,new,,,,,,draft
lamb-napa-cafe-racer,Lamb Napa Man Cafe Racer,"DescriptionA minimalistic selection that makes a style statement: both elegant and practical, it lends itself to multiple combinations and wearing on an array of occasions. The colour palette includes the brand’s characteristic neutral nuances, combined with a minimalist design, create a series of key pieces for the male wardrobe. The leather biker jacket is reinvented to reflect the latest trends, acquiring all the charm of JLG. This garment is made from high-quality, semi-aniline, lambskin nappa leather. It has a matching lining and features the classic off-centre fastening typical of biker jackets.Details-Made from Egyptian Napa Leather-Classic Neckline-One YKK Zipper chest pocket-YKK Snaps With Joe's Logo-YKK Zipped cuffs-2YKK Zipper Pockets on the waist-Long Sleeves-Two Inner Pockets-Fully Lined",Joe's Venture,,,,FALSE,Option 1,50,Option 2,Bordeaux,Option 3,English Wool,Caf20,,,,deny,manual,11000.00,,TRUE,TRUE,,,,,FALSE,Lamb Napa Man Cafe Racer,"DescriptionA minimalistic selection that makes a style statement: both elegant and practical, it lends itself to multiple combinations and wearing on an array of occasions. The colour palette includes the brand’s characteristic neutral nuances, combined with a minimalist design, create a series of key pieces for the ma",,,,,new,,,,,,draft
lamb-napa-cafe-racer,Lamb Napa Man Cafe Racer,"DescriptionA minimalistic selection that makes a style statement: both elegant and practical, it lends itself to multiple combinations and wearing on an array of occasions. The colour palette includes the brand’s characteristic neutral nuances, combined with a minimalist design, create a series of key pieces for the male wardrobe. The leather biker jacket is reinvented to reflect the latest trends, acquiring all the charm of JLG. This garment is made from high-quality, semi-aniline, lambskin nappa leather. It has a matching lining and features the classic off-centre fastening typical of biker jackets.Details-Made from Egyptian Napa Leather-Classic Neckline-One YKK Zipper chest pocket-YKK Snaps With Joe's Logo-YKK Zipped cuffs-2YKK Zipper Pockets on the waist-Long Sleeves-Two Inner Pockets-Fully Lined",Joe's Venture,,,,FALSE,Option 1,52,Option 2,Black,Option 3,Silk,Caf21,,,,deny,manual,8500.00,,TRUE,TRUE,,,,,FALSE,Lamb Napa Man Cafe Racer,"DescriptionA minimalistic selection that makes a style statement: both elegant and practical, it lends itself to multiple combinations and wearing on an array of occasions. The colour palette includes the brand’s characteristic neutral nuances, combined with a minimalist design, create a series of key pieces for the ma",,,,,new,,,,,,draft
lamb-napa-cafe-racer,Lamb Napa Man Cafe Racer,"DescriptionA minimalistic selection that makes a style statement: both elegant and practical, it lends itself to multiple combinations and wearing on an array of occasions. The colour palette includes the brand’s characteristic neutral nuances, combined with a minimalist design, create a series of key pieces for the male wardrobe. The leather biker jacket is reinvented to reflect the latest trends, acquiring all the charm of JLG. This garment is made from high-quality, semi-aniline, lambskin nappa leather. It has a matching lining and features the classic off-centre fastening typical of biker jackets.Details-Made from Egyptian Napa Leather-Classic Neckline-One YKK Zipper chest pocket-YKK Snaps With Joe's Logo-YKK Zipped cuffs-2YKK Zipper Pockets on the waist-Long Sleeves-Two Inner Pockets-Fully Lined",Joe's Venture,,,,FALSE,Option 1,52,Option 2,Black,Option 3,English Wool,Caf22,,,,deny,manual,11000.00,,TRUE,TRUE,,,,,FALSE,Lamb Napa Man Cafe Racer,"DescriptionA minimalistic selection that makes a style statement: both elegant and practical, it lends itself to multiple combinations and wearing on an array of occasions. The colour palette includes the brand’s characteristic neutral nuances, combined with a minimalist design, create a series of key pieces for the ma",,,,,new,,,,,,draft
lamb-napa-cafe-racer,Lamb Napa Man Cafe Racer,"DescriptionA minimalistic selection that makes a style statement: both elegant and practical, it lends itself to multiple combinations and wearing on an array of occasions. The colour palette includes the brand’s characteristic neutral nuances, combined with a minimalist design, create a series of key pieces for the male wardrobe. The leather biker jacket is reinvented to reflect the latest trends, acquiring all the charm of JLG. This garment is made from high-quality, semi-aniline, lambskin nappa leather. It has a matching lining and features the classic off-centre fastening typical of biker jackets.Details-Made from Egyptian Napa Leather-Classic Neckline-One YKK Zipper chest pocket-YKK Snaps With Joe's Logo-YKK Zipped cuffs-2YKK Zipper Pockets on the waist-Long Sleeves-Two Inner Pockets-Fully Lined",Joe's Venture,,,,FALSE,Option 1,52,Option 2,Tan,Option 3,Silk,Caf23,,,,deny,manual,8500.00,,TRUE,TRUE,,,,,FALSE,Lamb Napa Man Cafe Racer,"DescriptionA minimalistic selection that makes a style statement: both elegant and practical, it lends itself to multiple combinations and wearing on an array of occasions. The colour palette includes the brand’s characteristic neutral nuances, combined with a minimalist design, create a series of key pieces for the ma",,,,,new,,,,,,draft
lamb-napa-cafe-racer,Lamb Napa Man Cafe Racer,"DescriptionA minimalistic selection that makes a style statement: both elegant and practical, it lends itself to multiple combinations and wearing on an array of occasions. The colour palette includes the brand’s characteristic neutral nuances, combined with a minimalist design, create a series of key pieces for the male wardrobe. The leather biker jacket is reinvented to reflect the latest trends, acquiring all the charm of JLG. This garment is made from high-quality, semi-aniline, lambskin nappa leather. It has a matching lining and features the classic off-centre fastening typical of biker jackets.Details-Made from Egyptian Napa Leather-Classic Neckline-One YKK Zipper chest pocket-YKK Snaps With Joe's Logo-YKK Zipped cuffs-2YKK Zipper Pockets on the waist-Long Sleeves-Two Inner Pockets-Fully Lined",Joe's Venture,,,,FALSE,Option 1,52,Option 2,Tan,Option 3,English Wool,Caf24,,,,deny,manual,11000.00,,TRUE,TRUE,,,,,FALSE,Lamb Napa Man Cafe Racer,"DescriptionA minimalistic selection that makes a style statement: both elegant and practical, it lends itself to multiple combinations and wearing on an array of occasions. The colour palette includes the brand’s characteristic neutral nuances, combined with a minimalist design, create a series of key pieces for the ma",,,,,new,,,,,,draft
lamb-napa-cafe-racer,Lamb Napa Man Cafe Racer,"DescriptionA minimalistic selection that makes a style statement: both elegant and practical, it lends itself to multiple combinations and wearing on an array of occasions. The colour palette includes the brand’s characteristic neutral nuances, combined with a minimalist design, create a series of key pieces for the male wardrobe. The leather biker jacket is reinvented to reflect the latest trends, acquiring all the charm of JLG. This garment is made from high-quality, semi-aniline, lambskin nappa leather. It has a matching lining and features the classic off-centre fastening typical of biker jackets.Details-Made from Egyptian Napa Leather-Classic Neckline-One YKK Zipper chest pocket-YKK Snaps With Joe's Logo-YKK Zipped cuffs-2YKK Zipper Pockets on the waist-Long Sleeves-Two Inner Pockets-Fully Lined",Joe's Venture,,,,FALSE,Option 1,52,Option 2,Distressed Brown,Option 3,Silk,Caf25,,,,deny,manual,8500.00,,TRUE,TRUE,,,,,FALSE,Lamb Napa Man Cafe Racer,"DescriptionA minimalistic selection that makes a style statement: both elegant and practical, it lends itself to multiple combinations and wearing on an array of occasions. The colour palette includes the brand’s characteristic neutral nuances, combined with a minimalist design, create a series of key pieces for the ma",,,,,new,,,,,,draft
lamb-napa-cafe-racer,Lamb Napa Man Cafe Racer,"DescriptionA minimalistic selection that makes a style statement: both elegant and practical, it lends itself to multiple combinations and wearing on an array of occasions. The colour palette includes the brand’s characteristic neutral nuances, combined with a minimalist design, create a series of key pieces for the male wardrobe. The leather biker jacket is reinvented to reflect the latest trends, acquiring all the charm of JLG. This garment is made from high-quality, semi-aniline, lambskin nappa leather. It has a matching lining and features the classic off-centre fastening typical of biker jackets.Details-Made from Egyptian Napa Leather-Classic Neckline-One YKK Zipper chest pocket-YKK Snaps With Joe's Logo-YKK Zipped cuffs-2YKK Zipper Pockets on the waist-Long Sleeves-Two Inner Pockets-Fully Lined",Joe's Venture,,,,FALSE,Option 1,52,Option 2,Distressed Brown,Option 3,English Wool,Caf26,,,,deny,manual,11000.00,,TRUE,TRUE,,,,,FALSE,Lamb Napa Man Cafe Racer,"DescriptionA minimalistic selection that makes a style statement: both elegant and practical, it lends itself to multiple combinations and wearing on an array of occasions. The colour palette includes the brand’s characteristic neutral nuances, combined with a minimalist design, create a series of key pieces for the ma",,,,,new,,,,,,draft
lamb-napa-cafe-racer,Lamb Napa Man Cafe Racer,"DescriptionA minimalistic selection that makes a style statement: both elegant and practical, it lends itself to multiple combinations and wearing on an array of occasions. The colour palette includes the brand’s characteristic neutral nuances, combined with a minimalist design, create a series of key pieces for the male wardrobe. The leather biker jacket is reinvented to reflect the latest trends, acquiring all the charm of JLG. This garment is made from high-quality, semi-aniline, lambskin nappa leather. It has a matching lining and features the classic off-centre fastening typical of biker jackets.Details-Made from Egyptian Napa Leather-Classic Neckline-One YKK Zipper chest pocket-YKK Snaps With Joe's Logo-YKK Zipped cuffs-2YKK Zipper Pockets on the waist-Long Sleeves-Two Inner Pockets-Fully Lined",Joe's Venture,,,,FALSE,Option 1,52,Option 2,ForestGreen,Option 3,Silk,Caf27,,,,deny,manual,8500.00,,TRUE,TRUE,,,,,FALSE,Lamb Napa Man Cafe Racer,"DescriptionA minimalistic selection that makes a style statement: both elegant and practical, it lends itself to multiple combinations and wearing on an array of occasions. The colour palette includes the brand’s characteristic neutral nuances, combined with a minimalist design, create a series of key pieces for the ma",,,,,new,,,,,,draft
lamb-napa-cafe-racer,Lamb Napa Man Cafe Racer,"DescriptionA minimalistic selection that makes a style statement: both elegant and practical, it lends itself to multiple combinations and wearing on an array of occasions. The colour palette includes the brand’s characteristic neutral nuances, combined with a minimalist design, create a series of key pieces for the male wardrobe. The leather biker jacket is reinvented to reflect the latest trends, acquiring all the charm of JLG. This garment is made from high-quality, semi-aniline, lambskin nappa leather. It has a matching lining and features the classic off-centre fastening typical of biker jackets.Details-Made from Egyptian Napa Leather-Classic Neckline-One YKK Zipper chest pocket-YKK Snaps With Joe's Logo-YKK Zipped cuffs-2YKK Zipper Pockets on the waist-Long Sleeves-Two Inner Pockets-Fully Lined",Joe's Venture,,,,FALSE,Option 1,52,Option 2,ForestGreen,Option 3,English Wool,Caf28,,,,deny,manual,11000.00,,TRUE,TRUE,,,,,FALSE,Lamb Napa Man Cafe Racer,"DescriptionA minimalistic selection that makes a style statement: both elegant and practical, it lends itself to multiple combinations and wearing on an array of occasions. The colour palette includes the brand’s characteristic neutral nuances, combined with a minimalist design, create a series of key pieces for the ma",,,,,new,,,,,,draft
lamb-napa-cafe-racer,Lamb Napa Man Cafe Racer,"DescriptionA minimalistic selection that makes a style statement: both elegant and practical, it lends itself to multiple combinations and wearing on an array of occasions. The colour palette includes the brand’s characteristic neutral nuances, combined with a minimalist design, create a series of key pieces for the male wardrobe. The leather biker jacket is reinvented to reflect the latest trends, acquiring all the charm of JLG. This garment is made from high-quality, semi-aniline, lambskin nappa leather. It has a matching lining and features the classic off-centre fastening typical of biker jackets.Details-Made from Egyptian Napa Leather-Classic Neckline-One YKK Zipper chest pocket-YKK Snaps With Joe's Logo-YKK Zipped cuffs-2YKK Zipper Pockets on the waist-Long Sleeves-Two Inner Pockets-Fully Lined",Joe's Venture,,,,FALSE,Option 1,52,Option 2,Bordeaux,Option 3,Silk,Caf29,,,,deny,manual,8500.00,,TRUE,TRUE,,,,,FALSE,Lamb Napa Man Cafe Racer,"DescriptionA minimalistic selection that makes a style statement: both elegant and practical, it lends itself to multiple combinations and wearing on an array of occasions. The colour palette includes the brand’s characteristic neutral nuances, combined with a minimalist design, create a series of key pieces for the ma",,,,,new,,,,,,draft
lamb-napa-cafe-racer,Lamb Napa Man Cafe Racer,"DescriptionA minimalistic selection that makes a style statement: both elegant and practical, it lends itself to multiple combinations and wearing on an array of occasions. The colour palette includes the brand’s characteristic neutral nuances, combined with a minimalist design, create a series of key pieces for the male wardrobe. The leather biker jacket is reinvented to reflect the latest trends, acquiring all the charm of JLG. This garment is made from high-quality, semi-aniline, lambskin nappa leather. It has a matching lining and features the classic off-centre fastening typical of biker jackets.Details-Made from Egyptian Napa Leather-Classic Neckline-One YKK Zipper chest pocket-YKK Snaps With Joe's Logo-YKK Zipped cuffs-2YKK Zipper Pockets on the waist-Long Sleeves-Two Inner Pockets-Fully Lined",Joe's Venture,,,,FALSE,Option 1,52,Option 2,Bordeaux,Option 3,English Wool,Caf30,,,,deny,manual,11000.00,,TRUE,TRUE,,,,,FALSE,Lamb Napa Man Cafe Racer,"DescriptionA minimalistic selection that makes a style statement: both elegant and practical, it lends itself to multiple combinations and wearing on an array of occasions. The colour palette includes the brand’s characteristic neutral nuances, combined with a minimalist design, create a series of key pieces for the ma",,,,,new,,,,,,draft
lamb-napa-cafe-racer,Lamb Napa Man Cafe Racer,"DescriptionA minimalistic selection that makes a style statement: both elegant and practical, it lends itself to multiple combinations and wearing on an array of occasions. The colour palette includes the brand’s characteristic neutral nuances, combined with a minimalist design, create a series of key pieces for the male wardrobe. The leather biker jacket is reinvented to reflect the latest trends, acquiring all the charm of JLG. This garment is made from high-quality, semi-aniline, lambskin nappa leather. It has a matching lining and features the classic off-centre fastening typical of biker jackets.Details-Made from Egyptian Napa Leather-Classic Neckline-One YKK Zipper chest pocket-YKK Snaps With Joe's Logo-YKK Zipped cuffs-2YKK Zipper Pockets on the waist-Long Sleeves-Two Inner Pockets-Fully Lined",Joe's Venture,,,,FALSE,Option 1,54,Option 2,Black,Option 3,Silk,Caf31,,,,deny,manual,8500.00,,TRUE,TRUE,,,,,FALSE,Lamb Napa Man Cafe Racer,"DescriptionA minimalistic selection that makes a style statement: both elegant and practical, it lends itself to multiple combinations and wearing on an array of occasions. The colour palette includes the brand’s characteristic neutral nuances, combined with a minimalist design, create a series of key pieces for the ma",,,,,new,,,,,,draft
lamb-napa-cafe-racer,Lamb Napa Man Cafe Racer,"DescriptionA minimalistic selection that makes a style statement: both elegant and practical, it lends itself to multiple combinations and wearing on an array of occasions. The colour palette includes the brand’s characteristic neutral nuances, combined with a minimalist design, create a series of key pieces for the male wardrobe. The leather biker jacket is reinvented to reflect the latest trends, acquiring all the charm of JLG. This garment is made from high-quality, semi-aniline, lambskin nappa leather. It has a matching lining and features the classic off-centre fastening typical of biker jackets.Details-Made from Egyptian Napa Leather-Classic Neckline-One YKK Zipper chest pocket-YKK Snaps With Joe's Logo-YKK Zipped cuffs-2YKK Zipper Pockets on the waist-Long Sleeves-Two Inner Pockets-Fully Lined",Joe's Venture,,,,FALSE,Option 1,54,Option 2,Black,Option 3,English Wool,Caf32,,,,deny,manual,11000.00,,TRUE,TRUE,,,,,FALSE,Lamb Napa Man Cafe Racer,"DescriptionA minimalistic selection that makes a style statement: both elegant and practical, it lends itself to multiple combinations and wearing on an array of occasions. The colour palette includes the brand’s characteristic neutral nuances, combined with a minimalist design, create a series of key pieces for the ma",,,,,new,,,,,,draft
lamb-napa-cafe-racer,Lamb Napa Man Cafe Racer,"DescriptionA minimalistic selection that makes a style statement: both elegant and practical, it lends itself to multiple combinations and wearing on an array of occasions. The colour palette includes the brand’s characteristic neutral nuances, combined with a minimalist design, create a series of key pieces for the male wardrobe. The leather biker jacket is reinvented to reflect the latest trends, acquiring all the charm of JLG. This garment is made from high-quality, semi-aniline, lambskin nappa leather. It has a matching lining and features the classic off-centre fastening typical of biker jackets.Details-Made from Egyptian Napa Leather-Classic Neckline-One YKK Zipper chest pocket-YKK Snaps With Joe's Logo-YKK Zipped cuffs-2YKK Zipper Pockets on the waist-Long Sleeves-Two Inner Pockets-Fully Lined",Joe's Venture,,,,FALSE,Option 1,54,Option 2,Tan,Option 3,Silk,Caf34,,,,deny,manual,8500.00,,TRUE,TRUE,,,,,FALSE,Lamb Napa Man Cafe Racer,"DescriptionA minimalistic selection that makes a style statement: both elegant and practical, it lends itself to multiple combinations and wearing on an array of occasions. The colour palette includes the brand’s characteristic neutral nuances, combined with a minimalist design, create a series of key pieces for the ma",,,,,new,,,,,,draft
lamb-napa-cafe-racer,Lamb Napa Man Cafe Racer,"DescriptionA minimalistic selection that makes a style statement: both elegant and practical, it lends itself to multiple combinations and wearing on an array of occasions. The colour palette includes the brand’s characteristic neutral nuances, combined with a minimalist design, create a series of key pieces for the male wardrobe. The leather biker jacket is reinvented to reflect the latest trends, acquiring all the charm of JLG. This garment is made from high-quality, semi-aniline, lambskin nappa leather. It has a matching lining and features the classic off-centre fastening typical of biker jackets.Details-Made from Egyptian Napa Leather-Classic Neckline-One YKK Zipper chest pocket-YKK Snaps With Joe's Logo-YKK Zipped cuffs-2YKK Zipper Pockets on the waist-Long Sleeves-Two Inner Pockets-Fully Lined",Joe's Venture,,,,FALSE,Option 1,54,Option 2,Tan,Option 3,English Wool,Caf35,,,,deny,manual,11000.00,,TRUE,TRUE,,,,,FALSE,Lamb Napa Man Cafe Racer,"DescriptionA minimalistic selection that makes a style statement: both elegant and practical, it lends itself to multiple combinations and wearing on an array of occasions. The colour palette includes the brand’s characteristic neutral nuances, combined with a minimalist design, create a series of key pieces for the ma",,,,,new,,,,,,draft
lamb-napa-cafe-racer,Lamb Napa Man Cafe Racer,"DescriptionA minimalistic selection that makes a style statement: both elegant and practical, it lends itself to multiple combinations and wearing on an array of occasions. The colour palette includes the brand’s characteristic neutral nuances, combined with a minimalist design, create a series of key pieces for the male wardrobe. The leather biker jacket is reinvented to reflect the latest trends, acquiring all the charm of JLG. This garment is made from high-quality, semi-aniline, lambskin nappa leather. It has a matching lining and features the classic off-centre fastening typical of biker jackets.Details-Made from Egyptian Napa Leather-Classic Neckline-One YKK Zipper chest pocket-YKK Snaps With Joe's Logo-YKK Zipped cuffs-2YKK Zipper Pockets on the waist-Long Sleeves-Two Inner Pockets-Fully Lined",Joe's Venture,,,,FALSE,Option 1,54,Option 2,Distressed Brown,Option 3,Silk,Caf36,,,,deny,manual,8500.00,,TRUE,TRUE,,,,,FALSE,Lamb Napa Man Cafe Racer,"DescriptionA minimalistic selection that makes a style statement: both elegant and practical, it lends itself to multiple combinations and wearing on an array of occasions. The colour palette includes the brand’s characteristic neutral nuances, combined with a minimalist design, create a series of key pieces for the ma",,,,,new,,,,,,draft
lamb-napa-cafe-racer,Lamb Napa Man Cafe Racer,"DescriptionA minimalistic selection that makes a style statement: both elegant and practical, it lends itself to multiple combinations and wearing on an array of occasions. The colour palette includes the brand’s characteristic neutral nuances, combined with a minimalist design, create a series of key pieces for the male wardrobe. The leather biker jacket is reinvented to reflect the latest trends, acquiring all the charm of JLG. This garment is made from high-quality, semi-aniline, lambskin nappa leather. It has a matching lining and features the classic off-centre fastening typical of biker jackets.Details-Made from Egyptian Napa Leather-Classic Neckline-One YKK Zipper chest pocket-YKK Snaps With Joe's Logo-YKK Zipped cuffs-2YKK Zipper Pockets on the waist-Long Sleeves-Two Inner Pockets-Fully Lined",Joe's Venture,,,,FALSE,Option 1,54,Option 2,Distressed Brown,Option 3,English Wool,Caf37,,,,deny,manual,11000.00,,TRUE,TRUE,,,,,FALSE,Lamb Napa Man Cafe Racer,"DescriptionA minimalistic selection that makes a style statement: both elegant and practical, it lends itself to multiple combinations and wearing on an array of occasions. The colour palette includes the brand’s characteristic neutral nuances, combined with a minimalist design, create a series of key pieces for the ma",,,,,new,,,,,,draft
lamb-napa-cafe-racer,Lamb Napa Man Cafe Racer,"DescriptionA minimalistic selection that makes a style statement: both elegant and practical, it lends itself to multiple combinations and wearing on an array of occasions. The colour palette includes the brand’s characteristic neutral nuances, combined with a minimalist design, create a series of key pieces for the male wardrobe. The leather biker jacket is reinvented to reflect the latest trends, acquiring all the charm of JLG. This garment is made from high-quality, semi-aniline, lambskin nappa leather. It has a matching lining and features the classic off-centre fastening typical of biker jackets.Details-Made from Egyptian Napa Leather-Classic Neckline-One YKK Zipper chest pocket-YKK Snaps With Joe's Logo-YKK Zipped cuffs-2YKK Zipper Pockets on the waist-Long Sleeves-Two Inner Pockets-Fully Lined",Joe's Venture,,,,FALSE,Option 1,54,Option 2,ForestGreen,Option 3,Silk,Caf38,,,,deny,manual,8500.00,,TRUE,TRUE,,,,,FALSE,Lamb Napa Man Cafe Racer,"DescriptionA minimalistic selection that makes a style statement: both elegant and practical, it lends itself to multiple combinations and wearing on an array of occasions. The colour palette includes the brand’s characteristic neutral nuances, combined with a minimalist design, create a series of key pieces for the ma",,,,,new,,,,,,draft
lamb-napa-cafe-racer,Lamb Napa Man Cafe Racer,"DescriptionA minimalistic selection that makes a style statement: both elegant and practical, it lends itself to multiple combinations and wearing on an array of occasions. The colour palette includes the brand’s characteristic neutral nuances, combined with a minimalist design, create a series of key pieces for the male wardrobe. The leather biker jacket is reinvented to reflect the latest trends, acquiring all the charm of JLG. This garment is made from high-quality, semi-aniline, lambskin nappa leather. It has a matching lining and features the classic off-centre fastening typical of biker jackets.Details-Made from Egyptian Napa Leather-Classic Neckline-One YKK Zipper chest pocket-YKK Snaps With Joe's Logo-YKK Zipped cuffs-2YKK Zipper Pockets on the waist-Long Sleeves-Two Inner Pockets-Fully Lined",Joe's Venture,,,,FALSE,Option 1,54,Option 2,ForestGreen,Option 3,English Wool,Caf39,,,,deny,manual,11000.00,,TRUE,TRUE,,,,,FALSE,Lamb Napa Man Cafe Racer,"DescriptionA minimalistic selection that makes a style statement: both elegant and practical, it lends itself to multiple combinations and wearing on an array of occasions. The colour palette includes the brand’s characteristic neutral nuances, combined with a minimalist design, create a series of key pieces for the ma",,,,,new,,,,,,draft
lamb-napa-cafe-racer,Lamb Napa Man Cafe Racer,"DescriptionA minimalistic selection that makes a style statement: both elegant and practical, it lends itself to multiple combinations and wearing on an array of occasions. The colour palette includes the brand’s characteristic neutral nuances, combined with a minimalist design, create a series of key pieces for the male wardrobe. The leather biker jacket is reinvented to reflect the latest trends, acquiring all the charm of JLG. This garment is made from high-quality, semi-aniline, lambskin nappa leather. It has a matching lining and features the classic off-centre fastening typical of biker jackets.Details-Made from Egyptian Napa Leather-Classic Neckline-One YKK Zipper chest pocket-YKK Snaps With Joe's Logo-YKK Zipped cuffs-2YKK Zipper Pockets on the waist-Long Sleeves-Two Inner Pockets-Fully Lined",Joe's Venture,,,,FALSE,Option 1,54,Option 2,Bordeaux,Option 3,Silk,Caf40,,,,deny,manual,8500.00,,TRUE,TRUE,,,,,FALSE,Lamb Napa Man Cafe Racer,"DescriptionA minimalistic selection that makes a style statement: both elegant and practical, it lends itself to multiple combinations and wearing on an array of occasions. The colour palette includes the brand’s characteristic neutral nuances, combined with a minimalist design, create a series of key pieces for the ma",,,,,new,,,,,,draft
lamb-napa-cafe-racer,Lamb Napa Man Cafe Racer,"DescriptionA minimalistic selection that makes a style statement: both elegant and practical, it lends itself to multiple combinations and wearing on an array of occasions. The colour palette includes the brand’s characteristic neutral nuances, combined with a minimalist design, create a series of key pieces for the male wardrobe. The leather biker jacket is reinvented to reflect the latest trends, acquiring all the charm of JLG. This garment is made from high-quality, semi-aniline, lambskin nappa leather. It has a matching lining and features the classic off-centre fastening typical of biker jackets.Details-Made from Egyptian Napa Leather-Classic Neckline-One YKK Zipper chest pocket-YKK Snaps With Joe's Logo-YKK Zipped cuffs-2YKK Zipper Pockets on the waist-Long Sleeves-Two Inner Pockets-Fully Lined",Joe's Venture,,,,FALSE,Option 1,54,Option 2,Bordeaux,Option 3,English Wool,Caf41,,,,deny,manual,11000.00,,TRUE,TRUE,,,,,FALSE,Lamb Napa Man Cafe Racer,"DescriptionA minimalistic selection that makes a style statement: both elegant and practical, it lends itself to multiple combinations and wearing on an array of occasions. The colour palette includes the brand’s characteristic neutral nuances, combined with a minimalist design, create a series of key pieces for the ma",,,,,new,,,,,,draft
lamb-napa-cafe-racer,Lamb Napa Man Cafe Racer,"DescriptionA minimalistic selection that makes a style statement: both elegant and practical, it lends itself to multiple combinations and wearing on an array of occasions. The colour palette includes the brand’s characteristic neutral nuances, combined with a minimalist design, create a series of key pieces for the male wardrobe. The leather biker jacket is reinvented to reflect the latest trends, acquiring all the charm of JLG. This garment is made from high-quality, semi-aniline, lambskin nappa leather. It has a matching lining and features the classic off-centre fastening typical of biker jackets.Details-Made from Egyptian Napa Leather-Classic Neckline-One YKK Zipper chest pocket-YKK Snaps With Joe's Logo-YKK Zipped cuffs-2YKK Zipper Pockets on the waist-Long Sleeves-Two Inner Pockets-Fully Lined",Joe's Venture,,,,FALSE,Option 1,56,Option 2,Black,Option 3,Silk,Caf42,,,,deny,manual,8500.00,,TRUE,TRUE,,,,,FALSE,Lamb Napa Man Cafe Racer,"DescriptionA minimalistic selection that makes a style statement: both elegant and practical, it lends itself to multiple combinations and wearing on an array of occasions. The colour palette includes the brand’s characteristic neutral nuances, combined with a minimalist design, create a series of key pieces for the ma",,,,,new,,,,,,draft
lamb-napa-cafe-racer,Lamb Napa Man Cafe Racer,"DescriptionA minimalistic selection that makes a style statement: both elegant and practical, it lends itself to multiple combinations and wearing on an array of occasions. The colour palette includes the brand’s characteristic neutral nuances, combined with a minimalist design, create a series of key pieces for the male wardrobe. The leather biker jacket is reinvented to reflect the latest trends, acquiring all the charm of JLG. This garment is made from high-quality, semi-aniline, lambskin nappa leather. It has a matching lining and features the classic off-centre fastening typical of biker jackets.Details-Made from Egyptian Napa Leather-Classic Neckline-One YKK Zipper chest pocket-YKK Snaps With Joe's Logo-YKK Zipped cuffs-2YKK Zipper Pockets on the waist-Long Sleeves-Two Inner Pockets-Fully Lined",Joe's Venture,,,,FALSE,Option 1,56,Option 2,Black,Option 3,English Wool,Caf43,,,,deny,manual,11000.00,,TRUE,TRUE,,,,,FALSE,Lamb Napa Man Cafe Racer,"DescriptionA minimalistic selection that makes a style statement: both elegant and practical, it lends itself to multiple combinations and wearing on an array of occasions. The colour palette includes the brand’s characteristic neutral nuances, combined with a minimalist design, create a series of key pieces for the ma",,,,,new,,,,,,draft
lamb-napa-cafe-racer,Lamb Napa Man Cafe Racer,"DescriptionA minimalistic selection that makes a style statement: both elegant and practical, it lends itself to multiple combinations and wearing on an array of occasions. The colour palette includes the brand’s characteristic neutral nuances, combined with a minimalist design, create a series of key pieces for the male wardrobe. The leather biker jacket is reinvented to reflect the latest trends, acquiring all the charm of JLG. This garment is made from high-quality, semi-aniline, lambskin nappa leather. It has a matching lining and features the classic off-centre fastening typical of biker jackets.Details-Made from Egyptian Napa Leather-Classic Neckline-One YKK Zipper chest pocket-YKK Snaps With Joe's Logo-YKK Zipped cuffs-2YKK Zipper Pockets on the waist-Long Sleeves-Two Inner Pockets-Fully Lined",Joe's Venture,,,,FALSE,Option 1,56,Option 2,Tan,Option 3,Silk,Caf44,,,,deny,manual,8500.00,,TRUE,TRUE,,,,,FALSE,Lamb Napa Man Cafe Racer,"DescriptionA minimalistic selection that makes a style statement: both elegant and practical, it lends itself to multiple combinations and wearing on an array of occasions. The colour palette includes the brand’s characteristic neutral nuances, combined with a minimalist design, create a series of key pieces for the ma",,,,,new,,,,,,draft
lamb-napa-cafe-racer,Lamb Napa Man Cafe Racer,"DescriptionA minimalistic selection that makes a style statement: both elegant and practical, it lends itself to multiple combinations and wearing on an array of occasions. The colour palette includes the brand’s characteristic neutral nuances, combined with a minimalist design, create a series of key pieces for the male wardrobe. The leather biker jacket is reinvented to reflect the latest trends, acquiring all the charm of JLG. This garment is made from high-quality, semi-aniline, lambskin nappa leather. It has a matching lining and features the classic off-centre fastening typical of biker jackets.Details-Made from Egyptian Napa Leather-Classic Neckline-One YKK Zipper chest pocket-YKK Snaps With Joe's Logo-YKK Zipped cuffs-2YKK Zipper Pockets on the waist-Long Sleeves-Two Inner Pockets-Fully Lined",Joe's Venture,,,,FALSE,Option 1,56,Option 2,Tan,Option 3,English Wool,Caf45,,,,deny,manual,11000.00,,TRUE,TRUE,,,,,FALSE,Lamb Napa Man Cafe Racer,"DescriptionA minimalistic selection that makes a style statement: both elegant and practical, it lends itself to multiple combinations and wearing on an array of occasions. The colour palette includes the brand’s characteristic neutral nuances, combined with a minimalist design, create a series of key pieces for the ma",,,,,new,,,,,,draft
lamb-napa-cafe-racer,Lamb Napa Man Cafe Racer,"DescriptionA minimalistic selection that makes a style statement: both elegant and practical, it lends itself to multiple combinations and wearing on an array of occasions. The colour palette includes the brand’s characteristic neutral nuances, combined with a minimalist design, create a series of key pieces for the male wardrobe. The leather biker jacket is reinvented to reflect the latest trends, acquiring all the charm of JLG. This garment is made from high-quality, semi-aniline, lambskin nappa leather. It has a matching lining and features the classic off-centre fastening typical of biker jackets.Details-Made from Egyptian Napa Leather-Classic Neckline-One YKK Zipper chest pocket-YKK Snaps With Joe's Logo-YKK Zipped cuffs-2YKK Zipper Pockets on the waist-Long Sleeves-Two Inner Pockets-Fully Lined",Joe's Venture,,,,FALSE,Option 1,56,Option 2,Distressed Brown,Option 3,Silk,Caf46,,,,deny,manual,8500.00,,TRUE,TRUE,,,,,FALSE,Lamb Napa Man Cafe Racer,"DescriptionA minimalistic selection that makes a style statement: both elegant and practical, it lends itself to multiple combinations and wearing on an array of occasions. The colour palette includes the brand’s characteristic neutral nuances, combined with a minimalist design, create a series of key pieces for the ma",,,,,new,,,,,,draft
lamb-napa-cafe-racer,Lamb Napa Man Cafe Racer,"DescriptionA minimalistic selection that makes a style statement: both elegant and practical, it lends itself to multiple combinations and wearing on an array of occasions. The colour palette includes the brand’s characteristic neutral nuances, combined with a minimalist design, create a series of key pieces for the male wardrobe. The leather biker jacket is reinvented to reflect the latest trends, acquiring all the charm of JLG. This garment is made from high-quality, semi-aniline, lambskin nappa leather. It has a matching lining and features the classic off-centre fastening typical of biker jackets.Details-Made from Egyptian Napa Leather-Classic Neckline-One YKK Zipper chest pocket-YKK Snaps With Joe's Logo-YKK Zipped cuffs-2YKK Zipper Pockets on the waist-Long Sleeves-Two Inner Pockets-Fully Lined",Joe's Venture,,,,FALSE,Option 1,56,Option 2,Distressed Brown,Option 3,English Wool,Caf47,,,,deny,manual,11000.00,,TRUE,TRUE,,,,,FALSE,Lamb Napa Man Cafe Racer,"DescriptionA minimalistic selection that makes a style statement: both elegant and practical, it lends itself to multiple combinations and wearing on an array of occasions. The colour palette includes the brand’s characteristic neutral nuances, combined with a minimalist design, create a series of key pieces for the ma",,,,,new,,,,,,draft
lamb-napa-cafe-racer,Lamb Napa Man Cafe Racer,"DescriptionA minimalistic selection that makes a style statement: both elegant and practical, it lends itself to multiple combinations and wearing on an array of occasions. The colour palette includes the brand’s characteristic neutral nuances, combined with a minimalist design, create a series of key pieces for the male wardrobe. The leather biker jacket is reinvented to reflect the latest trends, acquiring all the charm of JLG. This garment is made from high-quality, semi-aniline, lambskin nappa leather. It has a matching lining and features the classic off-centre fastening typical of biker jackets.Details-Made from Egyptian Napa Leather-Classic Neckline-One YKK Zipper chest pocket-YKK Snaps With Joe's Logo-YKK Zipped cuffs-2YKK Zipper Pockets on the waist-Long Sleeves-Two Inner Pockets-Fully Lined",Joe's Venture,,,,FALSE,Option 1,56,Option 2,ForestGreen,Option 3,Silk,Caf48,,,,deny,manual,8500.00,,TRUE,TRUE,,,,,FALSE,Lamb Napa Man Cafe Racer,"DescriptionA minimalistic selection that makes a style statement: both elegant and practical, it lends itself to multiple combinations and wearing on an array of occasions. The colour palette includes the brand’s characteristic neutral nuances, combined with a minimalist design, create a series of key pieces for the ma",,,,,new,,,,,,draft
lamb-napa-cafe-racer,Lamb Napa Man Cafe Racer,"DescriptionA minimalistic selection that makes a style statement: both elegant and practical, it lends itself to multiple combinations and wearing on an array of occasions. The colour palette includes the brand’s characteristic neutral nuances, combined with a minimalist design, create a series of key pieces for the male wardrobe. The leather biker jacket is reinvented to reflect the latest trends, acquiring all the charm of JLG. This garment is made from high-quality, semi-aniline, lambskin nappa leather. It has a matching lining and features the classic off-centre fastening typical of biker jackets.Details-Made from Egyptian Napa Leather-Classic Neckline-One YKK Zipper chest pocket-YKK Snaps With Joe's Logo-YKK Zipped cuffs-2YKK Zipper Pockets on the waist-Long Sleeves-Two Inner Pockets-Fully Lined",Joe's Venture,,,,FALSE,Option 1,56,Option 2,ForestGreen,Option 3,English Wool,Caf49,,,,deny,manual,11000.00,,TRUE,TRUE,,,,,FALSE,Lamb Napa Man Cafe Racer,"DescriptionA minimalistic selection that makes a style statement: both elegant and practical, it lends itself to multiple combinations and wearing on an array of occasions. The colour palette includes the brand’s characteristic neutral nuances, combined with a minimalist design, create a series of key pieces for the ma",,,,,new,,,,,,draft
lamb-napa-cafe-racer,Lamb Napa Man Cafe Racer,"DescriptionA minimalistic selection that makes a style statement: both elegant and practical, it lends itself to multiple combinations and wearing on an array of occasions. The colour palette includes the brand’s characteristic neutral nuances, combined with a minimalist design, create a series of key pieces for the male wardrobe. The leather biker jacket is reinvented to reflect the latest trends, acquiring all the charm of JLG. This garment is made from high-quality, semi-aniline, lambskin nappa leather. It has a matching lining and features the classic off-centre fastening typical of biker jackets.Details-Made from Egyptian Napa Leather-Classic Neckline-One YKK Zipper chest pocket-YKK Snaps With Joe's Logo-YKK Zipped cuffs-2YKK Zipper Pockets on the waist-Long Sleeves-Two Inner Pockets-Fully Lined",Joe's Venture,,,,FALSE,Option 1,56,Option 2,Bordeaux,Option 3,Silk,Caf50,,,,deny,manual,8500.00,,TRUE,TRUE,,,,,FALSE,Lamb Napa Man Cafe Racer,"DescriptionA minimalistic selection that makes a style statement: both elegant and practical, it lends itself to multiple combinations and wearing on an array of occasions. The colour palette includes the brand’s characteristic neutral nuances, combined with a minimalist design, create a series of key pieces for the ma",,,,,new,,,,,,draft
lamb-napa-cafe-racer,Lamb Napa Man Cafe Racer,"DescriptionA minimalistic selection that makes a style statement: both elegant and practical, it lends itself to multiple combinations and wearing on an array of occasions. The colour palette includes the brand’s characteristic neutral nuances, combined with a minimalist design, create a series of key pieces for the male wardrobe. The leather biker jacket is reinvented to reflect the latest trends, acquiring all the charm of JLG. This garment is made from high-quality, semi-aniline, lambskin nappa leather. It has a matching lining and features the classic off-centre fastening typical of biker jackets.Details-Made from Egyptian Napa Leather-Classic Neckline-One YKK Zipper chest pocket-YKK Snaps With Joe's Logo-YKK Zipped cuffs-2YKK Zipper Pockets on the waist-Long Sleeves-Two Inner Pockets-Fully Lined",Joe's Venture,,,,FALSE,Option 1,56,Option 2,Bordeaux,Option 3,English Wool,Caf51,,,,deny,manual,11000.00,,TRUE,TRUE,,,,,FALSE,Lamb Napa Man Cafe Racer,"DescriptionA minimalistic selection that makes a style statement: both elegant and practical, it lends itself to multiple combinations and wearing on an array of occasions. The colour palette includes the brand’s characteristic neutral nuances, combined with a minimalist design, create a series of key pieces for the ma",,,,,new,,,,,,draft
lamb-napa-cafe-racer,Lamb Napa Man Cafe Racer,"DescriptionA minimalistic selection that makes a style statement: both elegant and practical, it lends itself to multiple combinations and wearing on an array of occasions. The colour palette includes the brand’s characteristic neutral nuances, combined with a minimalist design, create a series of key pieces for the male wardrobe. The leather biker jacket is reinvented to reflect the latest trends, acquiring all the charm of JLG. This garment is made from high-quality, semi-aniline, lambskin nappa leather. It has a matching lining and features the classic off-centre fastening typical of biker jackets.Details-Made from Egyptian Napa Leather-Classic Neckline-One YKK Zipper chest pocket-YKK Snaps With Joe's Logo-YKK Zipped cuffs-2YKK Zipper Pockets on the waist-Long Sleeves-Two Inner Pockets-Fully Lined",Joe's Venture,,,,FALSE,Option 1,Request Appointment,Option 2,Black,Option 3,Silk,Caf52,,,,deny,manual,8500.00,,TRUE,TRUE,,,,,FALSE,Lamb Napa Man Cafe Racer,"DescriptionA minimalistic selection that makes a style statement: both elegant and practical, it lends itself to multiple combinations and wearing on an array of occasions. The colour palette includes the brand’s characteristic neutral nuances, combined with a minimalist design, create a series of key pieces for the ma",,,,,new,,,,,,draft
lamb-napa-cafe-racer,Lamb Napa Man Cafe Racer,"DescriptionA minimalistic selection that makes a style statement: both elegant and practical, it lends itself to multiple combinations and wearing on an array of occasions. The colour palette includes the brand’s characteristic neutral nuances, combined with a minimalist design, create a series of key pieces for the male wardrobe. The leather biker jacket is reinvented to reflect the latest trends, acquiring all the charm of JLG. This garment is made from high-quality, semi-aniline, lambskin nappa leather. It has a matching lining and features the classic off-centre fastening typical of biker jackets.Details-Made from Egyptian Napa Leather-Classic Neckline-One YKK Zipper chest pocket-YKK Snaps With Joe's Logo-YKK Zipped cuffs-2YKK Zipper Pockets on the waist-Long Sleeves-Two Inner Pockets-Fully Lined",Joe's Venture,,,,FALSE,Option 1,Request Appointment,Option 2,Black,Option 3,English Wool,Caf53,,,,deny,manual,11000.00,,TRUE,TRUE,,,,,FALSE,Lamb Napa Man Cafe Racer,"DescriptionA minimalistic selection that makes a style statement: both elegant and practical, it lends itself to multiple combinations and wearing on an array of occasions. The colour palette includes the brand’s characteristic neutral nuances, combined with a minimalist design, create a series of key pieces for the ma",,,,,new,,,,,,draft
lamb-napa-cafe-racer,Lamb Napa Man Cafe Racer,"DescriptionA minimalistic selection that makes a style statement: both elegant and practical, it lends itself to multiple combinations and wearing on an array of occasions. The colour palette includes the brand’s characteristic neutral nuances, combined with a minimalist design, create a series of key pieces for the male wardrobe. The leather biker jacket is reinvented to reflect the latest trends, acquiring all the charm of JLG. This garment is made from high-quality, semi-aniline, lambskin nappa leather. It has a matching lining and features the classic off-centre fastening typical of biker jackets.Details-Made from Egyptian Napa Leather-Classic Neckline-One YKK Zipper chest pocket-YKK Snaps With Joe's Logo-YKK Zipped cuffs-2YKK Zipper Pockets on the waist-Long Sleeves-Two Inner Pockets-Fully Lined",Joe's Venture,,,,FALSE,Option 1,Request Appointment,Option 2,Tan,Option 3,Silk,Caf54,,,,deny,manual,8500.00,,TRUE,TRUE,,,,,FALSE,Lamb Napa Man Cafe Racer,"DescriptionA minimalistic selection that makes a style statement: both elegant and practical, it lends itself to multiple combinations and wearing on an array of occasions. The colour palette includes the brand’s characteristic neutral nuances, combined with a minimalist design, create a series of key pieces for the ma",,,,,new,,,,,,draft
lamb-napa-cafe-racer,Lamb Napa Man Cafe Racer,"DescriptionA minimalistic selection that makes a style statement: both elegant and practical, it lends itself to multiple combinations and wearing on an array of occasions. The colour palette includes the brand’s characteristic neutral nuances, combined with a minimalist design, create a series of key pieces for the male wardrobe. The leather biker jacket is reinvented to reflect the latest trends, acquiring all the charm of JLG. This garment is made from high-quality, semi-aniline, lambskin nappa leather. It has a matching lining and features the classic off-centre fastening typical of biker jackets.Details-Made from Egyptian Napa Leather-Classic Neckline-One YKK Zipper chest pocket-YKK Snaps With Joe's Logo-YKK Zipped cuffs-2YKK Zipper Pockets on the waist-Long Sleeves-Two Inner Pockets-Fully Lined",Joe's Venture,,,,FALSE,Option 1,Request Appointment,Option 2,Tan,Option 3,English Wool,Caf55,,,,deny,manual,11000.00,,TRUE,TRUE,,,,,FALSE,Lamb Napa Man Cafe Racer,"DescriptionA minimalistic selection that makes a style statement: both elegant and practical, it lends itself to multiple combinations and wearing on an array of occasions. The colour palette includes the brand’s characteristic neutral nuances, combined with a minimalist design, create a series of key pieces for the ma",,,,,new,,,,,,draft
lamb-napa-cafe-racer,Lamb Napa Man Cafe Racer,"DescriptionA minimalistic selection that makes a style statement: both elegant and practical, it lends itself to multiple combinations and wearing on an array of occasions. The colour palette includes the brand’s characteristic neutral nuances, combined with a minimalist design, create a series of key pieces for the male wardrobe. The leather biker jacket is reinvented to reflect the latest trends, acquiring all the charm of JLG. This garment is made from high-quality, semi-aniline, lambskin nappa leather. It has a matching lining and features the classic off-centre fastening typical of biker jackets.Details-Made from Egyptian Napa Leather-Classic Neckline-One YKK Zipper chest pocket-YKK Snaps With Joe's Logo-YKK Zipped cuffs-2YKK Zipper Pockets on the waist-Long Sleeves-Two Inner Pockets-Fully Lined",Joe's Venture,,,,FALSE,Option 1,Request Appointment,Option 2,Distressed Brown,Option 3,Silk,Caf56,,,,deny,manual,8500.00,,TRUE,TRUE,,,,,FALSE,Lamb Napa Man Cafe Racer,"DescriptionA minimalistic selection that makes a style statement: both elegant and practical, it lends itself to multiple combinations and wearing on an array of occasions. The colour palette includes the brand’s characteristic neutral nuances, combined with a minimalist design, create a series of key pieces for the ma",,,,,new,,,,,,draft
lamb-napa-cafe-racer,Lamb Napa Man Cafe Racer,"DescriptionA minimalistic selection that makes a style statement: both elegant and practical, it lends itself to multiple combinations and wearing on an array of occasions. The colour palette includes the brand’s characteristic neutral nuances, combined with a minimalist design, create a series of key pieces for the male wardrobe. The leather biker jacket is reinvented to reflect the latest trends, acquiring all the charm of JLG. This garment is made from high-quality, semi-aniline, lambskin nappa leather. It has a matching lining and features the classic off-centre fastening typical of biker jackets.Details-Made from Egyptian Napa Leather-Classic Neckline-One YKK Zipper chest pocket-YKK Snaps With Joe's Logo-YKK Zipped cuffs-2YKK Zipper Pockets on the waist-Long Sleeves-Two Inner Pockets-Fully Lined",Joe's Venture,,,,FALSE,Option 1,Request Appointment,Option 2,Distressed Brown,Option 3,English Wool,Caf57,,,,deny,manual,11000.00,,TRUE,TRUE,,,,,FALSE,Lamb Napa Man Cafe Racer,"DescriptionA minimalistic selection that makes a style statement: both elegant and practical, it lends itself to multiple combinations and wearing on an array of occasions. The colour palette includes the brand’s characteristic neutral nuances, combined with a minimalist design, create a series of key pieces for the ma",,,,,new,,,,,,draft
lamb-napa-cafe-racer,Lamb Napa Man Cafe Racer,"DescriptionA minimalistic selection that makes a style statement: both elegant and practical, it lends itself to multiple combinations and wearing on an array of occasions. The colour palette includes the brand’s characteristic neutral nuances, combined with a minimalist design, create a series of key pieces for the male wardrobe. The leather biker jacket is reinvented to reflect the latest trends, acquiring all the charm of JLG. This garment is made from high-quality, semi-aniline, lambskin nappa leather. It has a matching lining and features the classic off-centre fastening typical of biker jackets.Details-Made from Egyptian Napa Leather-Classic Neckline-One YKK Zipper chest pocket-YKK Snaps With Joe's Logo-YKK Zipped cuffs-2YKK Zipper Pockets on the waist-Long Sleeves-Two Inner Pockets-Fully Lined",Joe's Venture,,,,FALSE,Option 1,Request Appointment,Option 2,ForestGreen,Option 3,Silk,Caf59,,,,deny,manual,8500.00,,TRUE,TRUE,,,,,FALSE,Lamb Napa Man Cafe Racer,"DescriptionA minimalistic selection that makes a style statement: both elegant and practical, it lends itself to multiple combinations and wearing on an array of occasions. The colour palette includes the brand’s characteristic neutral nuances, combined with a minimalist design, create a series of key pieces for the ma",,,,,new,,,,,,draft
lamb-napa-cafe-racer,Lamb Napa Man Cafe Racer,"DescriptionA minimalistic selection that makes a style statement: both elegant and practical, it lends itself to multiple combinations and wearing on an array of occasions. The colour palette includes the brand’s characteristic neutral nuances, combined with a minimalist design, create a series of key pieces for the male wardrobe. The leather biker jacket is reinvented to reflect the latest trends, acquiring all the charm of JLG. This garment is made from high-quality, semi-aniline, lambskin nappa leather. It has a matching lining and features the classic off-centre fastening typical of biker jackets.Details-Made from Egyptian Napa Leather-Classic Neckline-One YKK Zipper chest pocket-YKK Snaps With Joe's Logo-YKK Zipped cuffs-2YKK Zipper Pockets on the waist-Long Sleeves-Two Inner Pockets-Fully Lined",Joe's Venture,,,,FALSE,Option 1,Request Appointment,Option 2,ForestGreen,Option 3,English Wool,Caf60,,,,deny,manual,11000.00,,TRUE,TRUE,,,,,FALSE,Lamb Napa Man Cafe Racer,"DescriptionA minimalistic selection that makes a style statement: both elegant and practical, it lends itself to multiple combinations and wearing on an array of occasions. The colour palette includes the brand’s characteristic neutral nuances, combined with a minimalist design, create a series of key pieces for the ma",,,,,new,,,,,,draft
lamb-napa-cafe-racer,Lamb Napa Man Cafe Racer,"DescriptionA minimalistic selection that makes a style statement: both elegant and practical, it lends itself to multiple combinations and wearing on an array of occasions. The colour palette includes the brand’s characteristic neutral nuances, combined with a minimalist design, create a series of key pieces for the male wardrobe. The leather biker jacket is reinvented to reflect the latest trends, acquiring all the charm of JLG. This garment is made from high-quality, semi-aniline, lambskin nappa leather. It has a matching lining and features the classic off-centre fastening typical of biker jackets.Details-Made from Egyptian Napa Leather-Classic Neckline-One YKK Zipper chest pocket-YKK Snaps With Joe's Logo-YKK Zipped cuffs-2YKK Zipper Pockets on the waist-Long Sleeves-Two Inner Pockets-Fully Lined",Joe's Venture,,,,FALSE,Option 1,Request Appointment,Option 2,Bordeaux,Option 3,Silk,Caf61,,,,deny,manual,8500.00,,TRUE,TRUE,,,,,FALSE,Lamb Napa Man Cafe Racer,"DescriptionA minimalistic selection that makes a style statement: both elegant and practical, it lends itself to multiple combinations and wearing on an array of occasions. The colour palette includes the brand’s characteristic neutral nuances, combined with a minimalist design, create a series of key pieces for the ma",,,,,new,,,,,,draft
lamb-napa-cafe-racer,Lamb Napa Man Cafe Racer,"DescriptionA minimalistic selection that makes a style statement: both elegant and practical, it lends itself to multiple combinations and wearing on an array of occasions. The colour palette includes the brand’s characteristic neutral nuances, combined with a minimalist design, create a series of key pieces for the male wardrobe. The leather biker jacket is reinvented to reflect the latest trends, acquiring all the charm of JLG. This garment is made from high-quality, semi-aniline, lambskin nappa leather. It has a matching lining and features the classic off-centre fastening typical of biker jackets.Details-Made from Egyptian Napa Leather-Classic Neckline-One YKK Zipper chest pocket-YKK Snaps With Joe's Logo-YKK Zipped cuffs-2YKK Zipper Pockets on the waist-Long Sleeves-Two Inner Pockets-Fully Lined",Joe's Venture,,,,FALSE,Option 1,Request Appointment,Option 2,Bordeaux,Option 3,English Wool,Caf62,,,,deny,manual,11000.00,,TRUE,TRUE,,,,,FALSE,Lamb Napa Man Cafe Racer,"DescriptionA minimalistic selection that makes a style statement: both elegant and practical, it lends itself to multiple combinations and wearing on an array of occasions. The colour palette includes the brand’s characteristic neutral nuances, combined with a minimalist design, create a series of key pieces for the ma",,,,,new,,,,,,draft
lamb-napa-denim-cut-jacket,Lamb Napa - Denim Cut Jacket,"DescriptionThe denim Jacket is inspired from the jeans culture of NewYork at the early 50s.It's timeless design, Bold and classic at the very same time allows you to wear it on any outfit to make your look complete.Details-Made from Egyptian Napa Leather-Two chest Pockets-YKK Buttons With Joe's Logo-Two Buttoned cuffs-Long Sleeves-Two Inner Pockets-Fully Lined",Joe's Venture,,,,FALSE,Option 1,48,Option 2,Black,Option 3,Silk,DNM1,,,,deny,manual,9000.00,,TRUE,TRUE,,,,,FALSE,Lamb Napa - Denim Cut Jacket,"DescriptionThe denim Jacket is inspired from the jeans culture of NewYork at the early 50s.It's timeless design, Bold and classic at the very same time allows you to wear it on any outfit to make your look complete.Details-Made from Egyptian Napa Leather-Two chest Pockets-YKK Buttons With Joe's Logo-Two Buttoned cuffs-",,,,,new,,,,,,draft
lamb-napa-denim-cut-jacket,Lamb Napa - Denim Cut Jacket,"DescriptionThe denim Jacket is inspired from the jeans culture of NewYork at the early 50s.It's timeless design, Bold and classic at the very same time allows you to wear it on any outfit to make your look complete.Details-Made from Egyptian Napa Leather-Two chest Pockets-YKK Buttons With Joe's Logo-Two Buttoned cuffs-Long Sleeves-Two Inner Pockets-Fully Lined",Joe's Venture,,,,FALSE,Option 1,48,Option 2,Black,Option 3,English Wool,DNM2,,,,deny,manual,11500.00,,TRUE,TRUE,,,,,FALSE,Lamb Napa - Denim Cut Jacket,"DescriptionThe denim Jacket is inspired from the jeans culture of NewYork at the early 50s.It's timeless design, Bold and classic at the very same time allows you to wear it on any outfit to make your look complete.Details-Made from Egyptian Napa Leather-Two chest Pockets-YKK Buttons With Joe's Logo-Two Buttoned cuffs-",,,,,new,,,,,,draft
lamb-napa-denim-cut-jacket,Lamb Napa - Denim Cut Jacket,"DescriptionThe denim Jacket is inspired from the jeans culture of NewYork at the early 50s.It's timeless design, Bold and classic at the very same time allows you to wear it on any outfit to make your look complete.Details-Made from Egyptian Napa Leather-Two chest Pockets-YKK Buttons With Joe's Logo-Two Buttoned cuffs-Long Sleeves-Two Inner Pockets-Fully Lined",Joe's Venture,,,,FALSE,Option 1,48,Option 2,ForestGreen,Option 3,Silk,DNM3,,,,deny,manual,9000.00,,TRUE,TRUE,,,,,FALSE,Lamb Napa - Denim Cut Jacket,"DescriptionThe denim Jacket is inspired from the jeans culture of NewYork at the early 50s.It's timeless design, Bold and classic at the very same time allows you to wear it on any outfit to make your look complete.Details-Made from Egyptian Napa Leather-Two chest Pockets-YKK Buttons With Joe's Logo-Two Buttoned cuffs-",,,,,new,,,,,,draft
lamb-napa-denim-cut-jacket,Lamb Napa - Denim Cut Jacket,"DescriptionThe denim Jacket is inspired from the jeans culture of NewYork at the early 50s.It's timeless design, Bold and classic at the very same time allows you to wear it on any outfit to make your look complete.Details-Made from Egyptian Napa Leather-Two chest Pockets-YKK Buttons With Joe's Logo-Two Buttoned cuffs-Long Sleeves-Two Inner Pockets-Fully Lined",Joe's Venture,,,,FALSE,Option 1,48,Option 2,ForestGreen,Option 3,English Wool,DNM4,,,,deny,manual,11500.00,,TRUE,TRUE,,,,,FALSE,Lamb Napa - Denim Cut Jacket,"DescriptionThe denim Jacket is inspired from the jeans culture of NewYork at the early 50s.It's timeless design, Bold and classic at the very same time allows you to wear it on any outfit to make your look complete.Details-Made from Egyptian Napa Leather-Two chest Pockets-YKK Buttons With Joe's Logo-Two Buttoned cuffs-",,,,,new,,,,,,draft
lamb-napa-denim-cut-jacket,Lamb Napa - Denim Cut Jacket,"DescriptionThe denim Jacket is inspired from the jeans culture of NewYork at the early 50s.It's timeless design, Bold and classic at the very same time allows you to wear it on any outfit to make your look complete.Details-Made from Egyptian Napa Leather-Two chest Pockets-YKK Buttons With Joe's Logo-Two Buttoned cuffs-Long Sleeves-Two Inner Pockets-Fully Lined",Joe's Venture,,,,FALSE,Option 1,48,Option 2,NavyBlue,Option 3,Silk,DNM5,,,,deny,manual,9000.00,,TRUE,TRUE,,,,,FALSE,Lamb Napa - Denim Cut Jacket,"DescriptionThe denim Jacket is inspired from the jeans culture of NewYork at the early 50s.It's timeless design, Bold and classic at the very same time allows you to wear it on any outfit to make your look complete.Details-Made from Egyptian Napa Leather-Two chest Pockets-YKK Buttons With Joe's Logo-Two Buttoned cuffs-",,,,,new,,,,,,draft
lamb-napa-denim-cut-jacket,Lamb Napa - Denim Cut Jacket,"DescriptionThe denim Jacket is inspired from the jeans culture of NewYork at the early 50s.It's timeless design, Bold and classic at the very same time allows you to wear it on any outfit to make your look complete.Details-Made from Egyptian Napa Leather-Two chest Pockets-YKK Buttons With Joe's Logo-Two Buttoned cuffs-Long Sleeves-Two Inner Pockets-Fully Lined",Joe's Venture,,,,FALSE,Option 1,48,Option 2,NavyBlue,Option 3,English Wool,DNM6,,,,deny,manual,11500.00,,TRUE,TRUE,,,,,FALSE,Lamb Napa - Denim Cut Jacket,"DescriptionThe denim Jacket is inspired from the jeans culture of NewYork at the early 50s.It's timeless design, Bold and classic at the very same time allows you to wear it on any outfit to make your look complete.Details-Made from Egyptian Napa Leather-Two chest Pockets-YKK Buttons With Joe's Logo-Two Buttoned cuffs-",,,,,new,,,,,,draft
lamb-napa-denim-cut-jacket,Lamb Napa - Denim Cut Jacket,"DescriptionThe denim Jacket is inspired from the jeans culture of NewYork at the early 50s.It's timeless design, Bold and classic at the very same time allows you to wear it on any outfit to make your look complete.Details-Made from Egyptian Napa Leather-Two chest Pockets-YKK Buttons With Joe's Logo-Two Buttoned cuffs-Long Sleeves-Two Inner Pockets-Fully Lined",Joe's Venture,,,,FALSE,Option 1,48,Option 2,Bordeaux,Option 3,Silk,DNM7,,,,deny,manual,9000.00,,TRUE,TRUE,,,,,FALSE,Lamb Napa - Denim Cut Jacket,"DescriptionThe denim Jacket is inspired from the jeans culture of NewYork at the early 50s.It's timeless design, Bold and classic at the very same time allows you to wear it on any outfit to make your look complete.Details-Made from Egyptian Napa Leather-Two chest Pockets-YKK Buttons With Joe's Logo-Two Buttoned cuffs-",,,,,new,,,,,,draft
lamb-napa-denim-cut-jacket,Lamb Napa - Denim Cut Jacket,"DescriptionThe denim Jacket is inspired from the jeans culture of NewYork at the early 50s.It's timeless design, Bold and classic at the very same time allows you to wear it on any outfit to make your look complete.Details-Made from Egyptian Napa Leather-Two chest Pockets-YKK Buttons With Joe's Logo-Two Buttoned cuffs-Long Sleeves-Two Inner Pockets-Fully Lined",Joe's Venture,,,,FALSE,Option 1,48,Option 2,Bordeaux,Option 3,English Wool,DNM8,,,,deny,manual,11500.00,,TRUE,TRUE,,,,,FALSE,Lamb Napa - Denim Cut Jacket,"DescriptionThe denim Jacket is inspired from the jeans culture of NewYork at the early 50s.It's timeless design, Bold and classic at the very same time allows you to wear it on any outfit to make your look complete.Details-Made from Egyptian Napa Leather-Two chest Pockets-YKK Buttons With Joe's Logo-Two Buttoned cuffs-",,,,,new,,,,,,draft
lamb-napa-denim-cut-jacket,Lamb Napa - Denim Cut Jacket,"DescriptionThe denim Jacket is inspired from the jeans culture of NewYork at the early 50s.It's timeless design, Bold and classic at the very same time allows you to wear it on any outfit to make your look complete.Details-Made from Egyptian Napa Leather-Two chest Pockets-YKK Buttons With Joe's Logo-Two Buttoned cuffs-Long Sleeves-Two Inner Pockets-Fully Lined",Joe's Venture,,,,FALSE,Option 1,50,Option 2,Black,Option 3,Silk,DNM9,,,,deny,manual,9000.00,,TRUE,TRUE,,,,,FALSE,Lamb Napa - Denim Cut Jacket,"DescriptionThe denim Jacket is inspired from the jeans culture of NewYork at the early 50s.It's timeless design, Bold and classic at the very same time allows you to wear it on any outfit to make your look complete.Details-Made from Egyptian Napa Leather-Two chest Pockets-YKK Buttons With Joe's Logo-Two Buttoned cuffs-",,,,,new,,,,,,draft
lamb-napa-denim-cut-jacket,Lamb Napa - Denim Cut Jacket,"DescriptionThe denim Jacket is inspired from the jeans culture of NewYork at the early 50s.It's timeless design, Bold and classic at the very same time allows you to wear it on any outfit to make your look complete.Details-Made from Egyptian Napa Leather-Two chest Pockets-YKK Buttons With Joe's Logo-Two Buttoned cuffs-Long Sleeves-Two Inner Pockets-Fully Lined",Joe's Venture,,,,FALSE,Option 1,50,Option 2,Black,Option 3,English Wool,DNM10,,,,deny,manual,11500.00,,TRUE,TRUE,,,,,FALSE,Lamb Napa - Denim Cut Jacket,"DescriptionThe denim Jacket is inspired from the jeans culture of NewYork at the early 50s.It's timeless design, Bold and classic at the very same time allows you to wear it on any outfit to make your look complete.Details-Made from Egyptian Napa Leather-Two chest Pockets-YKK Buttons With Joe's Logo-Two Buttoned cuffs-",,,,,new,,,,,,draft
lamb-napa-denim-cut-jacket,Lamb Napa - Denim Cut Jacket,"DescriptionThe denim Jacket is inspired from the jeans culture of NewYork at the early 50s.It's timeless design, Bold and classic at the very same time allows you to wear it on any outfit to make your look complete.Details-Made from Egyptian Napa Leather-Two chest Pockets-YKK Buttons With Joe's Logo-Two Buttoned cuffs-Long Sleeves-Two Inner Pockets-Fully Lined",Joe's Venture,,,,FALSE,Option 1,50,Option 2,ForestGreen,Option 3,Silk,DNM11,,,,deny,manual,9000.00,,TRUE,TRUE,,,,,FALSE,Lamb Napa - Denim Cut Jacket,"DescriptionThe denim Jacket is inspired from the jeans culture of NewYork at the early 50s.It's timeless design, Bold and classic at the very same time allows you to wear it on any outfit to make your look complete.Details-Made from Egyptian Napa Leather-Two chest Pockets-YKK Buttons With Joe's Logo-Two Buttoned cuffs-",,,,,new,,,,,,draft
lamb-napa-denim-cut-jacket,Lamb Napa - Denim Cut Jacket,"DescriptionThe denim Jacket is inspired from the jeans culture of NewYork at the early 50s.It's timeless design, Bold and classic at the very same time allows you to wear it on any outfit to make your look complete.Details-Made from Egyptian Napa Leather-Two chest Pockets-YKK Buttons With Joe's Logo-Two Buttoned cuffs-Long Sleeves-Two Inner Pockets-Fully Lined",Joe's Venture,,,,FALSE,Option 1,50,Option 2,ForestGreen,Option 3,English Wool,DNM12,,,,deny,manual,11500.00,,TRUE,TRUE,,,,,FALSE,Lamb Napa - Denim Cut Jacket,"DescriptionThe denim Jacket is inspired from the jeans culture of NewYork at the early 50s.It's timeless design, Bold and classic at the very same time allows you to wear it on any outfit to make your look complete.Details-Made from Egyptian Napa Leather-Two chest Pockets-YKK Buttons With Joe's Logo-Two Buttoned cuffs-",,,,,new,,,,,,draft
lamb-napa-denim-cut-jacket,Lamb Napa - Denim Cut Jacket,"DescriptionThe denim Jacket is inspired from the jeans culture of NewYork at the early 50s.It's timeless design, Bold and classic at the very same time allows you to wear it on any outfit to make your look complete.Details-Made from Egyptian Napa Leather-Two chest Pockets-YKK Buttons With Joe's Logo-Two Buttoned cuffs-Long Sleeves-Two Inner Pockets-Fully Lined",Joe's Venture,,,,FALSE,Option 1,50,Option 2,NavyBlue,Option 3,Silk,DNM13,,,,deny,manual,9000.00,,TRUE,TRUE,,,,,FALSE,Lamb Napa - Denim Cut Jacket,"DescriptionThe denim Jacket is inspired from the jeans culture of NewYork at the early 50s.It's timeless design, Bold and classic at the very same time allows you to wear it on any outfit to make your look complete.Details-Made from Egyptian Napa Leather-Two chest Pockets-YKK Buttons With Joe's Logo-Two Buttoned cuffs-",,,,,new,,,,,,draft
lamb-napa-denim-cut-jacket,Lamb Napa - Denim Cut Jacket,"DescriptionThe denim Jacket is inspired from the jeans culture of NewYork at the early 50s.It's timeless design, Bold and classic at the very same time allows you to wear it on any outfit to make your look complete.Details-Made from Egyptian Napa Leather-Two chest Pockets-YKK Buttons With Joe's Logo-Two Buttoned cuffs-Long Sleeves-Two Inner Pockets-Fully Lined",Joe's Venture,,,,FALSE,Option 1,50,Option 2,NavyBlue,Option 3,English Wool,DNM14,,,,deny,manual,11500.00,,TRUE,TRUE,,,,,FALSE,Lamb Napa - Denim Cut Jacket,"DescriptionThe denim Jacket is inspired from the jeans culture of NewYork at the early 50s.It's timeless design, Bold and classic at the very same time allows you to wear it on any outfit to make your look complete.Details-Made from Egyptian Napa Leather-Two chest Pockets-YKK Buttons With Joe's Logo-Two Buttoned cuffs-",,,,,new,,,,,,draft
lamb-napa-denim-cut-jacket,Lamb Napa - Denim Cut Jacket,"DescriptionThe denim Jacket is inspired from the jeans culture of NewYork at the early 50s.It's timeless design, Bold and classic at the very same time allows you to wear it on any outfit to make your look complete.Details-Made from Egyptian Napa Leather-Two chest Pockets-YKK Buttons With Joe's Logo-Two Buttoned cuffs-Long Sleeves-Two Inner Pockets-Fully Lined",Joe's Venture,,,,FALSE,Option 1,50,Option 2,Bordeaux,Option 3,Silk,DNM15,,,,deny,manual,9000.00,,TRUE,TRUE,,,,,FALSE,Lamb Napa - Denim Cut Jacket,"DescriptionThe denim Jacket is inspired from the jeans culture of NewYork at the early 50s.It's timeless design, Bold and classic at the very same time allows you to wear it on any outfit to make your look complete.Details-Made from Egyptian Napa Leather-Two chest Pockets-YKK Buttons With Joe's Logo-Two Buttoned cuffs-",,,,,new,,,,,,draft
lamb-napa-denim-cut-jacket,Lamb Napa - Denim Cut Jacket,"DescriptionThe denim Jacket is inspired from the jeans culture of NewYork at the early 50s.It's timeless design, Bold and classic at the very same time allows you to wear it on any outfit to make your look complete.Details-Made from Egyptian Napa Leather-Two chest Pockets-YKK Buttons With Joe's Logo-Two Buttoned cuffs-Long Sleeves-Two Inner Pockets-Fully Lined",Joe's Venture,,,,FALSE,Option 1,50,Option 2,Bordeaux,Option 3,English Wool,DNM16,,,,deny,manual,11500.00,,TRUE,TRUE,,,,,FALSE,Lamb Napa - Denim Cut Jacket,"DescriptionThe denim Jacket is inspired from the jeans culture of NewYork at the early 50s.It's timeless design, Bold and classic at the very same time allows you to wear it on any outfit to make your look complete.Details-Made from Egyptian Napa Leather-Two chest Pockets-YKK Buttons With Joe's Logo-Two Buttoned cuffs-",,,,,new,,,,,,draft
lamb-napa-denim-cut-jacket,Lamb Napa - Denim Cut Jacket,"DescriptionThe denim Jacket is inspired from the jeans culture of NewYork at the early 50s.It's timeless design, Bold and classic at the very same time allows you to wear it on any outfit to make your look complete.Details-Made from Egyptian Napa Leather-Two chest Pockets-YKK Buttons With Joe's Logo-Two Buttoned cuffs-Long Sleeves-Two Inner Pockets-Fully Lined",Joe's Venture,,,,FALSE,Option 1,52,Option 2,Black,Option 3,Silk,DNM17,,,,deny,manual,9000.00,,TRUE,TRUE,,,,,FALSE,Lamb Napa - Denim Cut Jacket,"DescriptionThe denim Jacket is inspired from the jeans culture of NewYork at the early 50s.It's timeless design, Bold and classic at the very same time allows you to wear it on any outfit to make your look complete.Details-Made from Egyptian Napa Leather-Two chest Pockets-YKK Buttons With Joe's Logo-Two Buttoned cuffs-",,,,,new,,,,,,draft
lamb-napa-denim-cut-jacket,Lamb Napa - Denim Cut Jacket,"DescriptionThe denim Jacket is inspired from the jeans culture of NewYork at the early 50s.It's timeless design, Bold and classic at the very same time allows you to wear it on any outfit to make your look complete.Details-Made from Egyptian Napa Leather-Two chest Pockets-YKK Buttons With Joe's Logo-Two Buttoned cuffs-Long Sleeves-Two Inner Pockets-Fully Lined",Joe's Venture,,,,FALSE,Option 1,52,Option 2,Black,Option 3,English Wool,DNM18,,,,deny,manual,11500.00,,TRUE,TRUE,,,,,FALSE,Lamb Napa - Denim Cut Jacket,"DescriptionThe denim Jacket is inspired from the jeans culture of NewYork at the early 50s.It's timeless design, Bold and classic at the very same time allows you to wear it on any outfit to make your look complete.Details-Made from Egyptian Napa Leather-Two chest Pockets-YKK Buttons With Joe's Logo-Two Buttoned cuffs-",,,,,new,,,,,,draft
lamb-napa-denim-cut-jacket,Lamb Napa - Denim Cut Jacket,"DescriptionThe denim Jacket is inspired from the jeans culture of NewYork at the early 50s.It's timeless design, Bold and classic at the very same time allows you to wear it on any outfit to make your look complete.Details-Made from Egyptian Napa Leather-Two chest Pockets-YKK Buttons With Joe's Logo-Two Buttoned cuffs-Long Sleeves-Two Inner Pockets-Fully Lined",Joe's Venture,,,,FALSE,Option 1,52,Option 2,ForestGreen,Option 3,Silk,DNM19,,,,deny,manual,9000.00,,TRUE,TRUE,,,,,FALSE,Lamb Napa - Denim Cut Jacket,"DescriptionThe denim Jacket is inspired from the jeans culture of NewYork at the early 50s.It's timeless design, Bold and classic at the very same time allows you to wear it on any outfit to make your look complete.Details-Made from Egyptian Napa Leather-Two chest Pockets-YKK Buttons With Joe's Logo-Two Buttoned cuffs-",,,,,new,,,,,,draft
lamb-napa-denim-cut-jacket,Lamb Napa - Denim Cut Jacket,"DescriptionThe denim Jacket is inspired from the jeans culture of NewYork at the early 50s.It's timeless design, Bold and classic at the very same time allows you to wear it on any outfit to make your look complete.Details-Made from Egyptian Napa Leather-Two chest Pockets-YKK Buttons With Joe's Logo-Two Buttoned cuffs-Long Sleeves-Two Inner Pockets-Fully Lined",Joe's Venture,,,,FALSE,Option 1,52,Option 2,ForestGreen,Option 3,English Wool,DNM20,,,,deny,manual,11500.00,,TRUE,TRUE,,,,,FALSE,Lamb Napa - Denim Cut Jacket,"DescriptionThe denim Jacket is inspired from the jeans culture of NewYork at the early 50s.It's timeless design, Bold and classic at the very same time allows you to wear it on any outfit to make your look complete.Details-Made from Egyptian Napa Leather-Two chest Pockets-YKK Buttons With Joe's Logo-Two Buttoned cuffs-",,,,,new,,,,,,draft
lamb-napa-denim-cut-jacket,Lamb Napa - Denim Cut Jacket,"DescriptionThe denim Jacket is inspired from the jeans culture of NewYork at the early 50s.It's timeless design, Bold and classic at the very same time allows you to wear it on any outfit to make your look complete.Details-Made from Egyptian Napa Leather-Two chest Pockets-YKK Buttons With Joe's Logo-Two Buttoned cuffs-Long Sleeves-Two Inner Pockets-Fully Lined",Joe's Venture,,,,FALSE,Option 1,52,Option 2,NavyBlue,Option 3,Silk,DNM21,,,,deny,manual,9000.00,,TRUE,TRUE,,,,,FALSE,Lamb Napa - Denim Cut Jacket,"DescriptionThe denim Jacket is inspired from the jeans culture of NewYork at the early 50s.It's timeless design, Bold and classic at the very same time allows you to wear it on any outfit to make your look complete.Details-Made from Egyptian Napa Leather-Two chest Pockets-YKK Buttons With Joe's Logo-Two Buttoned cuffs-",,,,,new,,,,,,draft
lamb-napa-denim-cut-jacket,Lamb Napa - Denim Cut Jacket,"DescriptionThe denim Jacket is inspired from the jeans culture of NewYork at the early 50s.It's timeless design, Bold and classic at the very same time allows you to wear it on any outfit to make your look complete.Details-Made from Egyptian Napa Leather-Two chest Pockets-YKK Buttons With Joe's Logo-Two Buttoned cuffs-Long Sleeves-Two Inner Pockets-Fully Lined",Joe's Venture,,,,FALSE,Option 1,52,Option 2,NavyBlue,Option 3,English Wool,DNM22,,,,deny,manual,11500.00,,TRUE,TRUE,,,,,FALSE,Lamb Napa - Denim Cut Jacket,"DescriptionThe denim Jacket is inspired from the jeans culture of NewYork at the early 50s.It's timeless design, Bold and classic at the very same time allows you to wear it on any outfit to make your look complete.Details-Made from Egyptian Napa Leather-Two chest Pockets-YKK Buttons With Joe's Logo-Two Buttoned cuffs-",,,,,new,,,,,,draft
lamb-napa-denim-cut-jacket,Lamb Napa - Denim Cut Jacket,"DescriptionThe denim Jacket is inspired from the jeans culture of NewYork at the early 50s.It's timeless design, Bold and classic at the very same time allows you to wear it on any outfit to make your look complete.Details-Made from Egyptian Napa Leather-Two chest Pockets-YKK Buttons With Joe's Logo-Two Buttoned cuffs-Long Sleeves-Two Inner Pockets-Fully Lined",Joe's Venture,,,,FALSE,Option 1,52,Option 2,Bordeaux,Option 3,Silk,DNM23,,,,deny,manual,9000.00,,TRUE,TRUE,,,,,FALSE,Lamb Napa - Denim Cut Jacket,"DescriptionThe denim Jacket is inspired from the jeans culture of NewYork at the early 50s.It's timeless design, Bold and classic at the very same time allows you to wear it on any outfit to make your look complete.Details-Made from Egyptian Napa Leather-Two chest Pockets-YKK Buttons With Joe's Logo-Two Buttoned cuffs-",,,,,new,,,,,,draft
lamb-napa-denim-cut-jacket,Lamb Napa - Denim Cut Jacket,"DescriptionThe denim Jacket is inspired from the jeans culture of NewYork at the early 50s.It's timeless design, Bold and classic at the very same time allows you to wear it on any outfit to make your look complete.Details-Made from Egyptian Napa Leather-Two chest Pockets-YKK Buttons With Joe's Logo-Two Buttoned cuffs-Long Sleeves-Two Inner Pockets-Fully Lined",Joe's Venture,,,,FALSE,Option 1,52,Option 2,Bordeaux,Option 3,English Wool,DNM24,,,,deny,manual,11500.00,,TRUE,TRUE,,,,,FALSE,Lamb Napa - Denim Cut Jacket,"DescriptionThe denim Jacket is inspired from the jeans culture of NewYork at the early 50s.It's timeless design, Bold and classic at the very same time allows you to wear it on any outfit to make your look complete.Details-Made from Egyptian Napa Leather-Two chest Pockets-YKK Buttons With Joe's Logo-Two Buttoned cuffs-",,,,,new,,,,,,draft
lamb-napa-denim-cut-jacket,Lamb Napa - Denim Cut Jacket,"DescriptionThe denim Jacket is inspired from the jeans culture of NewYork at the early 50s.It's timeless design, Bold and classic at the very same time allows you to wear it on any outfit to make your look complete.Details-Made from Egyptian Napa Leather-Two chest Pockets-YKK Buttons With Joe's Logo-Two Buttoned cuffs-Long Sleeves-Two Inner Pockets-Fully Lined",Joe's Venture,,,,FALSE,Option 1,54,Option 2,Black,Option 3,Silk,DNM25,,,,deny,manual,9000.00,,TRUE,TRUE,,,,,FALSE,Lamb Napa - Denim Cut Jacket,"DescriptionThe denim Jacket is inspired from the jeans culture of NewYork at the early 50s.It's timeless design, Bold and classic at the very same time allows you to wear it on any outfit to make your look complete.Details-Made from Egyptian Napa Leather-Two chest Pockets-YKK Buttons With Joe's Logo-Two Buttoned cuffs-",,,,,new,,,,,,draft
lamb-napa-denim-cut-jacket,Lamb Napa - Denim Cut Jacket,"DescriptionThe denim Jacket is inspired from the jeans culture of NewYork at the early 50s.It's timeless design, Bold and classic at the very same time allows you to wear it on any outfit to make your look complete.Details-Made from Egyptian Napa Leather-Two chest Pockets-YKK Buttons With Joe's Logo-Two Buttoned cuffs-Long Sleeves-Two Inner Pockets-Fully Lined",Joe's Venture,,,,FALSE,Option 1,54,Option 2,Black,Option 3,English Wool,DNM26,,,,deny,manual,11500.00,,TRUE,TRUE,,,,,FALSE,Lamb Napa - Denim Cut Jacket,"DescriptionThe denim Jacket is inspired from the jeans culture of NewYork at the early 50s.It's timeless design, Bold and classic at the very same time allows you to wear it on any outfit to make your look complete.Details-Made from Egyptian Napa Leather-Two chest Pockets-YKK Buttons With Joe's Logo-Two Buttoned cuffs-",,,,,new,,,,,,draft
lamb-napa-denim-cut-jacket,Lamb Napa - Denim Cut Jacket,"DescriptionThe denim Jacket is inspired from the jeans culture of NewYork at the early 50s.It's timeless design, Bold and classic at the very same time allows you to wear it on any outfit to make your look complete.Details-Made from Egyptian Napa Leather-Two chest Pockets-YKK Buttons With Joe's Logo-Two Buttoned cuffs-Long Sleeves-Two Inner Pockets-Fully Lined",Joe's Venture,,,,FALSE,Option 1,54,Option 2,ForestGreen,Option 3,Silk,DNM27,,,,deny,manual,9000.00,,TRUE,TRUE,,,,,FALSE,Lamb Napa - Denim Cut Jacket,"DescriptionThe denim Jacket is inspired from the jeans culture of NewYork at the early 50s.It's timeless design, Bold and classic at the very same time allows you to wear it on any outfit to make your look complete.Details-Made from Egyptian Napa Leather-Two chest Pockets-YKK Buttons With Joe's Logo-Two Buttoned cuffs-",,,,,new,,,,,,draft
lamb-napa-denim-cut-jacket,Lamb Napa - Denim Cut Jacket,"DescriptionThe denim Jacket is inspired from the jeans culture of NewYork at the early 50s.It's timeless design, Bold and classic at the very same time allows you to wear it on any outfit to make your look complete.Details-Made from Egyptian Napa Leather-Two chest Pockets-YKK Buttons With Joe's Logo-Two Buttoned cuffs-Long Sleeves-Two Inner Pockets-Fully Lined",Joe's Venture,,,,FALSE,Option 1,54,Option 2,ForestGreen,Option 3,English Wool,DNM28,,,,deny,manual,11500.00,,TRUE,TRUE,,,,,FALSE,Lamb Napa - Denim Cut Jacket,"DescriptionThe denim Jacket is inspired from the jeans culture of NewYork at the early 50s.It's timeless design, Bold and classic at the very same time allows you to wear it on any outfit to make your look complete.Details-Made from Egyptian Napa Leather-Two chest Pockets-YKK Buttons With Joe's Logo-Two Buttoned cuffs-",,,,,new,,,,,,draft
lamb-napa-denim-cut-jacket,Lamb Napa - Denim Cut Jacket,"DescriptionThe denim Jacket is inspired from the jeans culture of NewYork at the early 50s.It's timeless design, Bold and classic at the very same time allows you to wear it on any outfit to make your look complete.Details-Made from Egyptian Napa Leather-Two chest Pockets-YKK Buttons With Joe's Logo-Two Buttoned cuffs-Long Sleeves-Two Inner Pockets-Fully Lined",Joe's Venture,,,,FALSE,Option 1,54,Option 2,NavyBlue,Option 3,Silk,DNM29,,,,deny,manual,9000.00,,TRUE,TRUE,,,,,FALSE,Lamb Napa - Denim Cut Jacket,"DescriptionThe denim Jacket is inspired from the jeans culture of NewYork at the early 50s.It's timeless design, Bold and classic at the very same time allows you to wear it on any outfit to make your look complete.Details-Made from Egyptian Napa Leather-Two chest Pockets-YKK Buttons With Joe's Logo-Two Buttoned cuffs-",,,,,new,,,,,,draft
lamb-napa-denim-cut-jacket,Lamb Napa - Denim Cut Jacket,"DescriptionThe denim Jacket is inspired from the jeans culture of NewYork at the early 50s.It's timeless design, Bold and classic at the very same time allows you to wear it on any outfit to make your look complete.Details-Made from Egyptian Napa Leather-Two chest Pockets-YKK Buttons With Joe's Logo-Two Buttoned cuffs-Long Sleeves-Two Inner Pockets-Fully Lined",Joe's Venture,,,,FALSE,Option 1,54,Option 2,NavyBlue,Option 3,English Wool,DNM30,,,,deny,manual,11500.00,,TRUE,TRUE,,,,,FALSE,Lamb Napa - Denim Cut Jacket,"DescriptionThe denim Jacket is inspired from the jeans culture of NewYork at the early 50s.It's timeless design, Bold and classic at the very same time allows you to wear it on any outfit to make your look complete.Details-Made from Egyptian Napa Leather-Two chest Pockets-YKK Buttons With Joe's Logo-Two Buttoned cuffs-",,,,,new,,,,,,draft
lamb-napa-denim-cut-jacket,Lamb Napa - Denim Cut Jacket,"DescriptionThe denim Jacket is inspired from the jeans culture of NewYork at the early 50s.It's timeless design, Bold and classic at the very same time allows you to wear it on any outfit to make your look complete.Details-Made from Egyptian Napa Leather-Two chest Pockets-YKK Buttons With Joe's Logo-Two Buttoned cuffs-Long Sleeves-Two Inner Pockets-Fully Lined",Joe's Venture,,,,FALSE,Option 1,54,Option 2,Bordeaux,Option 3,Silk,DNM31,,,,deny,manual,9000.00,,TRUE,TRUE,,,,,FALSE,Lamb Napa - Denim Cut Jacket,"DescriptionThe denim Jacket is inspired from the jeans culture of NewYork at the early 50s.It's timeless design, Bold and classic at the very same time allows you to wear it on any outfit to make your look complete.Details-Made from Egyptian Napa Leather-Two chest Pockets-YKK Buttons With Joe's Logo-Two Buttoned cuffs-",,,,,new,,,,,,draft
lamb-napa-denim-cut-jacket,Lamb Napa - Denim Cut Jacket,"DescriptionThe denim Jacket is inspired from the jeans culture of NewYork at the early 50s.It's timeless design, Bold and classic at the very same time allows you to wear it on any outfit to make your look complete.Details-Made from Egyptian Napa Leather-Two chest Pockets-YKK Buttons With Joe's Logo-Two Buttoned cuffs-Long Sleeves-Two Inner Pockets-Fully Lined",Joe's Venture,,,,FALSE,Option 1,54,Option 2,Bordeaux,Option 3,English Wool,DNM32,,,,deny,manual,11500.00,,TRUE,TRUE,,,,,FALSE,Lamb Napa - Denim Cut Jacket,"DescriptionThe denim Jacket is inspired from the jeans culture of NewYork at the early 50s.It's timeless design, Bold and classic at the very same time allows you to wear it on any outfit to make your look complete.Details-Made from Egyptian Napa Leather-Two chest Pockets-YKK Buttons With Joe's Logo-Two Buttoned cuffs-",,,,,new,,,,,,draft
lamb-napa-denim-cut-jacket,Lamb Napa - Denim Cut Jacket,"DescriptionThe denim Jacket is inspired from the jeans culture of NewYork at the early 50s.It's timeless design, Bold and classic at the very same time allows you to wear it on any outfit to make your look complete.Details-Made from Egyptian Napa Leather-Two chest Pockets-YKK Buttons With Joe's Logo-Two Buttoned cuffs-Long Sleeves-Two Inner Pockets-Fully Lined",Joe's Venture,,,,FALSE,Option 1,56,Option 2,Black,Option 3,Silk,DNM33,,,,deny,manual,9000.00,,TRUE,TRUE,,,,,FALSE,Lamb Napa - Denim Cut Jacket,"DescriptionThe denim Jacket is inspired from the jeans culture of NewYork at the early 50s.It's timeless design, Bold and classic at the very same time allows you to wear it on any outfit to make your look complete.Details-Made from Egyptian Napa Leather-Two chest Pockets-YKK Buttons With Joe's Logo-Two Buttoned cuffs-",,,,,new,,,,,,draft
lamb-napa-denim-cut-jacket,Lamb Napa - Denim Cut Jacket,"DescriptionThe denim Jacket is inspired from the jeans culture of NewYork at the early 50s.It's timeless design, Bold and classic at the very same time allows you to wear it on any outfit to make your look complete.Details-Made from Egyptian Napa Leather-Two chest Pockets-YKK Buttons With Joe's Logo-Two Buttoned cuffs-Long Sleeves-Two Inner Pockets-Fully Lined",Joe's Venture,,,,FALSE,Option 1,56,Option 2,Black,Option 3,English Wool,DNM34,,,,deny,manual,11500.00,,TRUE,TRUE,,,,,FALSE,Lamb Napa - Denim Cut Jacket,"DescriptionThe denim Jacket is inspired from the jeans culture of NewYork at the early 50s.It's timeless design, Bold and classic at the very same time allows you to wear it on any outfit to make your look complete.Details-Made from Egyptian Napa Leather-Two chest Pockets-YKK Buttons With Joe's Logo-Two Buttoned cuffs-",,,,,new,,,,,,draft
lamb-napa-denim-cut-jacket,Lamb Napa - Denim Cut Jacket,"DescriptionThe denim Jacket is inspired from the jeans culture of NewYork at the early 50s.It's timeless design, Bold and classic at the very same time allows you to wear it on any outfit to make your look complete.Details-Made from Egyptian Napa Leather-Two chest Pockets-YKK Buttons With Joe's Logo-Two Buttoned cuffs-Long Sleeves-Two Inner Pockets-Fully Lined",Joe's Venture,,,,FALSE,Option 1,56,Option 2,ForestGreen,Option 3,Silk,DNM35,,,,deny,manual,9000.00,,TRUE,TRUE,,,,,FALSE,Lamb Napa - Denim Cut Jacket,"DescriptionThe denim Jacket is inspired from the jeans culture of NewYork at the early 50s.It's timeless design, Bold and classic at the very same time allows you to wear it on any outfit to make your look complete.Details-Made from Egyptian Napa Leather-Two chest Pockets-YKK Buttons With Joe's Logo-Two Buttoned cuffs-",,,,,new,,,,,,draft
lamb-napa-denim-cut-jacket,Lamb Napa - Denim Cut Jacket,"DescriptionThe denim Jacket is inspired from the jeans culture of NewYork at the early 50s.It's timeless design, Bold and classic at the very same time allows you to wear it on any outfit to make your look complete.Details-Made from Egyptian Napa Leather-Two chest Pockets-YKK Buttons With Joe's Logo-Two Buttoned cuffs-Long Sleeves-Two Inner Pockets-Fully Lined",Joe's Venture,,,,FALSE,Option 1,56,Option 2,ForestGreen,Option 3,English Wool,DNM36,,,,deny,manual,11500.00,,TRUE,TRUE,,,,,FALSE,Lamb Napa - Denim Cut Jacket,"DescriptionThe denim Jacket is inspired from the jeans culture of NewYork at the early 50s.It's timeless design, Bold and classic at the very same time allows you to wear it on any outfit to make your look complete.Details-Made from Egyptian Napa Leather-Two chest Pockets-YKK Buttons With Joe's Logo-Two Buttoned cuffs-",,,,,new,,,,,,draft
lamb-napa-denim-cut-jacket,Lamb Napa - Denim Cut Jacket,"DescriptionThe denim Jacket is inspired from the jeans culture of NewYork at the early 50s.It's timeless design, Bold and classic at the very same time allows you to wear it on any outfit to make your look complete.Details-Made from Egyptian Napa Leather-Two chest Pockets-YKK Buttons With Joe's Logo-Two Buttoned cuffs-Long Sleeves-Two Inner Pockets-Fully Lined",Joe's Venture,,,,FALSE,Option 1,56,Option 2,NavyBlue,Option 3,Silk,DNM37,,,,deny,manual,9000.00,,TRUE,TRUE,,,,,FALSE,Lamb Napa - Denim Cut Jacket,"DescriptionThe denim Jacket is inspired from the jeans culture of NewYork at the early 50s.It's timeless design, Bold and classic at the very same time allows you to wear it on any outfit to make your look complete.Details-Made from Egyptian Napa Leather-Two chest Pockets-YKK Buttons With Joe's Logo-Two Buttoned cuffs-",,,,,new,,,,,,draft
lamb-napa-denim-cut-jacket,Lamb Napa - Denim Cut Jacket,"DescriptionThe denim Jacket is inspired from the jeans culture of NewYork at the early 50s.It's timeless design, Bold and classic at the very same time allows you to wear it on any outfit to make your look complete.Details-Made from Egyptian Napa Leather-Two chest Pockets-YKK Buttons With Joe's Logo-Two Buttoned cuffs-Long Sleeves-Two Inner Pockets-Fully Lined",Joe's Venture,,,,FALSE,Option 1,56,Option 2,NavyBlue,Option 3,English Wool,DNM38,,,,deny,manual,11500.00,,TRUE,TRUE,,,,,FALSE,Lamb Napa - Denim Cut Jacket,"DescriptionThe denim Jacket is inspired from the jeans culture of NewYork at the early 50s.It's timeless design, Bold and classic at the very same time allows you to wear it on any outfit to make your look complete.Details-Made from Egyptian Napa Leather-Two chest Pockets-YKK Buttons With Joe's Logo-Two Buttoned cuffs-",,,,,new,,,,,,draft
lamb-napa-denim-cut-jacket,Lamb Napa - Denim Cut Jacket,"DescriptionThe denim Jacket is inspired from the jeans culture of NewYork at the early 50s.It's timeless design, Bold and classic at the very same time allows you to wear it on any outfit to make your look complete.Details-Made from Egyptian Napa Leather-Two chest Pockets-YKK Buttons With Joe's Logo-Two Buttoned cuffs-Long Sleeves-Two Inner Pockets-Fully Lined",Joe's Venture,,,,FALSE,Option 1,56,Option 2,Bordeaux,Option 3,Silk,DNM40,,,,deny,manual,9000.00,,TRUE,TRUE,,,,,FALSE,Lamb Napa - Denim Cut Jacket,"DescriptionThe denim Jacket is inspired from the jeans culture of NewYork at the early 50s.It's timeless design, Bold and classic at the very same time allows you to wear it on any outfit to make your look complete.Details-Made from Egyptian Napa Leather-Two chest Pockets-YKK Buttons With Joe's Logo-Two Buttoned cuffs-",,,,,new,,,,,,draft
lamb-napa-denim-cut-jacket,Lamb Napa - Denim Cut Jacket,"DescriptionThe denim Jacket is inspired from the jeans culture of NewYork at the early 50s.It's timeless design, Bold and classic at the very same time allows you to wear it on any outfit to make your look complete.Details-Made from Egyptian Napa Leather-Two chest Pockets-YKK Buttons With Joe's Logo-Two Buttoned cuffs-Long Sleeves-Two Inner Pockets-Fully Lined",Joe's Venture,,,,FALSE,Option 1,56,Option 2,Bordeaux,Option 3,English Wool,DNM41,,,,deny,manual,11500.00,,TRUE,TRUE,,,,,FALSE,Lamb Napa - Denim Cut Jacket,"DescriptionThe denim Jacket is inspired from the jeans culture of NewYork at the early 50s.It's timeless design, Bold and classic at the very same time allows you to wear it on any outfit to make your look complete.Details-Made from Egyptian Napa Leather-Two chest Pockets-YKK Buttons With Joe's Logo-Two Buttoned cuffs-",,,,,new,,,,,,draft
lamb-napa-denim-cut-jacket,Lamb Napa - Denim Cut Jacket,"DescriptionThe denim Jacket is inspired from the jeans culture of NewYork at the early 50s.It's timeless design, Bold and classic at the very same time allows you to wear it on any outfit to make your look complete.Details-Made from Egyptian Napa Leather-Two chest Pockets-YKK Buttons With Joe's Logo-Two Buttoned cuffs-Long Sleeves-Two Inner Pockets-Fully Lined",Joe's Venture,,,,FALSE,Option 1,Request Appointment,Option 2,Black,Option 3,Silk,DNM42,,,,deny,manual,9000.00,,TRUE,TRUE,,,,,FALSE,Lamb Napa - Denim Cut Jacket,"DescriptionThe denim Jacket is inspired from the jeans culture of NewYork at the early 50s.It's timeless design, Bold and classic at the very same time allows you to wear it on any outfit to make your look complete.Details-Made from Egyptian Napa Leather-Two chest Pockets-YKK Buttons With Joe's Logo-Two Buttoned cuffs-",,,,,new,,,,,,draft
lamb-napa-denim-cut-jacket,Lamb Napa - Denim Cut Jacket,"DescriptionThe denim Jacket is inspired from the jeans culture of NewYork at the early 50s.It's timeless design, Bold and classic at the very same time allows you to wear it on any outfit to make your look complete.Details-Made from Egyptian Napa Leather-Two chest Pockets-YKK Buttons With Joe's Logo-Two Buttoned cuffs-Long Sleeves-Two Inner Pockets-Fully Lined",Joe's Venture,,,,FALSE,Option 1,Request Appointment,Option 2,Black,Option 3,English Wool,DNM43,,,,deny,manual,11500.00,,TRUE,TRUE,,,,,FALSE,Lamb Napa - Denim Cut Jacket,"DescriptionThe denim Jacket is inspired from the jeans culture of NewYork at the early 50s.It's timeless design, Bold and classic at the very same time allows you to wear it on any outfit to make your look complete.Details-Made from Egyptian Napa Leather-Two chest Pockets-YKK Buttons With Joe's Logo-Two Buttoned cuffs-",,,,,new,,,,,,draft
lamb-napa-denim-cut-jacket,Lamb Napa - Denim Cut Jacket,"DescriptionThe denim Jacket is inspired from the jeans culture of NewYork at the early 50s.It's timeless design, Bold and classic at the very same time allows you to wear it on any outfit to make your look complete.Details-Made from Egyptian Napa Leather-Two chest Pockets-YKK Buttons With Joe's Logo-Two Buttoned cuffs-Long Sleeves-Two Inner Pockets-Fully Lined",Joe's Venture,,,,FALSE,Option 1,Request Appointment,Option 2,ForestGreen,Option 3,Silk,DNM44,,,,deny,manual,9000.00,,TRUE,TRUE,,,,,FALSE,Lamb Napa - Denim Cut Jacket,"DescriptionThe denim Jacket is inspired from the jeans culture of NewYork at the early 50s.It's timeless design, Bold and classic at the very same time allows you to wear it on any outfit to make your look complete.Details-Made from Egyptian Napa Leather-Two chest Pockets-YKK Buttons With Joe's Logo-Two Buttoned cuffs-",,,,,new,,,,,,draft
lamb-napa-denim-cut-jacket,Lamb Napa - Denim Cut Jacket,"DescriptionThe denim Jacket is inspired from the jeans culture of NewYork at the early 50s.It's timeless design, Bold and classic at the very same time allows you to wear it on any outfit to make your look complete.Details-Made from Egyptian Napa Leather-Two chest Pockets-YKK Buttons With Joe's Logo-Two Buttoned cuffs-Long Sleeves-Two Inner Pockets-Fully Lined",Joe's Venture,,,,FALSE,Option 1,Request Appointment,Option 2,ForestGreen,Option 3,English Wool,DNM45,,,,deny,manual,11500.00,,TRUE,TRUE,,,,,FALSE,Lamb Napa - Denim Cut Jacket,"DescriptionThe denim Jacket is inspired from the jeans culture of NewYork at the early 50s.It's timeless design, Bold and classic at the very same time allows you to wear it on any outfit to make your look complete.Details-Made from Egyptian Napa Leather-Two chest Pockets-YKK Buttons With Joe's Logo-Two Buttoned cuffs-",,,,,new,,,,,,draft
lamb-napa-denim-cut-jacket,Lamb Napa - Denim Cut Jacket,"DescriptionThe denim Jacket is inspired from the jeans culture of NewYork at the early 50s.It's timeless design, Bold and classic at the very same time allows you to wear it on any outfit to make your look complete.Details-Made from Egyptian Napa Leather-Two chest Pockets-YKK Buttons With Joe's Logo-Two Buttoned cuffs-Long Sleeves-Two Inner Pockets-Fully Lined",Joe's Venture,,,,FALSE,Option 1,Request Appointment,Option 2,NavyBlue,Option 3,Silk,DNM46,,,,deny,manual,9000.00,,TRUE,TRUE,,,,,FALSE,Lamb Napa - Denim Cut Jacket,"DescriptionThe denim Jacket is inspired from the jeans culture of NewYork at the early 50s.It's timeless design, Bold and classic at the very same time allows you to wear it on any outfit to make your look complete.Details-Made from Egyptian Napa Leather-Two chest Pockets-YKK Buttons With Joe's Logo-Two Buttoned cuffs-",,,,,new,,,,,,draft
lamb-napa-denim-cut-jacket,Lamb Napa - Denim Cut Jacket,"DescriptionThe denim Jacket is inspired from the jeans culture of NewYork at the early 50s.It's timeless design, Bold and classic at the very same time allows you to wear it on any outfit to make your look complete.Details-Made from Egyptian Napa Leather-Two chest Pockets-YKK Buttons With Joe's Logo-Two Buttoned cuffs-Long Sleeves-Two Inner Pockets-Fully Lined",Joe's Venture,,,,FALSE,Option 1,Request Appointment,Option 2,NavyBlue,Option 3,English Wool,DNM47,,,,deny,manual,11500.00,,TRUE,TRUE,,,,,FALSE,Lamb Napa - Denim Cut Jacket,"DescriptionThe denim Jacket is inspired from the jeans culture of NewYork at the early 50s.It's timeless design, Bold and classic at the very same time allows you to wear it on any outfit to make your look complete.Details-Made from Egyptian Napa Leather-Two chest Pockets-YKK Buttons With Joe's Logo-Two Buttoned cuffs-",,,,,new,,,,,,draft
lamb-napa-denim-cut-jacket,Lamb Napa - Denim Cut Jacket,"DescriptionThe denim Jacket is inspired from the jeans culture of NewYork at the early 50s.It's timeless design, Bold and classic at the very same time allows you to wear it on any outfit to make your look complete.Details-Made from Egyptian Napa Leather-Two chest Pockets-YKK Buttons With Joe's Logo-Two Buttoned cuffs-Long Sleeves-Two Inner Pockets-Fully Lined",Joe's Venture,,,,FALSE,Option 1,Request Appointment,Option 2,Bordeaux,Option 3,Silk,DNM48,,,,deny,manual,9000.00,,TRUE,TRUE,,,,,FALSE,Lamb Napa - Denim Cut Jacket,"DescriptionThe denim Jacket is inspired from the jeans culture of NewYork at the early 50s.It's timeless design, Bold and classic at the very same time allows you to wear it on any outfit to make your look complete.Details-Made from Egyptian Napa Leather-Two chest Pockets-YKK Buttons With Joe's Logo-Two Buttoned cuffs-",,,,,new,,,,,,draft
lamb-napa-denim-cut-jacket,Lamb Napa - Denim Cut Jacket,"DescriptionThe denim Jacket is inspired from the jeans culture of NewYork at the early 50s.It's timeless design, Bold and classic at the very same time allows you to wear it on any outfit to make your look complete.Details-Made from Egyptian Napa Leather-Two chest Pockets-YKK Buttons With Joe's Logo-Two Buttoned cuffs-Long Sleeves-Two Inner Pockets-Fully Lined",Joe's Venture,,,,FALSE,Option 1,Request Appointment,Option 2,Bordeaux,Option 3,English Wool,DNM49,,,,deny,manual,11500.00,,TRUE,TRUE,,,,,FALSE,Lamb Napa - Denim Cut Jacket,"DescriptionThe denim Jacket is inspired from the jeans culture of NewYork at the early 50s.It's timeless design, Bold and classic at the very same time allows you to wear it on any outfit to make your look complete.Details-Made from Egyptian Napa Leather-Two chest Pockets-YKK Buttons With Joe's Logo-Two Buttoned cuffs-",,,,,new,,,,,,draft
lamb-napa-lapel,Lamb Napa Lapel,"DescriptionAn enduring selection that makes a style statement: both elegant and practical, it lends itself to multiple combinations and wearing on an array of occasions. The colour palette includes the brand’s characteristic neutral nuances, combined with a minimalist design, create a series of key pieces for the female wardrobe. The leather biker jacket is reinvented to reflect the latest trends, acquiring all the charm of JLG. This garment is made from high-quality, semi-aniline, lambskin nappa leather. It has a matching lining and features the classic off-centre fastening typical of biker jackets.Details-Made from Egyptian Napa Leather-Classic Neckline-One YKK Zipper chest pocket-YKK Snaps With Joe's Logo-YKK Zipped cuffs-2YKK Zipper Pockets on the waist-One small watch Pocket on the side-one waist adjustment buckle on each side-Long Sleeves-Fully Lined",Joe's Venture,,,,FALSE,Option 1,36,Option 2,black,Option 3,Silk,Lapel1,,,,deny,manual,9000.00,,TRUE,TRUE,,,,,FALSE,Lamb Napa Lapel,"DescriptionAn enduring selection that makes a style statement: both elegant and practical, it lends itself to multiple combinations and wearing on an array of occasions. The colour palette includes the brand’s characteristic neutral nuances, combined with a minimalist design, create a series of key pieces for the femal",,,,,new,,,,,,draft
lamb-napa-lapel,Lamb Napa Lapel,"DescriptionAn enduring selection that makes a style statement: both elegant and practical, it lends itself to multiple combinations and wearing on an array of occasions. The colour palette includes the brand’s characteristic neutral nuances, combined with a minimalist design, create a series of key pieces for the female wardrobe. The leather biker jacket is reinvented to reflect the latest trends, acquiring all the charm of JLG. This garment is made from high-quality, semi-aniline, lambskin nappa leather. It has a matching lining and features the classic off-centre fastening typical of biker jackets.Details-Made from Egyptian Napa Leather-Classic Neckline-One YKK Zipper chest pocket-YKK Snaps With Joe's Logo-YKK Zipped cuffs-2YKK Zipper Pockets on the waist-One small watch Pocket on the side-one waist adjustment buckle on each side-Long Sleeves-Fully Lined",Joe's Venture,,,,FALSE,Option 1,36,Option 2,black,Option 3,English Wool,Lapel2,,,,deny,manual,11500.00,,TRUE,TRUE,,,,,FALSE,Lamb Napa Lapel,"DescriptionAn enduring selection that makes a style statement: both elegant and practical, it lends itself to multiple combinations and wearing on an array of occasions. The colour palette includes the brand’s characteristic neutral nuances, combined with a minimalist design, create a series of key pieces for the femal",,,,,new,,,,,,draft
lamb-napa-lapel,Lamb Napa Lapel,"DescriptionAn enduring selection that makes a style statement: both elegant and practical, it lends itself to multiple combinations and wearing on an array of occasions. The colour palette includes the brand’s characteristic neutral nuances, combined with a minimalist design, create a series of key pieces for the female wardrobe. The leather biker jacket is reinvented to reflect the latest trends, acquiring all the charm of JLG. This garment is made from high-quality, semi-aniline, lambskin nappa leather. It has a matching lining and features the classic off-centre fastening typical of biker jackets.Details-Made from Egyptian Napa Leather-Classic Neckline-One YKK Zipper chest pocket-YKK Snaps With Joe's Logo-YKK Zipped cuffs-2YKK Zipper Pockets on the waist-One small watch Pocket on the side-one waist adjustment buckle on each side-Long Sleeves-Fully Lined",Joe's Venture,,,,FALSE,Option 1,36,Option 2,ForestGreen,Option 3,Silk,Lapel3,,,,deny,manual,9000.00,,TRUE,TRUE,,,,,FALSE,Lamb Napa Lapel,"DescriptionAn enduring selection that makes a style statement: both elegant and practical, it lends itself to multiple combinations and wearing on an array of occasions. The colour palette includes the brand’s characteristic neutral nuances, combined with a minimalist design, create a series of key pieces for the femal",,,,,new,,,,,,draft
lamb-napa-lapel,Lamb Napa Lapel,"DescriptionAn enduring selection that makes a style statement: both elegant and practical, it lends itself to multiple combinations and wearing on an array of occasions. The colour palette includes the brand’s characteristic neutral nuances, combined with a minimalist design, create a series of key pieces for the female wardrobe. The leather biker jacket is reinvented to reflect the latest trends, acquiring all the charm of JLG. This garment is made from high-quality, semi-aniline, lambskin nappa leather. It has a matching lining and features the classic off-centre fastening typical of biker jackets.Details-Made from Egyptian Napa Leather-Classic Neckline-One YKK Zipper chest pocket-YKK Snaps With Joe's Logo-YKK Zipped cuffs-2YKK Zipper Pockets on the waist-One small watch Pocket on the side-one waist adjustment buckle on each side-Long Sleeves-Fully Lined",Joe's Venture,,,,FALSE,Option 1,36,Option 2,ForestGreen,Option 3,English Wool,Lapel4,,,,deny,manual,11500.00,,TRUE,TRUE,,,,,FALSE,Lamb Napa Lapel,"DescriptionAn enduring selection that makes a style statement: both elegant and practical, it lends itself to multiple combinations and wearing on an array of occasions. The colour palette includes the brand’s characteristic neutral nuances, combined with a minimalist design, create a series of key pieces for the femal",,,,,new,,,,,,draft
lamb-napa-lapel,Lamb Napa Lapel,"DescriptionAn enduring selection that makes a style statement: both elegant and practical, it lends itself to multiple combinations and wearing on an array of occasions. The colour palette includes the brand’s characteristic neutral nuances, combined with a minimalist design, create a series of key pieces for the female wardrobe. The leather biker jacket is reinvented to reflect the latest trends, acquiring all the charm of JLG. This garment is made from high-quality, semi-aniline, lambskin nappa leather. It has a matching lining and features the classic off-centre fastening typical of biker jackets.Details-Made from Egyptian Napa Leather-Classic Neckline-One YKK Zipper chest pocket-YKK Snaps With Joe's Logo-YKK Zipped cuffs-2YKK Zipper Pockets on the waist-One small watch Pocket on the side-one waist adjustment buckle on each side-Long Sleeves-Fully Lined",Joe's Venture,,,,FALSE,Option 1,36,Option 2,NavyBlue,Option 3,Silk,Lapel5,,,,deny,manual,9000.00,,TRUE,TRUE,,,,,FALSE,Lamb Napa Lapel,"DescriptionAn enduring selection that makes a style statement: both elegant and practical, it lends itself to multiple combinations and wearing on an array of occasions. The colour palette includes the brand’s characteristic neutral nuances, combined with a minimalist design, create a series of key pieces for the femal",,,,,new,,,,,,draft
lamb-napa-lapel,Lamb Napa Lapel,"DescriptionAn enduring selection that makes a style statement: both elegant and practical, it lends itself to multiple combinations and wearing on an array of occasions. The colour palette includes the brand’s characteristic neutral nuances, combined with a minimalist design, create a series of key pieces for the female wardrobe. The leather biker jacket is reinvented to reflect the latest trends, acquiring all the charm of JLG. This garment is made from high-quality, semi-aniline, lambskin nappa leather. It has a matching lining and features the classic off-centre fastening typical of biker jackets.Details-Made from Egyptian Napa Leather-Classic Neckline-One YKK Zipper chest pocket-YKK Snaps With Joe's Logo-YKK Zipped cuffs-2YKK Zipper Pockets on the waist-One small watch Pocket on the side-one waist adjustment buckle on each side-Long Sleeves-Fully Lined",Joe's Venture,,,,FALSE,Option 1,36,Option 2,NavyBlue,Option 3,English Wool,Lapel6,,,,deny,manual,11500.00,,TRUE,TRUE,,,,,FALSE,Lamb Napa Lapel,"DescriptionAn enduring selection that makes a style statement: both elegant and practical, it lends itself to multiple combinations and wearing on an array of occasions. The colour palette includes the brand’s characteristic neutral nuances, combined with a minimalist design, create a series of key pieces for the femal",,,,,new,,,,,,draft
lamb-napa-lapel,Lamb Napa Lapel,"DescriptionAn enduring selection that makes a style statement: both elegant and practical, it lends itself to multiple combinations and wearing on an array of occasions. The colour palette includes the brand’s characteristic neutral nuances, combined with a minimalist design, create a series of key pieces for the female wardrobe. The leather biker jacket is reinvented to reflect the latest trends, acquiring all the charm of JLG. This garment is made from high-quality, semi-aniline, lambskin nappa leather. It has a matching lining and features the classic off-centre fastening typical of biker jackets.Details-Made from Egyptian Napa Leather-Classic Neckline-One YKK Zipper chest pocket-YKK Snaps With Joe's Logo-YKK Zipped cuffs-2YKK Zipper Pockets on the waist-One small watch Pocket on the side-one waist adjustment buckle on each side-Long Sleeves-Fully Lined",Joe's Venture,,,,FALSE,Option 1,36,Option 2,Distressed Brown,Option 3,Silk,Lapel7,,,,deny,manual,9000.00,,TRUE,TRUE,,,,,FALSE,Lamb Napa Lapel,"DescriptionAn enduring selection that makes a style statement: both elegant and practical, it lends itself to multiple combinations and wearing on an array of occasions. The colour palette includes the brand’s characteristic neutral nuances, combined with a minimalist design, create a series of key pieces for the femal",,,,,new,,,,,,draft
lamb-napa-lapel,Lamb Napa Lapel,"DescriptionAn enduring selection that makes a style statement: both elegant and practical, it lends itself to multiple combinations and wearing on an array of occasions. The colour palette includes the brand’s characteristic neutral nuances, combined with a minimalist design, create a series of key pieces for the female wardrobe. The leather biker jacket is reinvented to reflect the latest trends, acquiring all the charm of JLG. This garment is made from high-quality, semi-aniline, lambskin nappa leather. It has a matching lining and features the classic off-centre fastening typical of biker jackets.Details-Made from Egyptian Napa Leather-Classic Neckline-One YKK Zipper chest pocket-YKK Snaps With Joe's Logo-YKK Zipped cuffs-2YKK Zipper Pockets on the waist-One small watch Pocket on the side-one waist adjustment buckle on each side-Long Sleeves-Fully Lined",Joe's Venture,,,,FALSE,Option 1,36,Option 2,Distressed Brown,Option 3,English Wool,Lapel8,,,,deny,manual,11500.00,,TRUE,TRUE,,,,,FALSE,Lamb Napa Lapel,"DescriptionAn enduring selection that makes a style statement: both elegant and practical, it lends itself to multiple combinations and wearing on an array of occasions. The colour palette includes the brand’s characteristic neutral nuances, combined with a minimalist design, create a series of key pieces for the femal",,,,,new,,,,,,draft
lamb-napa-lapel,Lamb Napa Lapel,"DescriptionAn enduring selection that makes a style statement: both elegant and practical, it lends itself to multiple combinations and wearing on an array of occasions. The colour palette includes the brand’s characteristic neutral nuances, combined with a minimalist design, create a series of key pieces for the female wardrobe. The leather biker jacket is reinvented to reflect the latest trends, acquiring all the charm of JLG. This garment is made from high-quality, semi-aniline, lambskin nappa leather. It has a matching lining and features the classic off-centre fastening typical of biker jackets.Details-Made from Egyptian Napa Leather-Classic Neckline-One YKK Zipper chest pocket-YKK Snaps With Joe's Logo-YKK Zipped cuffs-2YKK Zipper Pockets on the waist-One small watch Pocket on the side-one waist adjustment buckle on each side-Long Sleeves-Fully Lined",Joe's Venture,,,,FALSE,Option 1,38,Option 2,black,Option 3,Silk,Lapel9,,,,deny,manual,9000.00,,TRUE,TRUE,,,,,FALSE,Lamb Napa Lapel,"DescriptionAn enduring selection that makes a style statement: both elegant and practical, it lends itself to multiple combinations and wearing on an array of occasions. The colour palette includes the brand’s characteristic neutral nuances, combined with a minimalist design, create a series of key pieces for the femal",,,,,new,,,,,,draft
lamb-napa-lapel,Lamb Napa Lapel,"DescriptionAn enduring selection that makes a style statement: both elegant and practical, it lends itself to multiple combinations and wearing on an array of occasions. The colour palette includes the brand’s characteristic neutral nuances, combined with a minimalist design, create a series of key pieces for the female wardrobe. The leather biker jacket is reinvented to reflect the latest trends, acquiring all the charm of JLG. This garment is made from high-quality, semi-aniline, lambskin nappa leather. It has a matching lining and features the classic off-centre fastening typical of biker jackets.Details-Made from Egyptian Napa Leather-Classic Neckline-One YKK Zipper chest pocket-YKK Snaps With Joe's Logo-YKK Zipped cuffs-2YKK Zipper Pockets on the waist-One small watch Pocket on the side-one waist adjustment buckle on each side-Long Sleeves-Fully Lined",Joe's Venture,,,,FALSE,Option 1,38,Option 2,black,Option 3,English Wool,Lapel10,,,,deny,manual,11500.00,,TRUE,TRUE,,,,,FALSE,Lamb Napa Lapel,"DescriptionAn enduring selection that makes a style statement: both elegant and practical, it lends itself to multiple combinations and wearing on an array of occasions. The colour palette includes the brand’s characteristic neutral nuances, combined with a minimalist design, create a series of key pieces for the femal",,,,,new,,,,,,draft
lamb-napa-lapel,Lamb Napa Lapel,"DescriptionAn enduring selection that makes a style statement: both elegant and practical, it lends itself to multiple combinations and wearing on an array of occasions. The colour palette includes the brand’s characteristic neutral nuances, combined with a minimalist design, create a series of key pieces for the female wardrobe. The leather biker jacket is reinvented to reflect the latest trends, acquiring all the charm of JLG. This garment is made from high-quality, semi-aniline, lambskin nappa leather. It has a matching lining and features the classic off-centre fastening typical of biker jackets.Details-Made from Egyptian Napa Leather-Classic Neckline-One YKK Zipper chest pocket-YKK Snaps With Joe's Logo-YKK Zipped cuffs-2YKK Zipper Pockets on the waist-One small watch Pocket on the side-one waist adjustment buckle on each side-Long Sleeves-Fully Lined",Joe's Venture,,,,FALSE,Option 1,38,Option 2,ForestGreen,Option 3,Silk,Lapel11,,,,deny,manual,9000.00,,TRUE,TRUE,,,,,FALSE,Lamb Napa Lapel,"DescriptionAn enduring selection that makes a style statement: both elegant and practical, it lends itself to multiple combinations and wearing on an array of occasions. The colour palette includes the brand’s characteristic neutral nuances, combined with a minimalist design, create a series of key pieces for the femal",,,,,new,,,,,,draft
lamb-napa-lapel,Lamb Napa Lapel,"DescriptionAn enduring selection that makes a style statement: both elegant and practical, it lends itself to multiple combinations and wearing on an array of occasions. The colour palette includes the brand’s characteristic neutral nuances, combined with a minimalist design, create a series of key pieces for the female wardrobe. The leather biker jacket is reinvented to reflect the latest trends, acquiring all the charm of JLG. This garment is made from high-quality, semi-aniline, lambskin nappa leather. It has a matching lining and features the classic off-centre fastening typical of biker jackets.Details-Made from Egyptian Napa Leather-Classic Neckline-One YKK Zipper chest pocket-YKK Snaps With Joe's Logo-YKK Zipped cuffs-2YKK Zipper Pockets on the waist-One small watch Pocket on the side-one waist adjustment buckle on each side-Long Sleeves-Fully Lined",Joe's Venture,,,,FALSE,Option 1,38,Option 2,ForestGreen,Option 3,English Wool,Lapel12,,,,deny,manual,11500.00,,TRUE,TRUE,,,,,FALSE,Lamb Napa Lapel,"DescriptionAn enduring selection that makes a style statement: both elegant and practical, it lends itself to multiple combinations and wearing on an array of occasions. The colour palette includes the brand’s characteristic neutral nuances, combined with a minimalist design, create a series of key pieces for the femal",,,,,new,,,,,,draft
lamb-napa-lapel,Lamb Napa Lapel,"DescriptionAn enduring selection that makes a style statement: both elegant and practical, it lends itself to multiple combinations and wearing on an array of occasions. The colour palette includes the brand’s characteristic neutral nuances, combined with a minimalist design, create a series of key pieces for the female wardrobe. The leather biker jacket is reinvented to reflect the latest trends, acquiring all the charm of JLG. This garment is made from high-quality, semi-aniline, lambskin nappa leather. It has a matching lining and features the classic off-centre fastening typical of biker jackets.Details-Made from Egyptian Napa Leather-Classic Neckline-One YKK Zipper chest pocket-YKK Snaps With Joe's Logo-YKK Zipped cuffs-2YKK Zipper Pockets on the waist-One small watch Pocket on the side-one waist adjustment buckle on each side-Long Sleeves-Fully Lined",Joe's Venture,,,,FALSE,Option 1,38,Option 2,NavyBlue,Option 3,Silk,Lapel13,,,,deny,manual,9000.00,,TRUE,TRUE,,,,,FALSE,Lamb Napa Lapel,"DescriptionAn enduring selection that makes a style statement: both elegant and practical, it lends itself to multiple combinations and wearing on an array of occasions. The colour palette includes the brand’s characteristic neutral nuances, combined with a minimalist design, create a series of key pieces for the femal",,,,,new,,,,,,draft
lamb-napa-lapel,Lamb Napa Lapel,"DescriptionAn enduring selection that makes a style statement: both elegant and practical, it lends itself to multiple combinations and wearing on an array of occasions. The colour palette includes the brand’s characteristic neutral nuances, combined with a minimalist design, create a series of key pieces for the female wardrobe. The leather biker jacket is reinvented to reflect the latest trends, acquiring all the charm of JLG. This garment is made from high-quality, semi-aniline, lambskin nappa leather. It has a matching lining and features the classic off-centre fastening typical of biker jackets.Details-Made from Egyptian Napa Leather-Classic Neckline-One YKK Zipper chest pocket-YKK Snaps With Joe's Logo-YKK Zipped cuffs-2YKK Zipper Pockets on the waist-One small watch Pocket on the side-one waist adjustment buckle on each side-Long Sleeves-Fully Lined",Joe's Venture,,,,FALSE,Option 1,38,Option 2,NavyBlue,Option 3,English Wool,Lapel14,,,,deny,manual,11500.00,,TRUE,TRUE,,,,,FALSE,Lamb Napa Lapel,"DescriptionAn enduring selection that makes a style statement: both elegant and practical, it lends itself to multiple combinations and wearing on an array of occasions. The colour palette includes the brand’s characteristic neutral nuances, combined with a minimalist design, create a series of key pieces for the femal",,,,,new,,,,,,draft
lamb-napa-lapel,Lamb Napa Lapel,"DescriptionAn enduring selection that makes a style statement: both elegant and practical, it lends itself to multiple combinations and wearing on an array of occasions. The colour palette includes the brand’s characteristic neutral nuances, combined with a minimalist design, create a series of key pieces for the female wardrobe. The leather biker jacket is reinvented to reflect the latest trends, acquiring all the charm of JLG. This garment is made from high-quality, semi-aniline, lambskin nappa leather. It has a matching lining and features the classic off-centre fastening typical of biker jackets.Details-Made from Egyptian Napa Leather-Classic Neckline-One YKK Zipper chest pocket-YKK Snaps With Joe's Logo-YKK Zipped cuffs-2YKK Zipper Pockets on the waist-One small watch Pocket on the side-one waist adjustment buckle on each side-Long Sleeves-Fully Lined",Joe's Venture,,,,FALSE,Option 1,38,Option 2,Distressed Brown,Option 3,Silk,Lapel15,,,,deny,manual,9000.00,,TRUE,TRUE,,,,,FALSE,Lamb Napa Lapel,"DescriptionAn enduring selection that makes a style statement: both elegant and practical, it lends itself to multiple combinations and wearing on an array of occasions. The colour palette includes the brand’s characteristic neutral nuances, combined with a minimalist design, create a series of key pieces for the femal",,,,,new,,,,,,draft
lamb-napa-lapel,Lamb Napa Lapel,"DescriptionAn enduring selection that makes a style statement: both elegant and practical, it lends itself to multiple combinations and wearing on an array of occasions. The colour palette includes the brand’s characteristic neutral nuances, combined with a minimalist design, create a series of key pieces for the female wardrobe. The leather biker jacket is reinvented to reflect the latest trends, acquiring all the charm of JLG. This garment is made from high-quality, semi-aniline, lambskin nappa leather. It has a matching lining and features the classic off-centre fastening typical of biker jackets.Details-Made from Egyptian Napa Leather-Classic Neckline-One YKK Zipper chest pocket-YKK Snaps With Joe's Logo-YKK Zipped cuffs-2YKK Zipper Pockets on the waist-One small watch Pocket on the side-one waist adjustment buckle on each side-Long Sleeves-Fully Lined",Joe's Venture,,,,FALSE,Option 1,38,Option 2,Distressed Brown,Option 3,English Wool,Lapel16,,,,deny,manual,11500.00,,TRUE,TRUE,,,,,FALSE,Lamb Napa Lapel,"DescriptionAn enduring selection that makes a style statement: both elegant and practical, it lends itself to multiple combinations and wearing on an array of occasions. The colour palette includes the brand’s characteristic neutral nuances, combined with a minimalist design, create a series of key pieces for the femal",,,,,new,,,,,,draft
lamb-napa-lapel,Lamb Napa Lapel,"DescriptionAn enduring selection that makes a style statement: both elegant and practical, it lends itself to multiple combinations and wearing on an array of occasions. The colour palette includes the brand’s characteristic neutral nuances, combined with a minimalist design, create a series of key pieces for the female wardrobe. The leather biker jacket is reinvented to reflect the latest trends, acquiring all the charm of JLG. This garment is made from high-quality, semi-aniline, lambskin nappa leather. It has a matching lining and features the classic off-centre fastening typical of biker jackets.Details-Made from Egyptian Napa Leather-Classic Neckline-One YKK Zipper chest pocket-YKK Snaps With Joe's Logo-YKK Zipped cuffs-2YKK Zipper Pockets on the waist-One small watch Pocket on the side-one waist adjustment buckle on each side-Long Sleeves-Fully Lined",Joe's Venture,,,,FALSE,Option 1,40,Option 2,black,Option 3,Silk,Lapel17,,,,deny,manual,9000.00,,TRUE,TRUE,,,,,FALSE,Lamb Napa Lapel,"DescriptionAn enduring selection that makes a style statement: both elegant and practical, it lends itself to multiple combinations and wearing on an array of occasions. The colour palette includes the brand’s characteristic neutral nuances, combined with a minimalist design, create a series of key pieces for the femal",,,,,new,,,,,,draft
lamb-napa-lapel,Lamb Napa Lapel,"DescriptionAn enduring selection that makes a style statement: both elegant and practical, it lends itself to multiple combinations and wearing on an array of occasions. The colour palette includes the brand’s characteristic neutral nuances, combined with a minimalist design, create a series of key pieces for the female wardrobe. The leather biker jacket is reinvented to reflect the latest trends, acquiring all the charm of JLG. This garment is made from high-quality, semi-aniline, lambskin nappa leather. It has a matching lining and features the classic off-centre fastening typical of biker jackets.Details-Made from Egyptian Napa Leather-Classic Neckline-One YKK Zipper chest pocket-YKK Snaps With Joe's Logo-YKK Zipped cuffs-2YKK Zipper Pockets on the waist-One small watch Pocket on the side-one waist adjustment buckle on each side-Long Sleeves-Fully Lined",Joe's Venture,,,,FALSE,Option 1,40,Option 2,black,Option 3,English Wool,Lapel18,,,,deny,manual,11500.00,,TRUE,TRUE,,,,,FALSE,Lamb Napa Lapel,"DescriptionAn enduring selection that makes a style statement: both elegant and practical, it lends itself to multiple combinations and wearing on an array of occasions. The colour palette includes the brand’s characteristic neutral nuances, combined with a minimalist design, create a series of key pieces for the femal",,,,,new,,,,,,draft
lamb-napa-lapel,Lamb Napa Lapel,"DescriptionAn enduring selection that makes a style statement: both elegant and practical, it lends itself to multiple combinations and wearing on an array of occasions. The colour palette includes the brand’s characteristic neutral nuances, combined with a minimalist design, create a series of key pieces for the female wardrobe. The leather biker jacket is reinvented to reflect the latest trends, acquiring all the charm of JLG. This garment is made from high-quality, semi-aniline, lambskin nappa leather. It has a matching lining and features the classic off-centre fastening typical of biker jackets.Details-Made from Egyptian Napa Leather-Classic Neckline-One YKK Zipper chest pocket-YKK Snaps With Joe's Logo-YKK Zipped cuffs-2YKK Zipper Pockets on the waist-One small watch Pocket on the side-one waist adjustment buckle on each side-Long Sleeves-Fully Lined",Joe's Venture,,,,FALSE,Option 1,40,Option 2,ForestGreen,Option 3,Silk,Lapel19,,,,deny,manual,9000.00,,TRUE,TRUE,,,,,FALSE,Lamb Napa Lapel,"DescriptionAn enduring selection that makes a style statement: both elegant and practical, it lends itself to multiple combinations and wearing on an array of occasions. The colour palette includes the brand’s characteristic neutral nuances, combined with a minimalist design, create a series of key pieces for the femal",,,,,new,,,,,,draft
lamb-napa-lapel,Lamb Napa Lapel,"DescriptionAn enduring selection that makes a style statement: both elegant and practical, it lends itself to multiple combinations and wearing on an array of occasions. The colour palette includes the brand’s characteristic neutral nuances, combined with a minimalist design, create a series of key pieces for the female wardrobe. The leather biker jacket is reinvented to reflect the latest trends, acquiring all the charm of JLG. This garment is made from high-quality, semi-aniline, lambskin nappa leather. It has a matching lining and features the classic off-centre fastening typical of biker jackets.Details-Made from Egyptian Napa Leather-Classic Neckline-One YKK Zipper chest pocket-YKK Snaps With Joe's Logo-YKK Zipped cuffs-2YKK Zipper Pockets on the waist-One small watch Pocket on the side-one waist adjustment buckle on each side-Long Sleeves-Fully Lined",Joe's Venture,,,,FALSE,Option 1,40,Option 2,ForestGreen,Option 3,English Wool,Lapel20,,,,deny,manual,11500.00,,TRUE,TRUE,,,,,FALSE,Lamb Napa Lapel,"DescriptionAn enduring selection that makes a style statement: both elegant and practical, it lends itself to multiple combinations and wearing on an array of occasions. The colour palette includes the brand’s characteristic neutral nuances, combined with a minimalist design, create a series of key pieces for the femal",,,,,new,,,,,,draft
lamb-napa-lapel,Lamb Napa Lapel,"DescriptionAn enduring selection that makes a style statement: both elegant and practical, it lends itself to multiple combinations and wearing on an array of occasions. The colour palette includes the brand’s characteristic neutral nuances, combined with a minimalist design, create a series of key pieces for the female wardrobe. The leather biker jacket is reinvented to reflect the latest trends, acquiring all the charm of JLG. This garment is made from high-quality, semi-aniline, lambskin nappa leather. It has a matching lining and features the classic off-centre fastening typical of biker jackets.Details-Made from Egyptian Napa Leather-Classic Neckline-One YKK Zipper chest pocket-YKK Snaps With Joe's Logo-YKK Zipped cuffs-2YKK Zipper Pockets on the waist-One small watch Pocket on the side-one waist adjustment buckle on each side-Long Sleeves-Fully Lined",Joe's Venture,,,,FALSE,Option 1,40,Option 2,NavyBlue,Option 3,Silk,Lapel21,,,,deny,manual,9000.00,,TRUE,TRUE,,,,,FALSE,Lamb Napa Lapel,"DescriptionAn enduring selection that makes a style statement: both elegant and practical, it lends itself to multiple combinations and wearing on an array of occasions. The colour palette includes the brand’s characteristic neutral nuances, combined with a minimalist design, create a series of key pieces for the femal",,,,,new,,,,,,draft
lamb-napa-lapel,Lamb Napa Lapel,"DescriptionAn enduring selection that makes a style statement: both elegant and practical, it lends itself to multiple combinations and wearing on an array of occasions. The colour palette includes the brand’s characteristic neutral nuances, combined with a minimalist design, create a series of key pieces for the female wardrobe. The leather biker jacket is reinvented to reflect the latest trends, acquiring all the charm of JLG. This garment is made from high-quality, semi-aniline, lambskin nappa leather. It has a matching lining and features the classic off-centre fastening typical of biker jackets.Details-Made from Egyptian Napa Leather-Classic Neckline-One YKK Zipper chest pocket-YKK Snaps With Joe's Logo-YKK Zipped cuffs-2YKK Zipper Pockets on the waist-One small watch Pocket on the side-one waist adjustment buckle on each side-Long Sleeves-Fully Lined",Joe's Venture,,,,FALSE,Option 1,40,Option 2,NavyBlue,Option 3,English Wool,Lapel22,,,,deny,manual,11500.00,,TRUE,TRUE,,,,,FALSE,Lamb Napa Lapel,"DescriptionAn enduring selection that makes a style statement: both elegant and practical, it lends itself to multiple combinations and wearing on an array of occasions. The colour palette includes the brand’s characteristic neutral nuances, combined with a minimalist design, create a series of key pieces for the femal",,,,,new,,,,,,draft
lamb-napa-lapel,Lamb Napa Lapel,"DescriptionAn enduring selection that makes a style statement: both elegant and practical, it lends itself to multiple combinations and wearing on an array of occasions. The colour palette includes the brand’s characteristic neutral nuances, combined with a minimalist design, create a series of key pieces for the female wardrobe. The leather biker jacket is reinvented to reflect the latest trends, acquiring all the charm of JLG. This garment is made from high-quality, semi-aniline, lambskin nappa leather. It has a matching lining and features the classic off-centre fastening typical of biker jackets.Details-Made from Egyptian Napa Leather-Classic Neckline-One YKK Zipper chest pocket-YKK Snaps With Joe's Logo-YKK Zipped cuffs-2YKK Zipper Pockets on the waist-One small watch Pocket on the side-one waist adjustment buckle on each side-Long Sleeves-Fully Lined",Joe's Venture,,,,FALSE,Option 1,40,Option 2,Distressed Brown,Option 3,Silk,Lapel23,,,,deny,manual,9000.00,,TRUE,TRUE,,,,,FALSE,Lamb Napa Lapel,"DescriptionAn enduring selection that makes a style statement: both elegant and practical, it lends itself to multiple combinations and wearing on an array of occasions. The colour palette includes the brand’s characteristic neutral nuances, combined with a minimalist design, create a series of key pieces for the femal",,,,,new,,,,,,draft
lamb-napa-lapel,Lamb Napa Lapel,"DescriptionAn enduring selection that makes a style statement: both elegant and practical, it lends itself to multiple combinations and wearing on an array of occasions. The colour palette includes the brand’s characteristic neutral nuances, combined with a minimalist design, create a series of key pieces for the female wardrobe. The leather biker jacket is reinvented to reflect the latest trends, acquiring all the charm of JLG. This garment is made from high-quality, semi-aniline, lambskin nappa leather. It has a matching lining and features the classic off-centre fastening typical of biker jackets.Details-Made from Egyptian Napa Leather-Classic Neckline-One YKK Zipper chest pocket-YKK Snaps With Joe's Logo-YKK Zipped cuffs-2YKK Zipper Pockets on the waist-One small watch Pocket on the side-one waist adjustment buckle on each side-Long Sleeves-Fully Lined",Joe's Venture,,,,FALSE,Option 1,40,Option 2,Distressed Brown,Option 3,English Wool,Lapel24,,,,deny,manual,11500.00,,TRUE,TRUE,,,,,FALSE,Lamb Napa Lapel,"DescriptionAn enduring selection that makes a style statement: both elegant and practical, it lends itself to multiple combinations and wearing on an array of occasions. The colour palette includes the brand’s characteristic neutral nuances, combined with a minimalist design, create a series of key pieces for the femal",,,,,new,,,,,,draft
lamb-napa-lapel,Lamb Napa Lapel,"DescriptionAn enduring selection that makes a style statement: both elegant and practical, it lends itself to multiple combinations and wearing on an array of occasions. The colour palette includes the brand’s characteristic neutral nuances, combined with a minimalist design, create a series of key pieces for the female wardrobe. The leather biker jacket is reinvented to reflect the latest trends, acquiring all the charm of JLG. This garment is made from high-quality, semi-aniline, lambskin nappa leather. It has a matching lining and features the classic off-centre fastening typical of biker jackets.Details-Made from Egyptian Napa Leather-Classic Neckline-One YKK Zipper chest pocket-YKK Snaps With Joe's Logo-YKK Zipped cuffs-2YKK Zipper Pockets on the waist-One small watch Pocket on the side-one waist adjustment buckle on each side-Long Sleeves-Fully Lined",Joe's Venture,,,,FALSE,Option 1,42,Option 2,black,Option 3,Silk,Lapel25,,,,deny,manual,9000.00,,TRUE,TRUE,,,,,FALSE,Lamb Napa Lapel,"DescriptionAn enduring selection that makes a style statement: both elegant and practical, it lends itself to multiple combinations and wearing on an array of occasions. The colour palette includes the brand’s characteristic neutral nuances, combined with a minimalist design, create a series of key pieces for the femal",,,,,new,,,,,,draft
lamb-napa-lapel,Lamb Napa Lapel,"DescriptionAn enduring selection that makes a style statement: both elegant and practical, it lends itself to multiple combinations and wearing on an array of occasions. The colour palette includes the brand’s characteristic neutral nuances, combined with a minimalist design, create a series of key pieces for the female wardrobe. The leather biker jacket is reinvented to reflect the latest trends, acquiring all the charm of JLG. This garment is made from high-quality, semi-aniline, lambskin nappa leather. It has a matching lining and features the classic off-centre fastening typical of biker jackets.Details-Made from Egyptian Napa Leather-Classic Neckline-One YKK Zipper chest pocket-YKK Snaps With Joe's Logo-YKK Zipped cuffs-2YKK Zipper Pockets on the waist-One small watch Pocket on the side-one waist adjustment buckle on each side-Long Sleeves-Fully Lined",Joe's Venture,,,,FALSE,Option 1,42,Option 2,black,Option 3,English Wool,Lapel26,,,,deny,manual,11500.00,,TRUE,TRUE,,,,,FALSE,Lamb Napa Lapel,"DescriptionAn enduring selection that makes a style statement: both elegant and practical, it lends itself to multiple combinations and wearing on an array of occasions. The colour palette includes the brand’s characteristic neutral nuances, combined with a minimalist design, create a series of key pieces for the femal",,,,,new,,,,,,draft
lamb-napa-lapel,Lamb Napa Lapel,"DescriptionAn enduring selection that makes a style statement: both elegant and practical, it lends itself to multiple combinations and wearing on an array of occasions. The colour palette includes the brand’s characteristic neutral nuances, combined with a minimalist design, create a series of key pieces for the female wardrobe. The leather biker jacket is reinvented to reflect the latest trends, acquiring all the charm of JLG. This garment is made from high-quality, semi-aniline, lambskin nappa leather. It has a matching lining and features the classic off-centre fastening typical of biker jackets.Details-Made from Egyptian Napa Leather-Classic Neckline-One YKK Zipper chest pocket-YKK Snaps With Joe's Logo-YKK Zipped cuffs-2YKK Zipper Pockets on the waist-One small watch Pocket on the side-one waist adjustment buckle on each side-Long Sleeves-Fully Lined",Joe's Venture,,,,FALSE,Option 1,42,Option 2,ForestGreen,Option 3,Silk,Lapel27,,,,deny,manual,9000.00,,TRUE,TRUE,,,,,FALSE,Lamb Napa Lapel,"DescriptionAn enduring selection that makes a style statement: both elegant and practical, it lends itself to multiple combinations and wearing on an array of occasions. The colour palette includes the brand’s characteristic neutral nuances, combined with a minimalist design, create a series of key pieces for the femal",,,,,new,,,,,,draft
lamb-napa-lapel,Lamb Napa Lapel,"DescriptionAn enduring selection that makes a style statement: both elegant and practical, it lends itself to multiple combinations and wearing on an array of occasions. The colour palette includes the brand’s characteristic neutral nuances, combined with a minimalist design, create a series of key pieces for the female wardrobe. The leather biker jacket is reinvented to reflect the latest trends, acquiring all the charm of JLG. This garment is made from high-quality, semi-aniline, lambskin nappa leather. It has a matching lining and features the classic off-centre fastening typical of biker jackets.Details-Made from Egyptian Napa Leather-Classic Neckline-One YKK Zipper chest pocket-YKK Snaps With Joe's Logo-YKK Zipped cuffs-2YKK Zipper Pockets on the waist-One small watch Pocket on the side-one waist adjustment buckle on each side-Long Sleeves-Fully Lined",Joe's Venture,,,,FALSE,Option 1,42,Option 2,ForestGreen,Option 3,English Wool,Lapel28,,,,deny,manual,11500.00,,TRUE,TRUE,,,,,FALSE,Lamb Napa Lapel,"DescriptionAn enduring selection that makes a style statement: both elegant and practical, it lends itself to multiple combinations and wearing on an array of occasions. The colour palette includes the brand’s characteristic neutral nuances, combined with a minimalist design, create a series of key pieces for the femal",,,,,new,,,,,,draft
lamb-napa-lapel,Lamb Napa Lapel,"DescriptionAn enduring selection that makes a style statement: both elegant and practical, it lends itself to multiple combinations and wearing on an array of occasions. The colour palette includes the brand’s characteristic neutral nuances, combined with a minimalist design, create a series of key pieces for the female wardrobe. The leather biker jacket is reinvented to reflect the latest trends, acquiring all the charm of JLG. This garment is made from high-quality, semi-aniline, lambskin nappa leather. It has a matching lining and features the classic off-centre fastening typical of biker jackets.Details-Made from Egyptian Napa Leather-Classic Neckline-One YKK Zipper chest pocket-YKK Snaps With Joe's Logo-YKK Zipped cuffs-2YKK Zipper Pockets on the waist-One small watch Pocket on the side-one waist adjustment buckle on each side-Long Sleeves-Fully Lined",Joe's Venture,,,,FALSE,Option 1,42,Option 2,NavyBlue,Option 3,Silk,Lapel29,,,,deny,manual,9000.00,,TRUE,TRUE,,,,,FALSE,Lamb Napa Lapel,"DescriptionAn enduring selection that makes a style statement: both elegant and practical, it lends itself to multiple combinations and wearing on an array of occasions. The colour palette includes the brand’s characteristic neutral nuances, combined with a minimalist design, create a series of key pieces for the femal",,,,,new,,,,,,draft
lamb-napa-lapel,Lamb Napa Lapel,"DescriptionAn enduring selection that makes a style statement: both elegant and practical, it lends itself to multiple combinations and wearing on an array of occasions. The colour palette includes the brand’s characteristic neutral nuances, combined with a minimalist design, create a series of key pieces for the female wardrobe. The leather biker jacket is reinvented to reflect the latest trends, acquiring all the charm of JLG. This garment is made from high-quality, semi-aniline, lambskin nappa leather. It has a matching lining and features the classic off-centre fastening typical of biker jackets.Details-Made from Egyptian Napa Leather-Classic Neckline-One YKK Zipper chest pocket-YKK Snaps With Joe's Logo-YKK Zipped cuffs-2YKK Zipper Pockets on the waist-One small watch Pocket on the side-one waist adjustment buckle on each side-Long Sleeves-Fully Lined",Joe's Venture,,,,FALSE,Option 1,42,Option 2,NavyBlue,Option 3,English Wool,Lapel30,,,,deny,manual,11500.00,,TRUE,TRUE,,,,,FALSE,Lamb Napa Lapel,"DescriptionAn enduring selection that makes a style statement: both elegant and practical, it lends itself to multiple combinations and wearing on an array of occasions. The colour palette includes the brand’s characteristic neutral nuances, combined with a minimalist design, create a series of key pieces for the femal",,,,,new,,,,,,draft
lamb-napa-lapel,Lamb Napa Lapel,"DescriptionAn enduring selection that makes a style statement: both elegant and practical, it lends itself to multiple combinations and wearing on an array of occasions. The colour palette includes the brand’s characteristic neutral nuances, combined with a minimalist design, create a series of key pieces for the female wardrobe. The leather biker jacket is reinvented to reflect the latest trends, acquiring all the charm of JLG. This garment is made from high-quality, semi-aniline, lambskin nappa leather. It has a matching lining and features the classic off-centre fastening typical of biker jackets.Details-Made from Egyptian Napa Leather-Classic Neckline-One YKK Zipper chest pocket-YKK Snaps With Joe's Logo-YKK Zipped cuffs-2YKK Zipper Pockets on the waist-One small watch Pocket on the side-one waist adjustment buckle on each side-Long Sleeves-Fully Lined",Joe's Venture,,,,FALSE,Option 1,42,Option 2,Distressed Brown,Option 3,Silk,Lapel31,,,,deny,manual,9000.00,,TRUE,TRUE,,,,,FALSE,Lamb Napa Lapel,"DescriptionAn enduring selection that makes a style statement: both elegant and practical, it lends itself to multiple combinations and wearing on an array of occasions. The colour palette includes the brand’s characteristic neutral nuances, combined with a minimalist design, create a series of key pieces for the femal",,,,,new,,,,,,draft
lamb-napa-lapel,Lamb Napa Lapel,"DescriptionAn enduring selection that makes a style statement: both elegant and practical, it lends itself to multiple combinations and wearing on an array of occasions. The colour palette includes the brand’s characteristic neutral nuances, combined with a minimalist design, create a series of key pieces for the female wardrobe. The leather biker jacket is reinvented to reflect the latest trends, acquiring all the charm of JLG. This garment is made from high-quality, semi-aniline, lambskin nappa leather. It has a matching lining and features the classic off-centre fastening typical of biker jackets.Details-Made from Egyptian Napa Leather-Classic Neckline-One YKK Zipper chest pocket-YKK Snaps With Joe's Logo-YKK Zipped cuffs-2YKK Zipper Pockets on the waist-One small watch Pocket on the side-one waist adjustment buckle on each side-Long Sleeves-Fully Lined",Joe's Venture,,,,FALSE,Option 1,42,Option 2,Distressed Brown,Option 3,English Wool,Lapel32,,,,deny,manual,11500.00,,TRUE,TRUE,,,,,FALSE,Lamb Napa Lapel,"DescriptionAn enduring selection that makes a style statement: both elegant and practical, it lends itself to multiple combinations and wearing on an array of occasions. The colour palette includes the brand’s characteristic neutral nuances, combined with a minimalist design, create a series of key pieces for the femal",,,,,new,,,,,,draft
lamb-napa-lapel,Lamb Napa Lapel,"DescriptionAn enduring selection that makes a style statement: both elegant and practical, it lends itself to multiple combinations and wearing on an array of occasions. The colour palette includes the brand’s characteristic neutral nuances, combined with a minimalist design, create a series of key pieces for the female wardrobe. The leather biker jacket is reinvented to reflect the latest trends, acquiring all the charm of JLG. This garment is made from high-quality, semi-aniline, lambskin nappa leather. It has a matching lining and features the classic off-centre fastening typical of biker jackets.Details-Made from Egyptian Napa Leather-Classic Neckline-One YKK Zipper chest pocket-YKK Snaps With Joe's Logo-YKK Zipped cuffs-2YKK Zipper Pockets on the waist-One small watch Pocket on the side-one waist adjustment buckle on each side-Long Sleeves-Fully Lined",Joe's Venture,,,,FALSE,Option 1,44,Option 2,black,Option 3,Silk,Lapel33,,,,deny,manual,9000.00,,TRUE,TRUE,,,,,FALSE,Lamb Napa Lapel,"DescriptionAn enduring selection that makes a style statement: both elegant and practical, it lends itself to multiple combinations and wearing on an array of occasions. The colour palette includes the brand’s characteristic neutral nuances, combined with a minimalist design, create a series of key pieces for the femal",,,,,new,,,,,,draft
lamb-napa-lapel,Lamb Napa Lapel,"DescriptionAn enduring selection that makes a style statement: both elegant and practical, it lends itself to multiple combinations and wearing on an array of occasions. The colour palette includes the brand’s characteristic neutral nuances, combined with a minimalist design, create a series of key pieces for the female wardrobe. The leather biker jacket is reinvented to reflect the latest trends, acquiring all the charm of JLG. This garment is made from high-quality, semi-aniline, lambskin nappa leather. It has a matching lining and features the classic off-centre fastening typical of biker jackets.Details-Made from Egyptian Napa Leather-Classic Neckline-One YKK Zipper chest pocket-YKK Snaps With Joe's Logo-YKK Zipped cuffs-2YKK Zipper Pockets on the waist-One small watch Pocket on the side-one waist adjustment buckle on each side-Long Sleeves-Fully Lined",Joe's Venture,,,,FALSE,Option 1,44,Option 2,black,Option 3,English Wool,Lapel34,,,,deny,manual,11500.00,,TRUE,TRUE,,,,,FALSE,Lamb Napa Lapel,"DescriptionAn enduring selection that makes a style statement: both elegant and practical, it lends itself to multiple combinations and wearing on an array of occasions. The colour palette includes the brand’s characteristic neutral nuances, combined with a minimalist design, create a series of key pieces for the femal",,,,,new,,,,,,draft
lamb-napa-lapel,Lamb Napa Lapel,"DescriptionAn enduring selection that makes a style statement: both elegant and practical, it lends itself to multiple combinations and wearing on an array of occasions. The colour palette includes the brand’s characteristic neutral nuances, combined with a minimalist design, create a series of key pieces for the female wardrobe. The leather biker jacket is reinvented to reflect the latest trends, acquiring all the charm of JLG. This garment is made from high-quality, semi-aniline, lambskin nappa leather. It has a matching lining and features the classic off-centre fastening typical of biker jackets.Details-Made from Egyptian Napa Leather-Classic Neckline-One YKK Zipper chest pocket-YKK Snaps With Joe's Logo-YKK Zipped cuffs-2YKK Zipper Pockets on the waist-One small watch Pocket on the side-one waist adjustment buckle on each side-Long Sleeves-Fully Lined",Joe's Venture,,,,FALSE,Option 1,44,Option 2,ForestGreen,Option 3,Silk,Lapel35,,,,deny,manual,9000.00,,TRUE,TRUE,,,,,FALSE,Lamb Napa Lapel,"DescriptionAn enduring selection that makes a style statement: both elegant and practical, it lends itself to multiple combinations and wearing on an array of occasions. The colour palette includes the brand’s characteristic neutral nuances, combined with a minimalist design, create a series of key pieces for the femal",,,,,new,,,,,,draft
lamb-napa-lapel,Lamb Napa Lapel,"DescriptionAn enduring selection that makes a style statement: both elegant and practical, it lends itself to multiple combinations and wearing on an array of occasions. The colour palette includes the brand’s characteristic neutral nuances, combined with a minimalist design, create a series of key pieces for the female wardrobe. The leather biker jacket is reinvented to reflect the latest trends, acquiring all the charm of JLG. This garment is made from high-quality, semi-aniline, lambskin nappa leather. It has a matching lining and features the classic off-centre fastening typical of biker jackets.Details-Made from Egyptian Napa Leather-Classic Neckline-One YKK Zipper chest pocket-YKK Snaps With Joe's Logo-YKK Zipped cuffs-2YKK Zipper Pockets on the waist-One small watch Pocket on the side-one waist adjustment buckle on each side-Long Sleeves-Fully Lined",Joe's Venture,,,,FALSE,Option 1,44,Option 2,ForestGreen,Option 3,English Wool,Lapel36,,,,deny,manual,11500.00,,TRUE,TRUE,,,,,FALSE,Lamb Napa Lapel,"DescriptionAn enduring selection that makes a style statement: both elegant and practical, it lends itself to multiple combinations and wearing on an array of occasions. The colour palette includes the brand’s characteristic neutral nuances, combined with a minimalist design, create a series of key pieces for the femal",,,,,new,,,,,,draft
lamb-napa-lapel,Lamb Napa Lapel,"DescriptionAn enduring selection that makes a style statement: both elegant and practical, it lends itself to multiple combinations and wearing on an array of occasions. The colour palette includes the brand’s characteristic neutral nuances, combined with a minimalist design, create a series of key pieces for the female wardrobe. The leather biker jacket is reinvented to reflect the latest trends, acquiring all the charm of JLG. This garment is made from high-quality, semi-aniline, lambskin nappa leather. It has a matching lining and features the classic off-centre fastening typical of biker jackets.Details-Made from Egyptian Napa Leather-Classic Neckline-One YKK Zipper chest pocket-YKK Snaps With Joe's Logo-YKK Zipped cuffs-2YKK Zipper Pockets on the waist-One small watch Pocket on the side-one waist adjustment buckle on each side-Long Sleeves-Fully Lined",Joe's Venture,,,,FALSE,Option 1,44,Option 2,NavyBlue,Option 3,Silk,Lapel37,,,,deny,manual,9000.00,,TRUE,TRUE,,,,,FALSE,Lamb Napa Lapel,"DescriptionAn enduring selection that makes a style statement: both elegant and practical, it lends itself to multiple combinations and wearing on an array of occasions. The colour palette includes the brand’s characteristic neutral nuances, combined with a minimalist design, create a series of key pieces for the femal",,,,,new,,,,,,draft
lamb-napa-lapel,Lamb Napa Lapel,"DescriptionAn enduring selection that makes a style statement: both elegant and practical, it lends itself to multiple combinations and wearing on an array of occasions. The colour palette includes the brand’s characteristic neutral nuances, combined with a minimalist design, create a series of key pieces for the female wardrobe. The leather biker jacket is reinvented to reflect the latest trends, acquiring all the charm of JLG. This garment is made from high-quality, semi-aniline, lambskin nappa leather. It has a matching lining and features the classic off-centre fastening typical of biker jackets.Details-Made from Egyptian Napa Leather-Classic Neckline-One YKK Zipper chest pocket-YKK Snaps With Joe's Logo-YKK Zipped cuffs-2YKK Zipper Pockets on the waist-One small watch Pocket on the side-one waist adjustment buckle on each side-Long Sleeves-Fully Lined",Joe's Venture,,,,FALSE,Option 1,44,Option 2,NavyBlue,Option 3,English Wool,Lapel38,,,,deny,manual,11500.00,,TRUE,TRUE,,,,,FALSE,Lamb Napa Lapel,"DescriptionAn enduring selection that makes a style statement: both elegant and practical, it lends itself to multiple combinations and wearing on an array of occasions. The colour palette includes the brand’s characteristic neutral nuances, combined with a minimalist design, create a series of key pieces for the femal",,,,,new,,,,,,draft
lamb-napa-lapel,Lamb Napa Lapel,"DescriptionAn enduring selection that makes a style statement: both elegant and practical, it lends itself to multiple combinations and wearing on an array of occasions. The colour palette includes the brand’s characteristic neutral nuances, combined with a minimalist design, create a series of key pieces for the female wardrobe. The leather biker jacket is reinvented to reflect the latest trends, acquiring all the charm of JLG. This garment is made from high-quality, semi-aniline, lambskin nappa leather. It has a matching lining and features the classic off-centre fastening typical of biker jackets.Details-Made from Egyptian Napa Leather-Classic Neckline-One YKK Zipper chest pocket-YKK Snaps With Joe's Logo-YKK Zipped cuffs-2YKK Zipper Pockets on the waist-One small watch Pocket on the side-one waist adjustment buckle on each side-Long Sleeves-Fully Lined",Joe's Venture,,,,FALSE,Option 1,44,Option 2,Distressed Brown,Option 3,Silk,Lapel39,,,,deny,manual,9000.00,,TRUE,TRUE,,,,,FALSE,Lamb Napa Lapel,"DescriptionAn enduring selection that makes a style statement: both elegant and practical, it lends itself to multiple combinations and wearing on an array of occasions. The colour palette includes the brand’s characteristic neutral nuances, combined with a minimalist design, create a series of key pieces for the femal",,,,,new,,,,,,draft
lamb-napa-lapel,Lamb Napa Lapel,"DescriptionAn enduring selection that makes a style statement: both elegant and practical, it lends itself to multiple combinations and wearing on an array of occasions. The colour palette includes the brand’s characteristic neutral nuances, combined with a minimalist design, create a series of key pieces for the female wardrobe. The leather biker jacket is reinvented to reflect the latest trends, acquiring all the charm of JLG. This garment is made from high-quality, semi-aniline, lambskin nappa leather. It has a matching lining and features the classic off-centre fastening typical of biker jackets.Details-Made from Egyptian Napa Leather-Classic Neckline-One YKK Zipper chest pocket-YKK Snaps With Joe's Logo-YKK Zipped cuffs-2YKK Zipper Pockets on the waist-One small watch Pocket on the side-one waist adjustment buckle on each side-Long Sleeves-Fully Lined",Joe's Venture,,,,FALSE,Option 1,44,Option 2,Distressed Brown,Option 3,English Wool,Lapel40,,,,deny,manual,11500.00,,TRUE,TRUE,,,,,FALSE,Lamb Napa Lapel,"DescriptionAn enduring selection that makes a style statement: both elegant and practical, it lends itself to multiple combinations and wearing on an array of occasions. The colour palette includes the brand’s characteristic neutral nuances, combined with a minimalist design, create a series of key pieces for the femal",,,,,new,,,,,,draft
lamb-napa-lapel,Lamb Napa Lapel,"DescriptionAn enduring selection that makes a style statement: both elegant and practical, it lends itself to multiple combinations and wearing on an array of occasions. The colour palette includes the brand’s characteristic neutral nuances, combined with a minimalist design, create a series of key pieces for the female wardrobe. The leather biker jacket is reinvented to reflect the latest trends, acquiring all the charm of JLG. This garment is made from high-quality, semi-aniline, lambskin nappa leather. It has a matching lining and features the classic off-centre fastening typical of biker jackets.Details-Made from Egyptian Napa Leather-Classic Neckline-One YKK Zipper chest pocket-YKK Snaps With Joe's Logo-YKK Zipped cuffs-2YKK Zipper Pockets on the waist-One small watch Pocket on the side-one waist adjustment buckle on each side-Long Sleeves-Fully Lined",Joe's Venture,,,,FALSE,Option 1,46,Option 2,black,Option 3,Silk,Lapel41,,,,deny,manual,9000.00,,TRUE,TRUE,,,,,FALSE,Lamb Napa Lapel,"DescriptionAn enduring selection that makes a style statement: both elegant and practical, it lends itself to multiple combinations and wearing on an array of occasions. The colour palette includes the brand’s characteristic neutral nuances, combined with a minimalist design, create a series of key pieces for the femal",,,,,new,,,,,,draft
lamb-napa-lapel,Lamb Napa Lapel,"DescriptionAn enduring selection that makes a style statement: both elegant and practical, it lends itself to multiple combinations and wearing on an array of occasions. The colour palette includes the brand’s characteristic neutral nuances, combined with a minimalist design, create a series of key pieces for the female wardrobe. The leather biker jacket is reinvented to reflect the latest trends, acquiring all the charm of JLG. This garment is made from high-quality, semi-aniline, lambskin nappa leather. It has a matching lining and features the classic off-centre fastening typical of biker jackets.Details-Made from Egyptian Napa Leather-Classic Neckline-One YKK Zipper chest pocket-YKK Snaps With Joe's Logo-YKK Zipped cuffs-2YKK Zipper Pockets on the waist-One small watch Pocket on the side-one waist adjustment buckle on each side-Long Sleeves-Fully Lined",Joe's Venture,,,,FALSE,Option 1,46,Option 2,black,Option 3,English Wool,Lapel42,,,,deny,manual,11500.00,,TRUE,TRUE,,,,,FALSE,Lamb Napa Lapel,"DescriptionAn enduring selection that makes a style statement: both elegant and practical, it lends itself to multiple combinations and wearing on an array of occasions. The colour palette includes the brand’s characteristic neutral nuances, combined with a minimalist design, create a series of key pieces for the femal",,,,,new,,,,,,draft
lamb-napa-lapel,Lamb Napa Lapel,"DescriptionAn enduring selection that makes a style statement: both elegant and practical, it lends itself to multiple combinations and wearing on an array of occasions. The colour palette includes the brand’s characteristic neutral nuances, combined with a minimalist design, create a series of key pieces for the female wardrobe. The leather biker jacket is reinvented to reflect the latest trends, acquiring all the charm of JLG. This garment is made from high-quality, semi-aniline, lambskin nappa leather. It has a matching lining and features the classic off-centre fastening typical of biker jackets.Details-Made from Egyptian Napa Leather-Classic Neckline-One YKK Zipper chest pocket-YKK Snaps With Joe's Logo-YKK Zipped cuffs-2YKK Zipper Pockets on the waist-One small watch Pocket on the side-one waist adjustment buckle on each side-Long Sleeves-Fully Lined",Joe's Venture,,,,FALSE,Option 1,46,Option 2,ForestGreen,Option 3,Silk,Lapel43,,,,deny,manual,9000.00,,TRUE,TRUE,,,,,FALSE,Lamb Napa Lapel,"DescriptionAn enduring selection that makes a style statement: both elegant and practical, it lends itself to multiple combinations and wearing on an array of occasions. The colour palette includes the brand’s characteristic neutral nuances, combined with a minimalist design, create a series of key pieces for the femal",,,,,new,,,,,,draft
lamb-napa-lapel,Lamb Napa Lapel,"DescriptionAn enduring selection that makes a style statement: both elegant and practical, it lends itself to multiple combinations and wearing on an array of occasions. The colour palette includes the brand’s characteristic neutral nuances, combined with a minimalist design, create a series of key pieces for the female wardrobe. The leather biker jacket is reinvented to reflect the latest trends, acquiring all the charm of JLG. This garment is made from high-quality, semi-aniline, lambskin nappa leather. It has a matching lining and features the classic off-centre fastening typical of biker jackets.Details-Made from Egyptian Napa Leather-Classic Neckline-One YKK Zipper chest pocket-YKK Snaps With Joe's Logo-YKK Zipped cuffs-2YKK Zipper Pockets on the waist-One small watch Pocket on the side-one waist adjustment buckle on each side-Long Sleeves-Fully Lined",Joe's Venture,,,,FALSE,Option 1,46,Option 2,ForestGreen,Option 3,English Wool,Lapel44,,,,deny,manual,11500.00,,TRUE,TRUE,,,,,FALSE,Lamb Napa Lapel,"DescriptionAn enduring selection that makes a style statement: both elegant and practical, it lends itself to multiple combinations and wearing on an array of occasions. The colour palette includes the brand’s characteristic neutral nuances, combined with a minimalist design, create a series of key pieces for the femal",,,,,new,,,,,,draft
lamb-napa-lapel,Lamb Napa Lapel,"DescriptionAn enduring selection that makes a style statement: both elegant and practical, it lends itself to multiple combinations and wearing on an array of occasions. The colour palette includes the brand’s characteristic neutral nuances, combined with a minimalist design, create a series of key pieces for the female wardrobe. The leather biker jacket is reinvented to reflect the latest trends, acquiring all the charm of JLG. This garment is made from high-quality, semi-aniline, lambskin nappa leather. It has a matching lining and features the classic off-centre fastening typical of biker jackets.Details-Made from Egyptian Napa Leather-Classic Neckline-One YKK Zipper chest pocket-YKK Snaps With Joe's Logo-YKK Zipped cuffs-2YKK Zipper Pockets on the waist-One small watch Pocket on the side-one waist adjustment buckle on each side-Long Sleeves-Fully Lined",Joe's Venture,,,,FALSE,Option 1,46,Option 2,NavyBlue,Option 3,Silk,Lapel45,,,,deny,manual,9000.00,,TRUE,TRUE,,,,,FALSE,Lamb Napa Lapel,"DescriptionAn enduring selection that makes a style statement: both elegant and practical, it lends itself to multiple combinations and wearing on an array of occasions. The colour palette includes the brand’s characteristic neutral nuances, combined with a minimalist design, create a series of key pieces for the femal",,,,,new,,,,,,draft
lamb-napa-lapel,Lamb Napa Lapel,"DescriptionAn enduring selection that makes a style statement: both elegant and practical, it lends itself to multiple combinations and wearing on an array of occasions. The colour palette includes the brand’s characteristic neutral nuances, combined with a minimalist design, create a series of key pieces for the female wardrobe. The leather biker jacket is reinvented to reflect the latest trends, acquiring all the charm of JLG. This garment is made from high-quality, semi-aniline, lambskin nappa leather. It has a matching lining and features the classic off-centre fastening typical of biker jackets.Details-Made from Egyptian Napa Leather-Classic Neckline-One YKK Zipper chest pocket-YKK Snaps With Joe's Logo-YKK Zipped cuffs-2YKK Zipper Pockets on the waist-One small watch Pocket on the side-one waist adjustment buckle on each side-Long Sleeves-Fully Lined",Joe's Venture,,,,FALSE,Option 1,46,Option 2,NavyBlue,Option 3,English Wool,Lapel46,,,,deny,manual,11500.00,,TRUE,TRUE,,,,,FALSE,Lamb Napa Lapel,"DescriptionAn enduring selection that makes a style statement: both elegant and practical, it lends itself to multiple combinations and wearing on an array of occasions. The colour palette includes the brand’s characteristic neutral nuances, combined with a minimalist design, create a series of key pieces for the femal",,,,,new,,,,,,draft
lamb-napa-lapel,Lamb Napa Lapel,"DescriptionAn enduring selection that makes a style statement: both elegant and practical, it lends itself to multiple combinations and wearing on an array of occasions. The colour palette includes the brand’s characteristic neutral nuances, combined with a minimalist design, create a series of key pieces for the female wardrobe. The leather biker jacket is reinvented to reflect the latest trends, acquiring all the charm of JLG. This garment is made from high-quality, semi-aniline, lambskin nappa leather. It has a matching lining and features the classic off-centre fastening typical of biker jackets.Details-Made from Egyptian Napa Leather-Classic Neckline-One YKK Zipper chest pocket-YKK Snaps With Joe's Logo-YKK Zipped cuffs-2YKK Zipper Pockets on the waist-One small watch Pocket on the side-one waist adjustment buckle on each side-Long Sleeves-Fully Lined",Joe's Venture,,,,FALSE,Option 1,46,Option 2,Distressed Brown,Option 3,Silk,Lapel47,,,,deny,manual,9000.00,,TRUE,TRUE,,,,,FALSE,Lamb Napa Lapel,"DescriptionAn enduring selection that makes a style statement: both elegant and practical, it lends itself to multiple combinations and wearing on an array of occasions. The colour palette includes the brand’s characteristic neutral nuances, combined with a minimalist design, create a series of key pieces for the femal",,,,,new,,,,,,draft
lamb-napa-lapel,Lamb Napa Lapel,"DescriptionAn enduring selection that makes a style statement: both elegant and practical, it lends itself to multiple combinations and wearing on an array of occasions. The colour palette includes the brand’s characteristic neutral nuances, combined with a minimalist design, create a series of key pieces for the female wardrobe. The leather biker jacket is reinvented to reflect the latest trends, acquiring all the charm of JLG. This garment is made from high-quality, semi-aniline, lambskin nappa leather. It has a matching lining and features the classic off-centre fastening typical of biker jackets.Details-Made from Egyptian Napa Leather-Classic Neckline-One YKK Zipper chest pocket-YKK Snaps With Joe's Logo-YKK Zipped cuffs-2YKK Zipper Pockets on the waist-One small watch Pocket on the side-one waist adjustment buckle on each side-Long Sleeves-Fully Lined",Joe's Venture,,,,FALSE,Option 1,46,Option 2,Distressed Brown,Option 3,English Wool,Lapel48,,,,deny,manual,11500.00,,TRUE,TRUE,,,,,FALSE,Lamb Napa Lapel,"DescriptionAn enduring selection that makes a style statement: both elegant and practical, it lends itself to multiple combinations and wearing on an array of occasions. The colour palette includes the brand’s characteristic neutral nuances, combined with a minimalist design, create a series of key pieces for the femal",,,,,new,,,,,,draft
lamb-napa-lapel,Lamb Napa Lapel,"DescriptionAn enduring selection that makes a style statement: both elegant and practical, it lends itself to multiple combinations and wearing on an array of occasions. The colour palette includes the brand’s characteristic neutral nuances, combined with a minimalist design, create a series of key pieces for the female wardrobe. The leather biker jacket is reinvented to reflect the latest trends, acquiring all the charm of JLG. This garment is made from high-quality, semi-aniline, lambskin nappa leather. It has a matching lining and features the classic off-centre fastening typical of biker jackets.Details-Made from Egyptian Napa Leather-Classic Neckline-One YKK Zipper chest pocket-YKK Snaps With Joe's Logo-YKK Zipped cuffs-2YKK Zipper Pockets on the waist-One small watch Pocket on the side-one waist adjustment buckle on each side-Long Sleeves-Fully Lined",Joe's Venture,,,,FALSE,Option 1,Request Appointment,Option 2,black,Option 3,Silk,Lapel49,,,,deny,manual,9000.00,,TRUE,TRUE,,,,,FALSE,Lamb Napa Lapel,"DescriptionAn enduring selection that makes a style statement: both elegant and practical, it lends itself to multiple combinations and wearing on an array of occasions. The colour palette includes the brand’s characteristic neutral nuances, combined with a minimalist design, create a series of key pieces for the femal",,,,,new,,,,,,draft
lamb-napa-lapel,Lamb Napa Lapel,"DescriptionAn enduring selection that makes a style statement: both elegant and practical, it lends itself to multiple combinations and wearing on an array of occasions. The colour palette includes the brand’s characteristic neutral nuances, combined with a minimalist design, create a series of key pieces for the female wardrobe. The leather biker jacket is reinvented to reflect the latest trends, acquiring all the charm of JLG. This garment is made from high-quality, semi-aniline, lambskin nappa leather. It has a matching lining and features the classic off-centre fastening typical of biker jackets.Details-Made from Egyptian Napa Leather-Classic Neckline-One YKK Zipper chest pocket-YKK Snaps With Joe's Logo-YKK Zipped cuffs-2YKK Zipper Pockets on the waist-One small watch Pocket on the side-one waist adjustment buckle on each side-Long Sleeves-Fully Lined",Joe's Venture,,,,FALSE,Option 1,Request Appointment,Option 2,black,Option 3,English Wool,Lapel50,,,,deny,manual,11500.00,,TRUE,TRUE,,,,,FALSE,Lamb Napa Lapel,"DescriptionAn enduring selection that makes a style statement: both elegant and practical, it lends itself to multiple combinations and wearing on an array of occasions. The colour palette includes the brand’s characteristic neutral nuances, combined with a minimalist design, create a series of key pieces for the femal",,,,,new,,,,,,draft
lamb-napa-lapel,Lamb Napa Lapel,"DescriptionAn enduring selection that makes a style statement: both elegant and practical, it lends itself to multiple combinations and wearing on an array of occasions. The colour palette includes the brand’s characteristic neutral nuances, combined with a minimalist design, create a series of key pieces for the female wardrobe. The leather biker jacket is reinvented to reflect the latest trends, acquiring all the charm of JLG. This garment is made from high-quality, semi-aniline, lambskin nappa leather. It has a matching lining and features the classic off-centre fastening typical of biker jackets.Details-Made from Egyptian Napa Leather-Classic Neckline-One YKK Zipper chest pocket-YKK Snaps With Joe's Logo-YKK Zipped cuffs-2YKK Zipper Pockets on the waist-One small watch Pocket on the side-one waist adjustment buckle on each side-Long Sleeves-Fully Lined",Joe's Venture,,,,FALSE,Option 1,Request Appointment,Option 2,ForestGreen,Option 3,Silk,Lapel51,,,,deny,manual,9000.00,,TRUE,TRUE,,,,,FALSE,Lamb Napa Lapel,"DescriptionAn enduring selection that makes a style statement: both elegant and practical, it lends itself to multiple combinations and wearing on an array of occasions. The colour palette includes the brand’s characteristic neutral nuances, combined with a minimalist design, create a series of key pieces for the femal",,,,,new,,,,,,draft
lamb-napa-lapel,Lamb Napa Lapel,"DescriptionAn enduring selection that makes a style statement: both elegant and practical, it lends itself to multiple combinations and wearing on an array of occasions. The colour palette includes the brand’s characteristic neutral nuances, combined with a minimalist design, create a series of key pieces for the female wardrobe. The leather biker jacket is reinvented to reflect the latest trends, acquiring all the charm of JLG. This garment is made from high-quality, semi-aniline, lambskin nappa leather. It has a matching lining and features the classic off-centre fastening typical of biker jackets.Details-Made from Egyptian Napa Leather-Classic Neckline-One YKK Zipper chest pocket-YKK Snaps With Joe's Logo-YKK Zipped cuffs-2YKK Zipper Pockets on the waist-One small watch Pocket on the side-one waist adjustment buckle on each side-Long Sleeves-Fully Lined",Joe's Venture,,,,FALSE,Option 1,Request Appointment,Option 2,ForestGreen,Option 3,English Wool,Lapel52,,,,deny,manual,11500.00,,TRUE,TRUE,,,,,FALSE,Lamb Napa Lapel,"DescriptionAn enduring selection that makes a style statement: both elegant and practical, it lends itself to multiple combinations and wearing on an array of occasions. The colour palette includes the brand’s characteristic neutral nuances, combined with a minimalist design, create a series of key pieces for the femal",,,,,new,,,,,,draft
lamb-napa-lapel,Lamb Napa Lapel,"DescriptionAn enduring selection that makes a style statement: both elegant and practical, it lends itself to multiple combinations and wearing on an array of occasions. The colour palette includes the brand’s characteristic neutral nuances, combined with a minimalist design, create a series of key pieces for the female wardrobe. The leather biker jacket is reinvented to reflect the latest trends, acquiring all the charm of JLG. This garment is made from high-quality, semi-aniline, lambskin nappa leather. It has a matching lining and features the classic off-centre fastening typical of biker jackets.Details-Made from Egyptian Napa Leather-Classic Neckline-One YKK Zipper chest pocket-YKK Snaps With Joe's Logo-YKK Zipped cuffs-2YKK Zipper Pockets on the waist-One small watch Pocket on the side-one waist adjustment buckle on each side-Long Sleeves-Fully Lined",Joe's Venture,,,,FALSE,Option 1,Request Appointment,Option 2,NavyBlue,Option 3,Silk,Lapel53,,,,deny,manual,9000.00,,TRUE,TRUE,,,,,FALSE,Lamb Napa Lapel,"DescriptionAn enduring selection that makes a style statement: both elegant and practical, it lends itself to multiple combinations and wearing on an array of occasions. The colour palette includes the brand’s characteristic neutral nuances, combined with a minimalist design, create a series of key pieces for the femal",,,,,new,,,,,,draft
lamb-napa-lapel,Lamb Napa Lapel,"DescriptionAn enduring selection that makes a style statement: both elegant and practical, it lends itself to multiple combinations and wearing on an array of occasions. The colour palette includes the brand’s characteristic neutral nuances, combined with a minimalist design, create a series of key pieces for the female wardrobe. The leather biker jacket is reinvented to reflect the latest trends, acquiring all the charm of JLG. This garment is made from high-quality, semi-aniline, lambskin nappa leather. It has a matching lining and features the classic off-centre fastening typical of biker jackets.Details-Made from Egyptian Napa Leather-Classic Neckline-One YKK Zipper chest pocket-YKK Snaps With Joe's Logo-YKK Zipped cuffs-2YKK Zipper Pockets on the waist-One small watch Pocket on the side-one waist adjustment buckle on each side-Long Sleeves-Fully Lined",Joe's Venture,,,,FALSE,Option 1,Request Appointment,Option 2,NavyBlue,Option 3,English Wool,Lapel54,,,,deny,manual,11500.00,,TRUE,TRUE,,,,,FALSE,Lamb Napa Lapel,"DescriptionAn enduring selection that makes a style statement: both elegant and practical, it lends itself to multiple combinations and wearing on an array of occasions. The colour palette includes the brand’s characteristic neutral nuances, combined with a minimalist design, create a series of key pieces for the femal",,,,,new,,,,,,draft
lamb-napa-lapel,Lamb Napa Lapel,"DescriptionAn enduring selection that makes a style statement: both elegant and practical, it lends itself to multiple combinations and wearing on an array of occasions. The colour palette includes the brand’s characteristic neutral nuances, combined with a minimalist design, create a series of key pieces for the female wardrobe. The leather biker jacket is reinvented to reflect the latest trends, acquiring all the charm of JLG. This garment is made from high-quality, semi-aniline, lambskin nappa leather. It has a matching lining and features the classic off-centre fastening typical of biker jackets.Details-Made from Egyptian Napa Leather-Classic Neckline-One YKK Zipper chest pocket-YKK Snaps With Joe's Logo-YKK Zipped cuffs-2YKK Zipper Pockets on the waist-One small watch Pocket on the side-one waist adjustment buckle on each side-Long Sleeves-Fully Lined",Joe's Venture,,,,FALSE,Option 1,Request Appointment,Option 2,Distressed Brown,Option 3,Silk,Lapel55,,,,deny,manual,9000.00,,TRUE,TRUE,,,,,FALSE,Lamb Napa Lapel,"DescriptionAn enduring selection that makes a style statement: both elegant and practical, it lends itself to multiple combinations and wearing on an array of occasions. The colour palette includes the brand’s characteristic neutral nuances, combined with a minimalist design, create a series of key pieces for the femal",,,,,new,,,,,,draft
lamb-napa-lapel,Lamb Napa Lapel,"DescriptionAn enduring selection that makes a style statement: both elegant and practical, it lends itself to multiple combinations and wearing on an array of occasions. The colour palette includes the brand’s characteristic neutral nuances, combined with a minimalist design, create a series of key pieces for the female wardrobe. The leather biker jacket is reinvented to reflect the latest trends, acquiring all the charm of JLG. This garment is made from high-quality, semi-aniline, lambskin nappa leather. It has a matching lining and features the classic off-centre fastening typical of biker jackets.Details-Made from Egyptian Napa Leather-Classic Neckline-One YKK Zipper chest pocket-YKK Snaps With Joe's Logo-YKK Zipped cuffs-2YKK Zipper Pockets on the waist-One small watch Pocket on the side-one waist adjustment buckle on each side-Long Sleeves-Fully Lined",Joe's Venture,,,,FALSE,Option 1,Request Appointment,Option 2,Distressed Brown,Option 3,English Wool,Lapel56,,,,deny,manual,11500.00,,TRUE,TRUE,,,,,FALSE,Lamb Napa Lapel,"DescriptionAn enduring selection that makes a style statement: both elegant and practical, it lends itself to multiple combinations and wearing on an array of occasions. The colour palette includes the brand’s characteristic neutral nuances, combined with a minimalist design, create a series of key pieces for the femal",,,,,new,,,,,,draft
lamb-napa-woman-cafe-racer,Lamb Napa Woman Cafe Racer,"DescriptionPart of the exclusive capsule collection for Joe's Women, this Cafe Racer biker jacket is crafted from smooth napa leather in a slim fit. It's fully lined, features a buttoned collar and is finished with a two-way zipped fastening.Details-Made from Egyptian Napa Leather-Two YKK Zipper chest pocket-YKK Snaps With Joe's Logo-YKK Zipped cuffs-2YKK Zipper Pockets on the waist-Long Sleeves-Two Inner Pockets-Fully Lined",Joe's Venture,,,,FALSE,Option 1,36,Option 2,Black,Option 3,Silk,WCaf1,,,,deny,manual,9000.00,,TRUE,TRUE,,,,,FALSE,Lamb Napa Woman Cafe Racer,"DescriptionPart of the exclusive capsule collection for Joe's Women, this Cafe Racer biker jacket is crafted from smooth napa leather in a slim fit. It's fully lined, features a buttoned collar and is finished with a two-way zipped fastening.Details-Made from Egyptian Napa Leather-Two YKK Zipper chest pocket-YKK Snaps ",,,,,new,,,,,,draft
lamb-napa-woman-cafe-racer,Lamb Napa Woman Cafe Racer,"DescriptionPart of the exclusive capsule collection for Joe's Women, this Cafe Racer biker jacket is crafted from smooth napa leather in a slim fit. It's fully lined, features a buttoned collar and is finished with a two-way zipped fastening.Details-Made from Egyptian Napa Leather-Two YKK Zipper chest pocket-YKK Snaps With Joe's Logo-YKK Zipped cuffs-2YKK Zipper Pockets on the waist-Long Sleeves-Two Inner Pockets-Fully Lined",Joe's Venture,,,,FALSE,Option 1,36,Option 2,Black,Option 3,English Wool,WCaf2,,,,deny,manual,11500.00,,TRUE,TRUE,,,,,FALSE,Lamb Napa Woman Cafe Racer,"DescriptionPart of the exclusive capsule collection for Joe's Women, this Cafe Racer biker jacket is crafted from smooth napa leather in a slim fit. It's fully lined, features a buttoned collar and is finished with a two-way zipped fastening.Details-Made from Egyptian Napa Leather-Two YKK Zipper chest pocket-YKK Snaps ",,,,,new,,,,,,draft
lamb-napa-woman-cafe-racer,Lamb Napa Woman Cafe Racer,"DescriptionPart of the exclusive capsule collection for Joe's Women, this Cafe Racer biker jacket is crafted from smooth napa leather in a slim fit. It's fully lined, features a buttoned collar and is finished with a two-way zipped fastening.Details-Made from Egyptian Napa Leather-Two YKK Zipper chest pocket-YKK Snaps With Joe's Logo-YKK Zipped cuffs-2YKK Zipper Pockets on the waist-Long Sleeves-Two Inner Pockets-Fully Lined",Joe's Venture,,,,FALSE,Option 1,36,Option 2,Distressed Brown,Option 3,Silk,WCaf3,,,,deny,manual,9000.00,,TRUE,TRUE,,,,,FALSE,Lamb Napa Woman Cafe Racer,"DescriptionPart of the exclusive capsule collection for Joe's Women, this Cafe Racer biker jacket is crafted from smooth napa leather in a slim fit. It's fully lined, features a buttoned collar and is finished with a two-way zipped fastening.Details-Made from Egyptian Napa Leather-Two YKK Zipper chest pocket-YKK Snaps ",,,,,new,,,,,,draft
lamb-napa-woman-cafe-racer,Lamb Napa Woman Cafe Racer,"DescriptionPart of the exclusive capsule collection for Joe's Women, this Cafe Racer biker jacket is crafted from smooth napa leather in a slim fit. It's fully lined, features a buttoned collar and is finished with a two-way zipped fastening.Details-Made from Egyptian Napa Leather-Two YKK Zipper chest pocket-YKK Snaps With Joe's Logo-YKK Zipped cuffs-2YKK Zipper Pockets on the waist-Long Sleeves-Two Inner Pockets-Fully Lined",Joe's Venture,,,,FALSE,Option 1,36,Option 2,Distressed Brown,Option 3,English Wool,WCaf4,,,,deny,manual,11500.00,,TRUE,TRUE,,,,,FALSE,Lamb Napa Woman Cafe Racer,"DescriptionPart of the exclusive capsule collection for Joe's Women, this Cafe Racer biker jacket is crafted from smooth napa leather in a slim fit. It's fully lined, features a buttoned collar and is finished with a two-way zipped fastening.Details-Made from Egyptian Napa Leather-Two YKK Zipper chest pocket-YKK Snaps ",,,,,new,,,,,,draft
lamb-napa-woman-cafe-racer,Lamb Napa Woman Cafe Racer,"DescriptionPart of the exclusive capsule collection for Joe's Women, this Cafe Racer biker jacket is crafted from smooth napa leather in a slim fit. It's fully lined, features a buttoned collar and is finished with a two-way zipped fastening.Details-Made from Egyptian Napa Leather-Two YKK Zipper chest pocket-YKK Snaps With Joe's Logo-YKK Zipped cuffs-2YKK Zipper Pockets on the waist-Long Sleeves-Two Inner Pockets-Fully Lined",Joe's Venture,,,,FALSE,Option 1,36,Option 2,Navy Blue,Option 3,Silk,WCaf5,,,,deny,manual,9000.00,,TRUE,TRUE,,,,,FALSE,Lamb Napa Woman Cafe Racer,"DescriptionPart of the exclusive capsule collection for Joe's Women, this Cafe Racer biker jacket is crafted from smooth napa leather in a slim fit. It's fully lined, features a buttoned collar and is finished with a two-way zipped fastening.Details-Made from Egyptian Napa Leather-Two YKK Zipper chest pocket-YKK Snaps ",,,,,new,,,,,,draft
lamb-napa-woman-cafe-racer,Lamb Napa Woman Cafe Racer,"DescriptionPart of the exclusive capsule collection for Joe's Women, this Cafe Racer biker jacket is crafted from smooth napa leather in a slim fit. It's fully lined, features a buttoned collar and is finished with a two-way zipped fastening.Details-Made from Egyptian Napa Leather-Two YKK Zipper chest pocket-YKK Snaps With Joe's Logo-YKK Zipped cuffs-2YKK Zipper Pockets on the waist-Long Sleeves-Two Inner Pockets-Fully Lined",Joe's Venture,,,,FALSE,Option 1,36,Option 2,Navy Blue,Option 3,English Wool,WCaf6,,,,deny,manual,11500.00,,TRUE,TRUE,,,,,FALSE,Lamb Napa Woman Cafe Racer,"DescriptionPart of the exclusive capsule collection for Joe's Women, this Cafe Racer biker jacket is crafted from smooth napa leather in a slim fit. It's fully lined, features a buttoned collar and is finished with a two-way zipped fastening.Details-Made from Egyptian Napa Leather-Two YKK Zipper chest pocket-YKK Snaps ",,,,,new,,,,,,draft
lamb-napa-woman-cafe-racer,Lamb Napa Woman Cafe Racer,"DescriptionPart of the exclusive capsule collection for Joe's Women, this Cafe Racer biker jacket is crafted from smooth napa leather in a slim fit. It's fully lined, features a buttoned collar and is finished with a two-way zipped fastening.Details-Made from Egyptian Napa Leather-Two YKK Zipper chest pocket-YKK Snaps With Joe's Logo-YKK Zipped cuffs-2YKK Zipper Pockets on the waist-Long Sleeves-Two Inner Pockets-Fully Lined",Joe's Venture,,,,FALSE,Option 1,36,Option 2,Bordeaux,Option 3,Silk,WCaf7,,,,deny,manual,9000.00,,TRUE,TRUE,,,,,FALSE,Lamb Napa Woman Cafe Racer,"DescriptionPart of the exclusive capsule collection for Joe's Women, this Cafe Racer biker jacket is crafted from smooth napa leather in a slim fit. It's fully lined, features a buttoned collar and is finished with a two-way zipped fastening.Details-Made from Egyptian Napa Leather-Two YKK Zipper chest pocket-YKK Snaps ",,,,,new,,,,,,draft
lamb-napa-woman-cafe-racer,Lamb Napa Woman Cafe Racer,"DescriptionPart of the exclusive capsule collection for Joe's Women, this Cafe Racer biker jacket is crafted from smooth napa leather in a slim fit. It's fully lined, features a buttoned collar and is finished with a two-way zipped fastening.Details-Made from Egyptian Napa Leather-Two YKK Zipper chest pocket-YKK Snaps With Joe's Logo-YKK Zipped cuffs-2YKK Zipper Pockets on the waist-Long Sleeves-Two Inner Pockets-Fully Lined",Joe's Venture,,,,FALSE,Option 1,36,Option 2,Bordeaux,Option 3,English Wool,WCaf8,,,,deny,manual,11500.00,,TRUE,TRUE,,,,,FALSE,Lamb Napa Woman Cafe Racer,"DescriptionPart of the exclusive capsule collection for Joe's Women, this Cafe Racer biker jacket is crafted from smooth napa leather in a slim fit. It's fully lined, features a buttoned collar and is finished with a two-way zipped fastening.Details-Made from Egyptian Napa Leather-Two YKK Zipper chest pocket-YKK Snaps ",,,,,new,,,,,,draft
lamb-napa-woman-cafe-racer,Lamb Napa Woman Cafe Racer,"DescriptionPart of the exclusive capsule collection for Joe's Women, this Cafe Racer biker jacket is crafted from smooth napa leather in a slim fit. It's fully lined, features a buttoned collar and is finished with a two-way zipped fastening.Details-Made from Egyptian Napa Leather-Two YKK Zipper chest pocket-YKK Snaps With Joe's Logo-YKK Zipped cuffs-2YKK Zipper Pockets on the waist-Long Sleeves-Two Inner Pockets-Fully Lined",Joe's Venture,,,,FALSE,Option 1,36,Option 2,Forest Green,Option 3,Silk,WCaf9,,,,deny,manual,9000.00,,TRUE,TRUE,,,,,FALSE,Lamb Napa Woman Cafe Racer,"DescriptionPart of the exclusive capsule collection for Joe's Women, this Cafe Racer biker jacket is crafted from smooth napa leather in a slim fit. It's fully lined, features a buttoned collar and is finished with a two-way zipped fastening.Details-Made from Egyptian Napa Leather-Two YKK Zipper chest pocket-YKK Snaps ",,,,,new,,,,,,draft
lamb-napa-woman-cafe-racer,Lamb Napa Woman Cafe Racer,"DescriptionPart of the exclusive capsule collection for Joe's Women, this Cafe Racer biker jacket is crafted from smooth napa leather in a slim fit. It's fully lined, features a buttoned collar and is finished with a two-way zipped fastening.Details-Made from Egyptian Napa Leather-Two YKK Zipper chest pocket-YKK Snaps With Joe's Logo-YKK Zipped cuffs-2YKK Zipper Pockets on the waist-Long Sleeves-Two Inner Pockets-Fully Lined",Joe's Venture,,,,FALSE,Option 1,36,Option 2,Forest Green,Option 3,English Wool,WCaf10,,,,deny,manual,11500.00,,TRUE,TRUE,,,,,FALSE,Lamb Napa Woman Cafe Racer,"DescriptionPart of the exclusive capsule collection for Joe's Women, this Cafe Racer biker jacket is crafted from smooth napa leather in a slim fit. It's fully lined, features a buttoned collar and is finished with a two-way zipped fastening.Details-Made from Egyptian Napa Leather-Two YKK Zipper chest pocket-YKK Snaps ",,,,,new,,,,,,draft
lamb-napa-woman-cafe-racer,Lamb Napa Woman Cafe Racer,"DescriptionPart of the exclusive capsule collection for Joe's Women, this Cafe Racer biker jacket is crafted from smooth napa leather in a slim fit. It's fully lined, features a buttoned collar and is finished with a two-way zipped fastening.Details-Made from Egyptian Napa Leather-Two YKK Zipper chest pocket-YKK Snaps With Joe's Logo-YKK Zipped cuffs-2YKK Zipper Pockets on the waist-Long Sleeves-Two Inner Pockets-Fully Lined",Joe's Venture,,,,FALSE,Option 1,38,Option 2,Black,Option 3,Silk,WCaf11,,,,deny,manual,9000.00,,TRUE,TRUE,,,,,FALSE,Lamb Napa Woman Cafe Racer,"DescriptionPart of the exclusive capsule collection for Joe's Women, this Cafe Racer biker jacket is crafted from smooth napa leather in a slim fit. It's fully lined, features a buttoned collar and is finished with a two-way zipped fastening.Details-Made from Egyptian Napa Leather-Two YKK Zipper chest pocket-YKK Snaps ",,,,,new,,,,,,draft
lamb-napa-woman-cafe-racer,Lamb Napa Woman Cafe Racer,"DescriptionPart of the exclusive capsule collection for Joe's Women, this Cafe Racer biker jacket is crafted from smooth napa leather in a slim fit. It's fully lined, features a buttoned collar and is finished with a two-way zipped fastening.Details-Made from Egyptian Napa Leather-Two YKK Zipper chest pocket-YKK Snaps With Joe's Logo-YKK Zipped cuffs-2YKK Zipper Pockets on the waist-Long Sleeves-Two Inner Pockets-Fully Lined",Joe's Venture,,,,FALSE,Option 1,38,Option 2,Black,Option 3,English Wool,WCaf12,,,,deny,manual,11500.00,,TRUE,TRUE,,,,,FALSE,Lamb Napa Woman Cafe Racer,"DescriptionPart of the exclusive capsule collection for Joe's Women, this Cafe Racer biker jacket is crafted from smooth napa leather in a slim fit. It's fully lined, features a buttoned collar and is finished with a two-way zipped fastening.Details-Made from Egyptian Napa Leather-Two YKK Zipper chest pocket-YKK Snaps ",,,,,new,,,,,,draft
lamb-napa-woman-cafe-racer,Lamb Napa Woman Cafe Racer,"DescriptionPart of the exclusive capsule collection for Joe's Women, this Cafe Racer biker jacket is crafted from smooth napa leather in a slim fit. It's fully lined, features a buttoned collar and is finished with a two-way zipped fastening.Details-Made from Egyptian Napa Leather-Two YKK Zipper chest pocket-YKK Snaps With Joe's Logo-YKK Zipped cuffs-2YKK Zipper Pockets on the waist-Long Sleeves-Two Inner Pockets-Fully Lined",Joe's Venture,,,,FALSE,Option 1,38,Option 2,Distressed Brown,Option 3,Silk,WCaf13,,,,deny,manual,9000.00,,TRUE,TRUE,,,,,FALSE,Lamb Napa Woman Cafe Racer,"DescriptionPart of the exclusive capsule collection for Joe's Women, this Cafe Racer biker jacket is crafted from smooth napa leather in a slim fit. It's fully lined, features a buttoned collar and is finished with a two-way zipped fastening.Details-Made from Egyptian Napa Leather-Two YKK Zipper chest pocket-YKK Snaps ",,,,,new,,,,,,draft
lamb-napa-woman-cafe-racer,Lamb Napa Woman Cafe Racer,"DescriptionPart of the exclusive capsule collection for Joe's Women, this Cafe Racer biker jacket is crafted from smooth napa leather in a slim fit. It's fully lined, features a buttoned collar and is finished with a two-way zipped fastening.Details-Made from Egyptian Napa Leather-Two YKK Zipper chest pocket-YKK Snaps With Joe's Logo-YKK Zipped cuffs-2YKK Zipper Pockets on the waist-Long Sleeves-Two Inner Pockets-Fully Lined",Joe's Venture,,,,FALSE,Option 1,38,Option 2,Distressed Brown,Option 3,English Wool,WCaf14,,,,deny,manual,11500.00,,TRUE,TRUE,,,,,FALSE,Lamb Napa Woman Cafe Racer,"DescriptionPart of the exclusive capsule collection for Joe's Women, this Cafe Racer biker jacket is crafted from smooth napa leather in a slim fit. It's fully lined, features a buttoned collar and is finished with a two-way zipped fastening.Details-Made from Egyptian Napa Leather-Two YKK Zipper chest pocket-YKK Snaps ",,,,,new,,,,,,draft
lamb-napa-woman-cafe-racer,Lamb Napa Woman Cafe Racer,"DescriptionPart of the exclusive capsule collection for Joe's Women, this Cafe Racer biker jacket is crafted from smooth napa leather in a slim fit. It's fully lined, features a buttoned collar and is finished with a two-way zipped fastening.Details-Made from Egyptian Napa Leather-Two YKK Zipper chest pocket-YKK Snaps With Joe's Logo-YKK Zipped cuffs-2YKK Zipper Pockets on the waist-Long Sleeves-Two Inner Pockets-Fully Lined",Joe's Venture,,,,FALSE,Option 1,38,Option 2,Navy Blue,Option 3,Silk,WCaf15,,,,deny,manual,9000.00,,TRUE,TRUE,,,,,FALSE,Lamb Napa Woman Cafe Racer,"DescriptionPart of the exclusive capsule collection for Joe's Women, this Cafe Racer biker jacket is crafted from smooth napa leather in a slim fit. It's fully lined, features a buttoned collar and is finished with a two-way zipped fastening.Details-Made from Egyptian Napa Leather-Two YKK Zipper chest pocket-YKK Snaps ",,,,,new,,,,,,draft
lamb-napa-woman-cafe-racer,Lamb Napa Woman Cafe Racer,"DescriptionPart of the exclusive capsule collection for Joe's Women, this Cafe Racer biker jacket is crafted from smooth napa leather in a slim fit. It's fully lined, features a buttoned collar and is finished with a two-way zipped fastening.Details-Made from Egyptian Napa Leather-Two YKK Zipper chest pocket-YKK Snaps With Joe's Logo-YKK Zipped cuffs-2YKK Zipper Pockets on the waist-Long Sleeves-Two Inner Pockets-Fully Lined",Joe's Venture,,,,FALSE,Option 1,38,Option 2,Navy Blue,Option 3,English Wool,WCaf16,,,,deny,manual,11500.00,,TRUE,TRUE,,,,,FALSE,Lamb Napa Woman Cafe Racer,"DescriptionPart of the exclusive capsule collection for Joe's Women, this Cafe Racer biker jacket is crafted from smooth napa leather in a slim fit. It's fully lined, features a buttoned collar and is finished with a two-way zipped fastening.Details-Made from Egyptian Napa Leather-Two YKK Zipper chest pocket-YKK Snaps ",,,,,new,,,,,,draft
lamb-napa-woman-cafe-racer,Lamb Napa Woman Cafe Racer,"DescriptionPart of the exclusive capsule collection for Joe's Women, this Cafe Racer biker jacket is crafted from smooth napa leather in a slim fit. It's fully lined, features a buttoned collar and is finished with a two-way zipped fastening.Details-Made from Egyptian Napa Leather-Two YKK Zipper chest pocket-YKK Snaps With Joe's Logo-YKK Zipped cuffs-2YKK Zipper Pockets on the waist-Long Sleeves-Two Inner Pockets-Fully Lined",Joe's Venture,,,,FALSE,Option 1,38,Option 2,Bordeaux,Option 3,Silk,WCaf17,,,,deny,manual,9000.00,,TRUE,TRUE,,,,,FALSE,Lamb Napa Woman Cafe Racer,"DescriptionPart of the exclusive capsule collection for Joe's Women, this Cafe Racer biker jacket is crafted from smooth napa leather in a slim fit. It's fully lined, features a buttoned collar and is finished with a two-way zipped fastening.Details-Made from Egyptian Napa Leather-Two YKK Zipper chest pocket-YKK Snaps ",,,,,new,,,,,,draft
lamb-napa-woman-cafe-racer,Lamb Napa Woman Cafe Racer,"DescriptionPart of the exclusive capsule collection for Joe's Women, this Cafe Racer biker jacket is crafted from smooth napa leather in a slim fit. It's fully lined, features a buttoned collar and is finished with a two-way zipped fastening.Details-Made from Egyptian Napa Leather-Two YKK Zipper chest pocket-YKK Snaps With Joe's Logo-YKK Zipped cuffs-2YKK Zipper Pockets on the waist-Long Sleeves-Two Inner Pockets-Fully Lined",Joe's Venture,,,,FALSE,Option 1,38,Option 2,Bordeaux,Option 3,English Wool,WCaf18,,,,deny,manual,11500.00,,TRUE,TRUE,,,,,FALSE,Lamb Napa Woman Cafe Racer,"DescriptionPart of the exclusive capsule collection for Joe's Women, this Cafe Racer biker jacket is crafted from smooth napa leather in a slim fit. It's fully lined, features a buttoned collar and is finished with a two-way zipped fastening.Details-Made from Egyptian Napa Leather-Two YKK Zipper chest pocket-YKK Snaps ",,,,,new,,,,,,draft
lamb-napa-woman-cafe-racer,Lamb Napa Woman Cafe Racer,"DescriptionPart of the exclusive capsule collection for Joe's Women, this Cafe Racer biker jacket is crafted from smooth napa leather in a slim fit. It's fully lined, features a buttoned collar and is finished with a two-way zipped fastening.Details-Made from Egyptian Napa Leather-Two YKK Zipper chest pocket-YKK Snaps With Joe's Logo-YKK Zipped cuffs-2YKK Zipper Pockets on the waist-Long Sleeves-Two Inner Pockets-Fully Lined",Joe's Venture,,,,FALSE,Option 1,38,Option 2,Forest Green,Option 3,Silk,WCaf19,,,,deny,manual,9000.00,,TRUE,TRUE,,,,,FALSE,Lamb Napa Woman Cafe Racer,"DescriptionPart of the exclusive capsule collection for Joe's Women, this Cafe Racer biker jacket is crafted from smooth napa leather in a slim fit. It's fully lined, features a buttoned collar and is finished with a two-way zipped fastening.Details-Made from Egyptian Napa Leather-Two YKK Zipper chest pocket-YKK Snaps ",,,,,new,,,,,,draft
lamb-napa-woman-cafe-racer,Lamb Napa Woman Cafe Racer,"DescriptionPart of the exclusive capsule collection for Joe's Women, this Cafe Racer biker jacket is crafted from smooth napa leather in a slim fit. It's fully lined, features a buttoned collar and is finished with a two-way zipped fastening.Details-Made from Egyptian Napa Leather-Two YKK Zipper chest pocket-YKK Snaps With Joe's Logo-YKK Zipped cuffs-2YKK Zipper Pockets on the waist-Long Sleeves-Two Inner Pockets-Fully Lined",Joe's Venture,,,,FALSE,Option 1,38,Option 2,Forest Green,Option 3,English Wool,WCaf20,,,,deny,manual,11500.00,,TRUE,TRUE,,,,,FALSE,Lamb Napa Woman Cafe Racer,"DescriptionPart of the exclusive capsule collection for Joe's Women, this Cafe Racer biker jacket is crafted from smooth napa leather in a slim fit. It's fully lined, features a buttoned collar and is finished with a two-way zipped fastening.Details-Made from Egyptian Napa Leather-Two YKK Zipper chest pocket-YKK Snaps ",,,,,new,,,,,,draft
lamb-napa-woman-cafe-racer,Lamb Napa Woman Cafe Racer,"DescriptionPart of the exclusive capsule collection for Joe's Women, this Cafe Racer biker jacket is crafted from smooth napa leather in a slim fit. It's fully lined, features a buttoned collar and is finished with a two-way zipped fastening.Details-Made from Egyptian Napa Leather-Two YKK Zipper chest pocket-YKK Snaps With Joe's Logo-YKK Zipped cuffs-2YKK Zipper Pockets on the waist-Long Sleeves-Two Inner Pockets-Fully Lined",Joe's Venture,,,,FALSE,Option 1,40,Option 2,Black,Option 3,Silk,WCaf21,,,,deny,manual,9000.00,,TRUE,TRUE,,,,,FALSE,Lamb Napa Woman Cafe Racer,"DescriptionPart of the exclusive capsule collection for Joe's Women, this Cafe Racer biker jacket is crafted from smooth napa leather in a slim fit. It's fully lined, features a buttoned collar and is finished with a two-way zipped fastening.Details-Made from Egyptian Napa Leather-Two YKK Zipper chest pocket-YKK Snaps ",,,,,new,,,,,,draft
lamb-napa-woman-cafe-racer,Lamb Napa Woman Cafe Racer,"DescriptionPart of the exclusive capsule collection for Joe's Women, this Cafe Racer biker jacket is crafted from smooth napa leather in a slim fit. It's fully lined, features a buttoned collar and is finished with a two-way zipped fastening.Details-Made from Egyptian Napa Leather-Two YKK Zipper chest pocket-YKK Snaps With Joe's Logo-YKK Zipped cuffs-2YKK Zipper Pockets on the waist-Long Sleeves-Two Inner Pockets-Fully Lined",Joe's Venture,,,,FALSE,Option 1,40,Option 2,Black,Option 3,English Wool,WCaf22,,,,deny,manual,11500.00,,TRUE,TRUE,,,,,FALSE,Lamb Napa Woman Cafe Racer,"DescriptionPart of the exclusive capsule collection for Joe's Women, this Cafe Racer biker jacket is crafted from smooth napa leather in a slim fit. It's fully lined, features a buttoned collar and is finished with a two-way zipped fastening.Details-Made from Egyptian Napa Leather-Two YKK Zipper chest pocket-YKK Snaps ",,,,,new,,,,,,draft
lamb-napa-woman-cafe-racer,Lamb Napa Woman Cafe Racer,"DescriptionPart of the exclusive capsule collection for Joe's Women, this Cafe Racer biker jacket is crafted from smooth napa leather in a slim fit. It's fully lined, features a buttoned collar and is finished with a two-way zipped fastening.Details-Made from Egyptian Napa Leather-Two YKK Zipper chest pocket-YKK Snaps With Joe's Logo-YKK Zipped cuffs-2YKK Zipper Pockets on the waist-Long Sleeves-Two Inner Pockets-Fully Lined",Joe's Venture,,,,FALSE,Option 1,40,Option 2,Distressed Brown,Option 3,Silk,WCaf23,,,,deny,manual,9000.00,,TRUE,TRUE,,,,,FALSE,Lamb Napa Woman Cafe Racer,"DescriptionPart of the exclusive capsule collection for Joe's Women, this Cafe Racer biker jacket is crafted from smooth napa leather in a slim fit. It's fully lined, features a buttoned collar and is finished with a two-way zipped fastening.Details-Made from Egyptian Napa Leather-Two YKK Zipper chest pocket-YKK Snaps ",,,,,new,,,,,,draft
lamb-napa-woman-cafe-racer,Lamb Napa Woman Cafe Racer,"DescriptionPart of the exclusive capsule collection for Joe's Women, this Cafe Racer biker jacket is crafted from smooth napa leather in a slim fit. It's fully lined, features a buttoned collar and is finished with a two-way zipped fastening.Details-Made from Egyptian Napa Leather-Two YKK Zipper chest pocket-YKK Snaps With Joe's Logo-YKK Zipped cuffs-2YKK Zipper Pockets on the waist-Long Sleeves-Two Inner Pockets-Fully Lined",Joe's Venture,,,,FALSE,Option 1,40,Option 2,Distressed Brown,Option 3,English Wool,WCaf24,,,,deny,manual,11500.00,,TRUE,TRUE,,,,,FALSE,Lamb Napa Woman Cafe Racer,"DescriptionPart of the exclusive capsule collection for Joe's Women, this Cafe Racer biker jacket is crafted from smooth napa leather in a slim fit. It's fully lined, features a buttoned collar and is finished with a two-way zipped fastening.Details-Made from Egyptian Napa Leather-Two YKK Zipper chest pocket-YKK Snaps ",,,,,new,,,,,,draft
lamb-napa-woman-cafe-racer,Lamb Napa Woman Cafe Racer,"DescriptionPart of the exclusive capsule collection for Joe's Women, this Cafe Racer biker jacket is crafted from smooth napa leather in a slim fit. It's fully lined, features a buttoned collar and is finished with a two-way zipped fastening.Details-Made from Egyptian Napa Leather-Two YKK Zipper chest pocket-YKK Snaps With Joe's Logo-YKK Zipped cuffs-2YKK Zipper Pockets on the waist-Long Sleeves-Two Inner Pockets-Fully Lined",Joe's Venture,,,,FALSE,Option 1,40,Option 2,Navy Blue,Option 3,Silk,WCaf25,,,,deny,manual,9000.00,,TRUE,TRUE,,,,,FALSE,Lamb Napa Woman Cafe Racer,"DescriptionPart of the exclusive capsule collection for Joe's Women, this Cafe Racer biker jacket is crafted from smooth napa leather in a slim fit. It's fully lined, features a buttoned collar and is finished with a two-way zipped fastening.Details-Made from Egyptian Napa Leather-Two YKK Zipper chest pocket-YKK Snaps ",,,,,new,,,,,,draft
lamb-napa-woman-cafe-racer,Lamb Napa Woman Cafe Racer,"DescriptionPart of the exclusive capsule collection for Joe's Women, this Cafe Racer biker jacket is crafted from smooth napa leather in a slim fit. It's fully lined, features a buttoned collar and is finished with a two-way zipped fastening.Details-Made from Egyptian Napa Leather-Two YKK Zipper chest pocket-YKK Snaps With Joe's Logo-YKK Zipped cuffs-2YKK Zipper Pockets on the waist-Long Sleeves-Two Inner Pockets-Fully Lined",Joe's Venture,,,,FALSE,Option 1,40,Option 2,Navy Blue,Option 3,English Wool,WCaf26,,,,deny,manual,11500.00,,TRUE,TRUE,,,,,FALSE,Lamb Napa Woman Cafe Racer,"DescriptionPart of the exclusive capsule collection for Joe's Women, this Cafe Racer biker jacket is crafted from smooth napa leather in a slim fit. It's fully lined, features a buttoned collar and is finished with a two-way zipped fastening.Details-Made from Egyptian Napa Leather-Two YKK Zipper chest pocket-YKK Snaps ",,,,,new,,,,,,draft
lamb-napa-woman-cafe-racer,Lamb Napa Woman Cafe Racer,"DescriptionPart of the exclusive capsule collection for Joe's Women, this Cafe Racer biker jacket is crafted from smooth napa leather in a slim fit. It's fully lined, features a buttoned collar and is finished with a two-way zipped fastening.Details-Made from Egyptian Napa Leather-Two YKK Zipper chest pocket-YKK Snaps With Joe's Logo-YKK Zipped cuffs-2YKK Zipper Pockets on the waist-Long Sleeves-Two Inner Pockets-Fully Lined",Joe's Venture,,,,FALSE,Option 1,40,Option 2,Bordeaux,Option 3,Silk,WCaf27,,,,deny,manual,9000.00,,TRUE,TRUE,,,,,FALSE,Lamb Napa Woman Cafe Racer,"DescriptionPart of the exclusive capsule collection for Joe's Women, this Cafe Racer biker jacket is crafted from smooth napa leather in a slim fit. It's fully lined, features a buttoned collar and is finished with a two-way zipped fastening.Details-Made from Egyptian Napa Leather-Two YKK Zipper chest pocket-YKK Snaps ",,,,,new,,,,,,draft
lamb-napa-woman-cafe-racer,Lamb Napa Woman Cafe Racer,"DescriptionPart of the exclusive capsule collection for Joe's Women, this Cafe Racer biker jacket is crafted from smooth napa leather in a slim fit. It's fully lined, features a buttoned collar and is finished with a two-way zipped fastening.Details-Made from Egyptian Napa Leather-Two YKK Zipper chest pocket-YKK Snaps With Joe's Logo-YKK Zipped cuffs-2YKK Zipper Pockets on the waist-Long Sleeves-Two Inner Pockets-Fully Lined",Joe's Venture,,,,FALSE,Option 1,40,Option 2,Bordeaux,Option 3,English Wool,WCaf28,,,,deny,manual,11500.00,,TRUE,TRUE,,,,,FALSE,Lamb Napa Woman Cafe Racer,"DescriptionPart of the exclusive capsule collection for Joe's Women, this Cafe Racer biker jacket is crafted from smooth napa leather in a slim fit. It's fully lined, features a buttoned collar and is finished with a two-way zipped fastening.Details-Made from Egyptian Napa Leather-Two YKK Zipper chest pocket-YKK Snaps ",,,,,new,,,,,,draft
lamb-napa-woman-cafe-racer,Lamb Napa Woman Cafe Racer,"DescriptionPart of the exclusive capsule collection for Joe's Women, this Cafe Racer biker jacket is crafted from smooth napa leather in a slim fit. It's fully lined, features a buttoned collar and is finished with a two-way zipped fastening.Details-Made from Egyptian Napa Leather-Two YKK Zipper chest pocket-YKK Snaps With Joe's Logo-YKK Zipped cuffs-2YKK Zipper Pockets on the waist-Long Sleeves-Two Inner Pockets-Fully Lined",Joe's Venture,,,,FALSE,Option 1,40,Option 2,Forest Green,Option 3,Silk,WCaf29,,,,deny,manual,9000.00,,TRUE,TRUE,,,,,FALSE,Lamb Napa Woman Cafe Racer,"DescriptionPart of the exclusive capsule collection for Joe's Women, this Cafe Racer biker jacket is crafted from smooth napa leather in a slim fit. It's fully lined, features a buttoned collar and is finished with a two-way zipped fastening.Details-Made from Egyptian Napa Leather-Two YKK Zipper chest pocket-YKK Snaps ",,,,,new,,,,,,draft
lamb-napa-woman-cafe-racer,Lamb Napa Woman Cafe Racer,"DescriptionPart of the exclusive capsule collection for Joe's Women, this Cafe Racer biker jacket is crafted from smooth napa leather in a slim fit. It's fully lined, features a buttoned collar and is finished with a two-way zipped fastening.Details-Made from Egyptian Napa Leather-Two YKK Zipper chest pocket-YKK Snaps With Joe's Logo-YKK Zipped cuffs-2YKK Zipper Pockets on the waist-Long Sleeves-Two Inner Pockets-Fully Lined",Joe's Venture,,,,FALSE,Option 1,40,Option 2,Forest Green,Option 3,English Wool,WCaf30,,,,deny,manual,11500.00,,TRUE,TRUE,,,,,FALSE,Lamb Napa Woman Cafe Racer,"DescriptionPart of the exclusive capsule collection for Joe's Women, this Cafe Racer biker jacket is crafted from smooth napa leather in a slim fit. It's fully lined, features a buttoned collar and is finished with a two-way zipped fastening.Details-Made from Egyptian Napa Leather-Two YKK Zipper chest pocket-YKK Snaps ",,,,,new,,,,,,draft
lamb-napa-woman-cafe-racer,Lamb Napa Woman Cafe Racer,"DescriptionPart of the exclusive capsule collection for Joe's Women, this Cafe Racer biker jacket is crafted from smooth napa leather in a slim fit. It's fully lined, features a buttoned collar and is finished with a two-way zipped fastening.Details-Made from Egyptian Napa Leather-Two YKK Zipper chest pocket-YKK Snaps With Joe's Logo-YKK Zipped cuffs-2YKK Zipper Pockets on the waist-Long Sleeves-Two Inner Pockets-Fully Lined",Joe's Venture,,,,FALSE,Option 1,42,Option 2,Black,Option 3,Silk,WCaf31,,,,deny,manual,9000.00,,TRUE,TRUE,,,,,FALSE,Lamb Napa Woman Cafe Racer,"DescriptionPart of the exclusive capsule collection for Joe's Women, this Cafe Racer biker jacket is crafted from smooth napa leather in a slim fit. It's fully lined, features a buttoned collar and is finished with a two-way zipped fastening.Details-Made from Egyptian Napa Leather-Two YKK Zipper chest pocket-YKK Snaps ",,,,,new,,,,,,draft
lamb-napa-woman-cafe-racer,Lamb Napa Woman Cafe Racer,"DescriptionPart of the exclusive capsule collection for Joe's Women, this Cafe Racer biker jacket is crafted from smooth napa leather in a slim fit. It's fully lined, features a buttoned collar and is finished with a two-way zipped fastening.Details-Made from Egyptian Napa Leather-Two YKK Zipper chest pocket-YKK Snaps With Joe's Logo-YKK Zipped cuffs-2YKK Zipper Pockets on the waist-Long Sleeves-Two Inner Pockets-Fully Lined",Joe's Venture,,,,FALSE,Option 1,42,Option 2,Black,Option 3,English Wool,WCaf32,,,,deny,manual,11500.00,,TRUE,TRUE,,,,,FALSE,Lamb Napa Woman Cafe Racer,"DescriptionPart of the exclusive capsule collection for Joe's Women, this Cafe Racer biker jacket is crafted from smooth napa leather in a slim fit. It's fully lined, features a buttoned collar and is finished with a two-way zipped fastening.Details-Made from Egyptian Napa Leather-Two YKK Zipper chest pocket-YKK Snaps ",,,,,new,,,,,,draft
lamb-napa-woman-cafe-racer,Lamb Napa Woman Cafe Racer,"DescriptionPart of the exclusive capsule collection for Joe's Women, this Cafe Racer biker jacket is crafted from smooth napa leather in a slim fit. It's fully lined, features a buttoned collar and is finished with a two-way zipped fastening.Details-Made from Egyptian Napa Leather-Two YKK Zipper chest pocket-YKK Snaps With Joe's Logo-YKK Zipped cuffs-2YKK Zipper Pockets on the waist-Long Sleeves-Two Inner Pockets-Fully Lined",Joe's Venture,,,,FALSE,Option 1,42,Option 2,Distressed Brown,Option 3,Silk,WCaf33,,,,deny,manual,9000.00,,TRUE,TRUE,,,,,FALSE,Lamb Napa Woman Cafe Racer,"DescriptionPart of the exclusive capsule collection for Joe's Women, this Cafe Racer biker jacket is crafted from smooth napa leather in a slim fit. It's fully lined, features a buttoned collar and is finished with a two-way zipped fastening.Details-Made from Egyptian Napa Leather-Two YKK Zipper chest pocket-YKK Snaps ",,,,,new,,,,,,draft
lamb-napa-woman-cafe-racer,Lamb Napa Woman Cafe Racer,"DescriptionPart of the exclusive capsule collection for Joe's Women, this Cafe Racer biker jacket is crafted from smooth napa leather in a slim fit. It's fully lined, features a buttoned collar and is finished with a two-way zipped fastening.Details-Made from Egyptian Napa Leather-Two YKK Zipper chest pocket-YKK Snaps With Joe's Logo-YKK Zipped cuffs-2YKK Zipper Pockets on the waist-Long Sleeves-Two Inner Pockets-Fully Lined",Joe's Venture,,,,FALSE,Option 1,42,Option 2,Distressed Brown,Option 3,English Wool,WCaf34,,,,deny,manual,11500.00,,TRUE,TRUE,,,,,FALSE,Lamb Napa Woman Cafe Racer,"DescriptionPart of the exclusive capsule collection for Joe's Women, this Cafe Racer biker jacket is crafted from smooth napa leather in a slim fit. It's fully lined, features a buttoned collar and is finished with a two-way zipped fastening.Details-Made from Egyptian Napa Leather-Two YKK Zipper chest pocket-YKK Snaps ",,,,,new,,,,,,draft
lamb-napa-woman-cafe-racer,Lamb Napa Woman Cafe Racer,"DescriptionPart of the exclusive capsule collection for Joe's Women, this Cafe Racer biker jacket is crafted from smooth napa leather in a slim fit. It's fully lined, features a buttoned collar and is finished with a two-way zipped fastening.Details-Made from Egyptian Napa Leather-Two YKK Zipper chest pocket-YKK Snaps With Joe's Logo-YKK Zipped cuffs-2YKK Zipper Pockets on the waist-Long Sleeves-Two Inner Pockets-Fully Lined",Joe's Venture,,,,FALSE,Option 1,42,Option 2,Navy Blue,Option 3,Silk,WCaf35,,,,deny,manual,9000.00,,TRUE,TRUE,,,,,FALSE,Lamb Napa Woman Cafe Racer,"DescriptionPart of the exclusive capsule collection for Joe's Women, this Cafe Racer biker jacket is crafted from smooth napa leather in a slim fit. It's fully lined, features a buttoned collar and is finished with a two-way zipped fastening.Details-Made from Egyptian Napa Leather-Two YKK Zipper chest pocket-YKK Snaps ",,,,,new,,,,,,draft
lamb-napa-woman-cafe-racer,Lamb Napa Woman Cafe Racer,"DescriptionPart of the exclusive capsule collection for Joe's Women, this Cafe Racer biker jacket is crafted from smooth napa leather in a slim fit. It's fully lined, features a buttoned collar and is finished with a two-way zipped fastening.Details-Made from Egyptian Napa Leather-Two YKK Zipper chest pocket-YKK Snaps With Joe's Logo-YKK Zipped cuffs-2YKK Zipper Pockets on the waist-Long Sleeves-Two Inner Pockets-Fully Lined",Joe's Venture,,,,FALSE,Option 1,42,Option 2,Navy Blue,Option 3,English Wool,WCaf36,,,,deny,manual,11500.00,,TRUE,TRUE,,,,,FALSE,Lamb Napa Woman Cafe Racer,"DescriptionPart of the exclusive capsule collection for Joe's Women, this Cafe Racer biker jacket is crafted from smooth napa leather in a slim fit. It's fully lined, features a buttoned collar and is finished with a two-way zipped fastening.Details-Made from Egyptian Napa Leather-Two YKK Zipper chest pocket-YKK Snaps ",,,,,new,,,,,,draft
lamb-napa-woman-cafe-racer,Lamb Napa Woman Cafe Racer,"DescriptionPart of the exclusive capsule collection for Joe's Women, this Cafe Racer biker jacket is crafted from smooth napa leather in a slim fit. It's fully lined, features a buttoned collar and is finished with a two-way zipped fastening.Details-Made from Egyptian Napa Leather-Two YKK Zipper chest pocket-YKK Snaps With Joe's Logo-YKK Zipped cuffs-2YKK Zipper Pockets on the waist-Long Sleeves-Two Inner Pockets-Fully Lined",Joe's Venture,,,,FALSE,Option 1,42,Option 2,Bordeaux,Option 3,Silk,WCaf37,,,,deny,manual,9000.00,,TRUE,TRUE,,,,,FALSE,Lamb Napa Woman Cafe Racer,"DescriptionPart of the exclusive capsule collection for Joe's Women, this Cafe Racer biker jacket is crafted from smooth napa leather in a slim fit. It's fully lined, features a buttoned collar and is finished with a two-way zipped fastening.Details-Made from Egyptian Napa Leather-Two YKK Zipper chest pocket-YKK Snaps ",,,,,new,,,,,,draft
lamb-napa-woman-cafe-racer,Lamb Napa Woman Cafe Racer,"DescriptionPart of the exclusive capsule collection for Joe's Women, this Cafe Racer biker jacket is crafted from smooth napa leather in a slim fit. It's fully lined, features a buttoned collar and is finished with a two-way zipped fastening.Details-Made from Egyptian Napa Leather-Two YKK Zipper chest pocket-YKK Snaps With Joe's Logo-YKK Zipped cuffs-2YKK Zipper Pockets on the waist-Long Sleeves-Two Inner Pockets-Fully Lined",Joe's Venture,,,,FALSE,Option 1,42,Option 2,Bordeaux,Option 3,English Wool,WCaf38,,,,deny,manual,11500.00,,TRUE,TRUE,,,,,FALSE,Lamb Napa Woman Cafe Racer,"DescriptionPart of the exclusive capsule collection for Joe's Women, this Cafe Racer biker jacket is crafted from smooth napa leather in a slim fit. It's fully lined, features a buttoned collar and is finished with a two-way zipped fastening.Details-Made from Egyptian Napa Leather-Two YKK Zipper chest pocket-YKK Snaps ",,,,,new,,,,,,draft
lamb-napa-woman-cafe-racer,Lamb Napa Woman Cafe Racer,"DescriptionPart of the exclusive capsule collection for Joe's Women, this Cafe Racer biker jacket is crafted from smooth napa leather in a slim fit. It's fully lined, features a buttoned collar and is finished with a two-way zipped fastening.Details-Made from Egyptian Napa Leather-Two YKK Zipper chest pocket-YKK Snaps With Joe's Logo-YKK Zipped cuffs-2YKK Zipper Pockets on the waist-Long Sleeves-Two Inner Pockets-Fully Lined",Joe's Venture,,,,FALSE,Option 1,42,Option 2,Forest Green,Option 3,Silk,WCaf39,,,,deny,manual,9000.00,,TRUE,TRUE,,,,,FALSE,Lamb Napa Woman Cafe Racer,"DescriptionPart of the exclusive capsule collection for Joe's Women, this Cafe Racer biker jacket is crafted from smooth napa leather in a slim fit. It's fully lined, features a buttoned collar and is finished with a two-way zipped fastening.Details-Made from Egyptian Napa Leather-Two YKK Zipper chest pocket-YKK Snaps ",,,,,new,,,,,,draft
lamb-napa-woman-cafe-racer,Lamb Napa Woman Cafe Racer,"DescriptionPart of the exclusive capsule collection for Joe's Women, this Cafe Racer biker jacket is crafted from smooth napa leather in a slim fit. It's fully lined, features a buttoned collar and is finished with a two-way zipped fastening.Details-Made from Egyptian Napa Leather-Two YKK Zipper chest pocket-YKK Snaps With Joe's Logo-YKK Zipped cuffs-2YKK Zipper Pockets on the waist-Long Sleeves-Two Inner Pockets-Fully Lined",Joe's Venture,,,,FALSE,Option 1,42,Option 2,Forest Green,Option 3,English Wool,WCaf40,,,,deny,manual,11500.00,,TRUE,TRUE,,,,,FALSE,Lamb Napa Woman Cafe Racer,"DescriptionPart of the exclusive capsule collection for Joe's Women, this Cafe Racer biker jacket is crafted from smooth napa leather in a slim fit. It's fully lined, features a buttoned collar and is finished with a two-way zipped fastening.Details-Made from Egyptian Napa Leather-Two YKK Zipper chest pocket-YKK Snaps ",,,,,new,,,,,,draft
lamb-napa-woman-cafe-racer,Lamb Napa Woman Cafe Racer,"DescriptionPart of the exclusive capsule collection for Joe's Women, this Cafe Racer biker jacket is crafted from smooth napa leather in a slim fit. It's fully lined, features a buttoned collar and is finished with a two-way zipped fastening.Details-Made from Egyptian Napa Leather-Two YKK Zipper chest pocket-YKK Snaps With Joe's Logo-YKK Zipped cuffs-2YKK Zipper Pockets on the waist-Long Sleeves-Two Inner Pockets-Fully Lined",Joe's Venture,,,,FALSE,Option 1,44,Option 2,Black,Option 3,Silk,WCaf41,,,,deny,manual,9000.00,,TRUE,TRUE,,,,,FALSE,Lamb Napa Woman Cafe Racer,"DescriptionPart of the exclusive capsule collection for Joe's Women, this Cafe Racer biker jacket is crafted from smooth napa leather in a slim fit. It's fully lined, features a buttoned collar and is finished with a two-way zipped fastening.Details-Made from Egyptian Napa Leather-Two YKK Zipper chest pocket-YKK Snaps ",,,,,new,,,,,,draft
lamb-napa-woman-cafe-racer,Lamb Napa Woman Cafe Racer,"DescriptionPart of the exclusive capsule collection for Joe's Women, this Cafe Racer biker jacket is crafted from smooth napa leather in a slim fit. It's fully lined, features a buttoned collar and is finished with a two-way zipped fastening.Details-Made from Egyptian Napa Leather-Two YKK Zipper chest pocket-YKK Snaps With Joe's Logo-YKK Zipped cuffs-2YKK Zipper Pockets on the waist-Long Sleeves-Two Inner Pockets-Fully Lined",Joe's Venture,,,,FALSE,Option 1,44,Option 2,Black,Option 3,English Wool,WCaf42,,,,deny,manual,11500.00,,TRUE,TRUE,,,,,FALSE,Lamb Napa Woman Cafe Racer,"DescriptionPart of the exclusive capsule collection for Joe's Women, this Cafe Racer biker jacket is crafted from smooth napa leather in a slim fit. It's fully lined, features a buttoned collar and is finished with a two-way zipped fastening.Details-Made from Egyptian Napa Leather-Two YKK Zipper chest pocket-YKK Snaps ",,,,,new,,,,,,draft
lamb-napa-woman-cafe-racer,Lamb Napa Woman Cafe Racer,"DescriptionPart of the exclusive capsule collection for Joe's Women, this Cafe Racer biker jacket is crafted from smooth napa leather in a slim fit. It's fully lined, features a buttoned collar and is finished with a two-way zipped fastening.Details-Made from Egyptian Napa Leather-Two YKK Zipper chest pocket-YKK Snaps With Joe's Logo-YKK Zipped cuffs-2YKK Zipper Pockets on the waist-Long Sleeves-Two Inner Pockets-Fully Lined",Joe's Venture,,,,FALSE,Option 1,44,Option 2,Distressed Brown,Option 3,Silk,WCaf43,,,,deny,manual,9000.00,,TRUE,TRUE,,,,,FALSE,Lamb Napa Woman Cafe Racer,"DescriptionPart of the exclusive capsule collection for Joe's Women, this Cafe Racer biker jacket is crafted from smooth napa leather in a slim fit. It's fully lined, features a buttoned collar and is finished with a two-way zipped fastening.Details-Made from Egyptian Napa Leather-Two YKK Zipper chest pocket-YKK Snaps ",,,,,new,,,,,,draft
lamb-napa-woman-cafe-racer,Lamb Napa Woman Cafe Racer,"DescriptionPart of the exclusive capsule collection for Joe's Women, this Cafe Racer biker jacket is crafted from smooth napa leather in a slim fit. It's fully lined, features a buttoned collar and is finished with a two-way zipped fastening.Details-Made from Egyptian Napa Leather-Two YKK Zipper chest pocket-YKK Snaps With Joe's Logo-YKK Zipped cuffs-2YKK Zipper Pockets on the waist-Long Sleeves-Two Inner Pockets-Fully Lined",Joe's Venture,,,,FALSE,Option 1,44,Option 2,Distressed Brown,Option 3,English Wool,WCaf44,,,,deny,manual,11500.00,,TRUE,TRUE,,,,,FALSE,Lamb Napa Woman Cafe Racer,"DescriptionPart of the exclusive capsule collection for Joe's Women, this Cafe Racer biker jacket is crafted from smooth napa leather in a slim fit. It's fully lined, features a buttoned collar and is finished with a two-way zipped fastening.Details-Made from Egyptian Napa Leather-Two YKK Zipper chest pocket-YKK Snaps ",,,,,new,,,,,,draft
lamb-napa-woman-cafe-racer,Lamb Napa Woman Cafe Racer,"DescriptionPart of the exclusive capsule collection for Joe's Women, this Cafe Racer biker jacket is crafted from smooth napa leather in a slim fit. It's fully lined, features a buttoned collar and is finished with a two-way zipped fastening.Details-Made from Egyptian Napa Leather-Two YKK Zipper chest pocket-YKK Snaps With Joe's Logo-YKK Zipped cuffs-2YKK Zipper Pockets on the waist-Long Sleeves-Two Inner Pockets-Fully Lined",Joe's Venture,,,,FALSE,Option 1,44,Option 2,Navy Blue,Option 3,Silk,WCaf45,,,,deny,manual,9000.00,,TRUE,TRUE,,,,,FALSE,Lamb Napa Woman Cafe Racer,"DescriptionPart of the exclusive capsule collection for Joe's Women, this Cafe Racer biker jacket is crafted from smooth napa leather in a slim fit. It's fully lined, features a buttoned collar and is finished with a two-way zipped fastening.Details-Made from Egyptian Napa Leather-Two YKK Zipper chest pocket-YKK Snaps ",,,,,new,,,,,,draft
lamb-napa-woman-cafe-racer,Lamb Napa Woman Cafe Racer,"DescriptionPart of the exclusive capsule collection for Joe's Women, this Cafe Racer biker jacket is crafted from smooth napa leather in a slim fit. It's fully lined, features a buttoned collar and is finished with a two-way zipped fastening.Details-Made from Egyptian Napa Leather-Two YKK Zipper chest pocket-YKK Snaps With Joe's Logo-YKK Zipped cuffs-2YKK Zipper Pockets on the waist-Long Sleeves-Two Inner Pockets-Fully Lined",Joe's Venture,,,,FALSE,Option 1,44,Option 2,Navy Blue,Option 3,English Wool,WCaf46,,,,deny,manual,11500.00,,TRUE,TRUE,,,,,FALSE,Lamb Napa Woman Cafe Racer,"DescriptionPart of the exclusive capsule collection for Joe's Women, this Cafe Racer biker jacket is crafted from smooth napa leather in a slim fit. It's fully lined, features a buttoned collar and is finished with a two-way zipped fastening.Details-Made from Egyptian Napa Leather-Two YKK Zipper chest pocket-YKK Snaps ",,,,,new,,,,,,draft
lamb-napa-woman-cafe-racer,Lamb Napa Woman Cafe Racer,"DescriptionPart of the exclusive capsule collection for Joe's Women, this Cafe Racer biker jacket is crafted from smooth napa leather in a slim fit. It's fully lined, features a buttoned collar and is finished with a two-way zipped fastening.Details-Made from Egyptian Napa Leather-Two YKK Zipper chest pocket-YKK Snaps With Joe's Logo-YKK Zipped cuffs-2YKK Zipper Pockets on the waist-Long Sleeves-Two Inner Pockets-Fully Lined",Joe's Venture,,,,FALSE,Option 1,44,Option 2,Bordeaux,Option 3,Silk,WCaf47,,,,deny,manual,9000.00,,TRUE,TRUE,,,,,FALSE,Lamb Napa Woman Cafe Racer,"DescriptionPart of the exclusive capsule collection for Joe's Women, this Cafe Racer biker jacket is crafted from smooth napa leather in a slim fit. It's fully lined, features a buttoned collar and is finished with a two-way zipped fastening.Details-Made from Egyptian Napa Leather-Two YKK Zipper chest pocket-YKK Snaps ",,,,,new,,,,,,draft
lamb-napa-woman-cafe-racer,Lamb Napa Woman Cafe Racer,"DescriptionPart of the exclusive capsule collection for Joe's Women, this Cafe Racer biker jacket is crafted from smooth napa leather in a slim fit. It's fully lined, features a buttoned collar and is finished with a two-way zipped fastening.Details-Made from Egyptian Napa Leather-Two YKK Zipper chest pocket-YKK Snaps With Joe's Logo-YKK Zipped cuffs-2YKK Zipper Pockets on the waist-Long Sleeves-Two Inner Pockets-Fully Lined",Joe's Venture,,,,FALSE,Option 1,44,Option 2,Bordeaux,Option 3,English Wool,WCaf48,,,,deny,manual,11500.00,,TRUE,TRUE,,,,,FALSE,Lamb Napa Woman Cafe Racer,"DescriptionPart of the exclusive capsule collection for Joe's Women, this Cafe Racer biker jacket is crafted from smooth napa leather in a slim fit. It's fully lined, features a buttoned collar and is finished with a two-way zipped fastening.Details-Made from Egyptian Napa Leather-Two YKK Zipper chest pocket-YKK Snaps ",,,,,new,,,,,,draft
lamb-napa-woman-cafe-racer,Lamb Napa Woman Cafe Racer,"DescriptionPart of the exclusive capsule collection for Joe's Women, this Cafe Racer biker jacket is crafted from smooth napa leather in a slim fit. It's fully lined, features a buttoned collar and is finished with a two-way zipped fastening.Details-Made from Egyptian Napa Leather-Two YKK Zipper chest pocket-YKK Snaps With Joe's Logo-YKK Zipped cuffs-2YKK Zipper Pockets on the waist-Long Sleeves-Two Inner Pockets-Fully Lined",Joe's Venture,,,,FALSE,Option 1,44,Option 2,Forest Green,Option 3,Silk,WCaf49,,,,deny,manual,9000.00,,TRUE,TRUE,,,,,FALSE,Lamb Napa Woman Cafe Racer,"DescriptionPart of the exclusive capsule collection for Joe's Women, this Cafe Racer biker jacket is crafted from smooth napa leather in a slim fit. It's fully lined, features a buttoned collar and is finished with a two-way zipped fastening.Details-Made from Egyptian Napa Leather-Two YKK Zipper chest pocket-YKK Snaps ",,,,,new,,,,,,draft
lamb-napa-woman-cafe-racer,Lamb Napa Woman Cafe Racer,"DescriptionPart of the exclusive capsule collection for Joe's Women, this Cafe Racer biker jacket is crafted from smooth napa leather in a slim fit. It's fully lined, features a buttoned collar and is finished with a two-way zipped fastening.Details-Made from Egyptian Napa Leather-Two YKK Zipper chest pocket-YKK Snaps With Joe's Logo-YKK Zipped cuffs-2YKK Zipper Pockets on the waist-Long Sleeves-Two Inner Pockets-Fully Lined",Joe's Venture,,,,FALSE,Option 1,44,Option 2,Forest Green,Option 3,English Wool,WCaf50,,,,deny,manual,11500.00,,TRUE,TRUE,,,,,FALSE,Lamb Napa Woman Cafe Racer,"DescriptionPart of the exclusive capsule collection for Joe's Women, this Cafe Racer biker jacket is crafted from smooth napa leather in a slim fit. It's fully lined, features a buttoned collar and is finished with a two-way zipped fastening.Details-Made from Egyptian Napa Leather-Two YKK Zipper chest pocket-YKK Snaps ",,,,,new,,,,,,draft
lamb-napa-woman-cafe-racer,Lamb Napa Woman Cafe Racer,"DescriptionPart of the exclusive capsule collection for Joe's Women, this Cafe Racer biker jacket is crafted from smooth napa leather in a slim fit. It's fully lined, features a buttoned collar and is finished with a two-way zipped fastening.Details-Made from Egyptian Napa Leather-Two YKK Zipper chest pocket-YKK Snaps With Joe's Logo-YKK Zipped cuffs-2YKK Zipper Pockets on the waist-Long Sleeves-Two Inner Pockets-Fully Lined",Joe's Venture,,,,FALSE,Option 1,46,Option 2,Black,Option 3,Silk,WCaf51,,,,deny,manual,9000.00,,TRUE,TRUE,,,,,FALSE,Lamb Napa Woman Cafe Racer,"DescriptionPart of the exclusive capsule collection for Joe's Women, this Cafe Racer biker jacket is crafted from smooth napa leather in a slim fit. It's fully lined, features a buttoned collar and is finished with a two-way zipped fastening.Details-Made from Egyptian Napa Leather-Two YKK Zipper chest pocket-YKK Snaps ",,,,,new,,,,,,draft
lamb-napa-woman-cafe-racer,Lamb Napa Woman Cafe Racer,"DescriptionPart of the exclusive capsule collection for Joe's Women, this Cafe Racer biker jacket is crafted from smooth napa leather in a slim fit. It's fully lined, features a buttoned collar and is finished with a two-way zipped fastening.Details-Made from Egyptian Napa Leather-Two YKK Zipper chest pocket-YKK Snaps With Joe's Logo-YKK Zipped cuffs-2YKK Zipper Pockets on the waist-Long Sleeves-Two Inner Pockets-Fully Lined",Joe's Venture,,,,FALSE,Option 1,46,Option 2,Black,Option 3,English Wool,WCaf52,,,,deny,manual,11500.00,,TRUE,TRUE,,,,,FALSE,Lamb Napa Woman Cafe Racer,"DescriptionPart of the exclusive capsule collection for Joe's Women, this Cafe Racer biker jacket is crafted from smooth napa leather in a slim fit. It's fully lined, features a buttoned collar and is finished with a two-way zipped fastening.Details-Made from Egyptian Napa Leather-Two YKK Zipper chest pocket-YKK Snaps ",,,,,new,,,,,,draft
lamb-napa-woman-cafe-racer,Lamb Napa Woman Cafe Racer,"DescriptionPart of the exclusive capsule collection for Joe's Women, this Cafe Racer biker jacket is crafted from smooth napa leather in a slim fit. It's fully lined, features a buttoned collar and is finished with a two-way zipped fastening.Details-Made from Egyptian Napa Leather-Two YKK Zipper chest pocket-YKK Snaps With Joe's Logo-YKK Zipped cuffs-2YKK Zipper Pockets on the waist-Long Sleeves-Two Inner Pockets-Fully Lined",Joe's Venture,,,,FALSE,Option 1,46,Option 2,Distressed Brown,Option 3,Silk,WCaf53,,,,deny,manual,9000.00,,TRUE,TRUE,,,,,FALSE,Lamb Napa Woman Cafe Racer,"DescriptionPart of the exclusive capsule collection for Joe's Women, this Cafe Racer biker jacket is crafted from smooth napa leather in a slim fit. It's fully lined, features a buttoned collar and is finished with a two-way zipped fastening.Details-Made from Egyptian Napa Leather-Two YKK Zipper chest pocket-YKK Snaps ",,,,,new,,,,,,draft
lamb-napa-woman-cafe-racer,Lamb Napa Woman Cafe Racer,"DescriptionPart of the exclusive capsule collection for Joe's Women, this Cafe Racer biker jacket is crafted from smooth napa leather in a slim fit. It's fully lined, features a buttoned collar and is finished with a two-way zipped fastening.Details-Made from Egyptian Napa Leather-Two YKK Zipper chest pocket-YKK Snaps With Joe's Logo-YKK Zipped cuffs-2YKK Zipper Pockets on the waist-Long Sleeves-Two Inner Pockets-Fully Lined",Joe's Venture,,,,FALSE,Option 1,46,Option 2,Distressed Brown,Option 3,English Wool,WCaf54,,,,deny,manual,11500.00,,TRUE,TRUE,,,,,FALSE,Lamb Napa Woman Cafe Racer,"DescriptionPart of the exclusive capsule collection for Joe's Women, this Cafe Racer biker jacket is crafted from smooth napa leather in a slim fit. It's fully lined, features a buttoned collar and is finished with a two-way zipped fastening.Details-Made from Egyptian Napa Leather-Two YKK Zipper chest pocket-YKK Snaps ",,,,,new,,,,,,draft
lamb-napa-woman-cafe-racer,Lamb Napa Woman Cafe Racer,"DescriptionPart of the exclusive capsule collection for Joe's Women, this Cafe Racer biker jacket is crafted from smooth napa leather in a slim fit. It's fully lined, features a buttoned collar and is finished with a two-way zipped fastening.Details-Made from Egyptian Napa Leather-Two YKK Zipper chest pocket-YKK Snaps With Joe's Logo-YKK Zipped cuffs-2YKK Zipper Pockets on the waist-Long Sleeves-Two Inner Pockets-Fully Lined",Joe's Venture,,,,FALSE,Option 1,46,Option 2,Navy Blue,Option 3,Silk,WCaf55,,,,deny,manual,9000.00,,TRUE,TRUE,,,,,FALSE,Lamb Napa Woman Cafe Racer,"DescriptionPart of the exclusive capsule collection for Joe's Women, this Cafe Racer biker jacket is crafted from smooth napa leather in a slim fit. It's fully lined, features a buttoned collar and is finished with a two-way zipped fastening.Details-Made from Egyptian Napa Leather-Two YKK Zipper chest pocket-YKK Snaps ",,,,,new,,,,,,draft
lamb-napa-woman-cafe-racer,Lamb Napa Woman Cafe Racer,"DescriptionPart of the exclusive capsule collection for Joe's Women, this Cafe Racer biker jacket is crafted from smooth napa leather in a slim fit. It's fully lined, features a buttoned collar and is finished with a two-way zipped fastening.Details-Made from Egyptian Napa Leather-Two YKK Zipper chest pocket-YKK Snaps With Joe's Logo-YKK Zipped cuffs-2YKK Zipper Pockets on the waist-Long Sleeves-Two Inner Pockets-Fully Lined",Joe's Venture,,,,FALSE,Option 1,46,Option 2,Navy Blue,Option 3,English Wool,WCaf56,,,,deny,manual,11500.00,,TRUE,TRUE,,,,,FALSE,Lamb Napa Woman Cafe Racer,"DescriptionPart of the exclusive capsule collection for Joe's Women, this Cafe Racer biker jacket is crafted from smooth napa leather in a slim fit. It's fully lined, features a buttoned collar and is finished with a two-way zipped fastening.Details-Made from Egyptian Napa Leather-Two YKK Zipper chest pocket-YKK Snaps ",,,,,new,,,,,,draft
lamb-napa-woman-cafe-racer,Lamb Napa Woman Cafe Racer,"DescriptionPart of the exclusive capsule collection for Joe's Women, this Cafe Racer biker jacket is crafted from smooth napa leather in a slim fit. It's fully lined, features a buttoned collar and is finished with a two-way zipped fastening.Details-Made from Egyptian Napa Leather-Two YKK Zipper chest pocket-YKK Snaps With Joe's Logo-YKK Zipped cuffs-2YKK Zipper Pockets on the waist-Long Sleeves-Two Inner Pockets-Fully Lined",Joe's Venture,,,,FALSE,Option 1,46,Option 2,Bordeaux,Option 3,Silk,WCaf57,,,,deny,manual,9000.00,,TRUE,TRUE,,,,,FALSE,Lamb Napa Woman Cafe Racer,"DescriptionPart of the exclusive capsule collection for Joe's Women, this Cafe Racer biker jacket is crafted from smooth napa leather in a slim fit. It's fully lined, features a buttoned collar and is finished with a two-way zipped fastening.Details-Made from Egyptian Napa Leather-Two YKK Zipper chest pocket-YKK Snaps ",,,,,new,,,,,,draft
lamb-napa-woman-cafe-racer,Lamb Napa Woman Cafe Racer,"DescriptionPart of the exclusive capsule collection for Joe's Women, this Cafe Racer biker jacket is crafted from smooth napa leather in a slim fit. It's fully lined, features a buttoned collar and is finished with a two-way zipped fastening.Details-Made from Egyptian Napa Leather-Two YKK Zipper chest pocket-YKK Snaps With Joe's Logo-YKK Zipped cuffs-2YKK Zipper Pockets on the waist-Long Sleeves-Two Inner Pockets-Fully Lined",Joe's Venture,,,,FALSE,Option 1,46,Option 2,Bordeaux,Option 3,English Wool,WCaf58,,,,deny,manual,11500.00,,TRUE,TRUE,,,,,FALSE,Lamb Napa Woman Cafe Racer,"DescriptionPart of the exclusive capsule collection for Joe's Women, this Cafe Racer biker jacket is crafted from smooth napa leather in a slim fit. It's fully lined, features a buttoned collar and is finished with a two-way zipped fastening.Details-Made from Egyptian Napa Leather-Two YKK Zipper chest pocket-YKK Snaps ",,,,,new,,,,,,draft
lamb-napa-woman-cafe-racer,Lamb Napa Woman Cafe Racer,"DescriptionPart of the exclusive capsule collection for Joe's Women, this Cafe Racer biker jacket is crafted from smooth napa leather in a slim fit. It's fully lined, features a buttoned collar and is finished with a two-way zipped fastening.Details-Made from Egyptian Napa Leather-Two YKK Zipper chest pocket-YKK Snaps With Joe's Logo-YKK Zipped cuffs-2YKK Zipper Pockets on the waist-Long Sleeves-Two Inner Pockets-Fully Lined",Joe's Venture,,,,FALSE,Option 1,46,Option 2,Forest Green,Option 3,Silk,WCaf59,,,,deny,manual,9000.00,,TRUE,TRUE,,,,,FALSE,Lamb Napa Woman Cafe Racer,"DescriptionPart of the exclusive capsule collection for Joe's Women, this Cafe Racer biker jacket is crafted from smooth napa leather in a slim fit. It's fully lined, features a buttoned collar and is finished with a two-way zipped fastening.Details-Made from Egyptian Napa Leather-Two YKK Zipper chest pocket-YKK Snaps ",,,,,new,,,,,,draft
lamb-napa-woman-cafe-racer,Lamb Napa Woman Cafe Racer,"DescriptionPart of the exclusive capsule collection for Joe's Women, this Cafe Racer biker jacket is crafted from smooth napa leather in a slim fit. It's fully lined, features a buttoned collar and is finished with a two-way zipped fastening.Details-Made from Egyptian Napa Leather-Two YKK Zipper chest pocket-YKK Snaps With Joe's Logo-YKK Zipped cuffs-2YKK Zipper Pockets on the waist-Long Sleeves-Two Inner Pockets-Fully Lined",Joe's Venture,,,,FALSE,Option 1,46,Option 2,Forest Green,Option 3,English Wool,WCaf60,,,,deny,manual,11500.00,,TRUE,TRUE,,,,,FALSE,Lamb Napa Woman Cafe Racer,"DescriptionPart of the exclusive capsule collection for Joe's Women, this Cafe Racer biker jacket is crafted from smooth napa leather in a slim fit. It's fully lined, features a buttoned collar and is finished with a two-way zipped fastening.Details-Made from Egyptian Napa Leather-Two YKK Zipper chest pocket-YKK Snaps ",,,,,new,,,,,,draft
lamb-napa-woman-cafe-racer,Lamb Napa Woman Cafe Racer,"DescriptionPart of the exclusive capsule collection for Joe's Women, this Cafe Racer biker jacket is crafted from smooth napa leather in a slim fit. It's fully lined, features a buttoned collar and is finished with a two-way zipped fastening.Details-Made from Egyptian Napa Leather-Two YKK Zipper chest pocket-YKK Snaps With Joe's Logo-YKK Zipped cuffs-2YKK Zipper Pockets on the waist-Long Sleeves-Two Inner Pockets-Fully Lined",Joe's Venture,,,,FALSE,Option 1,book appointment,Option 2,Black,Option 3,Silk,WCaf1,,,,deny,manual,9000.00,,TRUE,TRUE,,,,,FALSE,Lamb Napa Woman Cafe Racer,"DescriptionPart of the exclusive capsule collection for Joe's Women, this Cafe Racer biker jacket is crafted from smooth napa leather in a slim fit. It's fully lined, features a buttoned collar and is finished with a two-way zipped fastening.Details-Made from Egyptian Napa Leather-Two YKK Zipper chest pocket-YKK Snaps ",,,,,new,,,,,,draft
lamb-napa-woman-cafe-racer,Lamb Napa Woman Cafe Racer,"DescriptionPart of the exclusive capsule collection for Joe's Women, this Cafe Racer biker jacket is crafted from smooth napa leather in a slim fit. It's fully lined, features a buttoned collar and is finished with a two-way zipped fastening.Details-Made from Egyptian Napa Leather-Two YKK Zipper chest pocket-YKK Snaps With Joe's Logo-YKK Zipped cuffs-2YKK Zipper Pockets on the waist-Long Sleeves-Two Inner Pockets-Fully Lined",Joe's Venture,,,,FALSE,Option 1,book appointment,Option 2,Black,Option 3,English Wool,WCaf1,,,,deny,manual,11500.00,,TRUE,TRUE,,,,,FALSE,Lamb Napa Woman Cafe Racer,"DescriptionPart of the exclusive capsule collection for Joe's Women, this Cafe Racer biker jacket is crafted from smooth napa leather in a slim fit. It's fully lined, features a buttoned collar and is finished with a two-way zipped fastening.Details-Made from Egyptian Napa Leather-Two YKK Zipper chest pocket-YKK Snaps ",,,,,new,,,,,,draft
lamb-napa-woman-cafe-racer,Lamb Napa Woman Cafe Racer,"DescriptionPart of the exclusive capsule collection for Joe's Women, this Cafe Racer biker jacket is crafted from smooth napa leather in a slim fit. It's fully lined, features a buttoned collar and is finished with a two-way zipped fastening.Details-Made from Egyptian Napa Leather-Two YKK Zipper chest pocket-YKK Snaps With Joe's Logo-YKK Zipped cuffs-2YKK Zipper Pockets on the waist-Long Sleeves-Two Inner Pockets-Fully Lined",Joe's Venture,,,,FALSE,Option 1,book appointment,Option 2,Distressed Brown,Option 3,Silk,WCaf1,,,,deny,manual,9000.00,,TRUE,TRUE,,,,,FALSE,Lamb Napa Woman Cafe Racer,"DescriptionPart of the exclusive capsule collection for Joe's Women, this Cafe Racer biker jacket is crafted from smooth napa leather in a slim fit. It's fully lined, features a buttoned collar and is finished with a two-way zipped fastening.Details-Made from Egyptian Napa Leather-Two YKK Zipper chest pocket-YKK Snaps ",,,,,new,,,,,,draft
lamb-napa-woman-cafe-racer,Lamb Napa Woman Cafe Racer,"DescriptionPart of the exclusive capsule collection for Joe's Women, this Cafe Racer biker jacket is crafted from smooth napa leather in a slim fit. It's fully lined, features a buttoned collar and is finished with a two-way zipped fastening.Details-Made from Egyptian Napa Leather-Two YKK Zipper chest pocket-YKK Snaps With Joe's Logo-YKK Zipped cuffs-2YKK Zipper Pockets on the waist-Long Sleeves-Two Inner Pockets-Fully Lined",Joe's Venture,,,,FALSE,Option 1,book appointment,Option 2,Distressed Brown,Option 3,English Wool,WCaf1,,,,deny,manual,11500.00,,TRUE,TRUE,,,,,FALSE,Lamb Napa Woman Cafe Racer,"DescriptionPart of the exclusive capsule collection for Joe's Women, this Cafe Racer biker jacket is crafted from smooth napa leather in a slim fit. It's fully lined, features a buttoned collar and is finished with a two-way zipped fastening.Details-Made from Egyptian Napa Leather-Two YKK Zipper chest pocket-YKK Snaps ",,,,,new,,,,,,draft
lamb-napa-woman-cafe-racer,Lamb Napa Woman Cafe Racer,"DescriptionPart of the exclusive capsule collection for Joe's Women, this Cafe Racer biker jacket is crafted from smooth napa leather in a slim fit. It's fully lined, features a buttoned collar and is finished with a two-way zipped fastening.Details-Made from Egyptian Napa Leather-Two YKK Zipper chest pocket-YKK Snaps With Joe's Logo-YKK Zipped cuffs-2YKK Zipper Pockets on the waist-Long Sleeves-Two Inner Pockets-Fully Lined",Joe's Venture,,,,FALSE,Option 1,book appointment,Option 2,Navy Blue,Option 3,Silk,WCaf1,,,,deny,manual,9000.00,,TRUE,TRUE,,,,,FALSE,Lamb Napa Woman Cafe Racer,"DescriptionPart of the exclusive capsule collection for Joe's Women, this Cafe Racer biker jacket is crafted from smooth napa leather in a slim fit. It's fully lined, features a buttoned collar and is finished with a two-way zipped fastening.Details-Made from Egyptian Napa Leather-Two YKK Zipper chest pocket-YKK Snaps ",,,,,new,,,,,,draft
lamb-napa-woman-cafe-racer,Lamb Napa Woman Cafe Racer,"DescriptionPart of the exclusive capsule collection for Joe's Women, this Cafe Racer biker jacket is crafted from smooth napa leather in a slim fit. It's fully lined, features a buttoned collar and is finished with a two-way zipped fastening.Details-Made from Egyptian Napa Leather-Two YKK Zipper chest pocket-YKK Snaps With Joe's Logo-YKK Zipped cuffs-2YKK Zipper Pockets on the waist-Long Sleeves-Two Inner Pockets-Fully Lined",Joe's Venture,,,,FALSE,Option 1,book appointment,Option 2,Navy Blue,Option 3,English Wool,WCaf1,,,,deny,manual,11500.00,,TRUE,TRUE,,,,,FALSE,Lamb Napa Woman Cafe Racer,"DescriptionPart of the exclusive capsule collection for Joe's Women, this Cafe Racer biker jacket is crafted from smooth napa leather in a slim fit. It's fully lined, features a buttoned collar and is finished with a two-way zipped fastening.Details-Made from Egyptian Napa Leather-Two YKK Zipper chest pocket-YKK Snaps ",,,,,new,,,,,,draft
lamb-napa-woman-cafe-racer,Lamb Napa Woman Cafe Racer,"DescriptionPart of the exclusive capsule collection for Joe's Women, this Cafe Racer biker jacket is crafted from smooth napa leather in a slim fit. It's fully lined, features a buttoned collar and is finished with a two-way zipped fastening.Details-Made from Egyptian Napa Leather-Two YKK Zipper chest pocket-YKK Snaps With Joe's Logo-YKK Zipped cuffs-2YKK Zipper Pockets on the waist-Long Sleeves-Two Inner Pockets-Fully Lined",Joe's Venture,,,,FALSE,Option 1,book appointment,Option 2,Bordeaux,Option 3,Silk,WCaf1,,,,deny,manual,9000.00,,TRUE,TRUE,,,,,FALSE,Lamb Napa Woman Cafe Racer,"DescriptionPart of the exclusive capsule collection for Joe's Women, this Cafe Racer biker jacket is crafted from smooth napa leather in a slim fit. It's fully lined, features a buttoned collar and is finished with a two-way zipped fastening.Details-Made from Egyptian Napa Leather-Two YKK Zipper chest pocket-YKK Snaps ",,,,,new,,,,,,draft
lamb-napa-woman-cafe-racer,Lamb Napa Woman Cafe Racer,"DescriptionPart of the exclusive capsule collection for Joe's Women, this Cafe Racer biker jacket is crafted from smooth napa leather in a slim fit. It's fully lined, features a buttoned collar and is finished with a two-way zipped fastening.Details-Made from Egyptian Napa Leather-Two YKK Zipper chest pocket-YKK Snaps With Joe's Logo-YKK Zipped cuffs-2YKK Zipper Pockets on the waist-Long Sleeves-Two Inner Pockets-Fully Lined",Joe's Venture,,,,FALSE,Option 1,book appointment,Option 2,Bordeaux,Option 3,English Wool,WCaf1,,,,deny,manual,11500.00,,TRUE,TRUE,,,,,FALSE,Lamb Napa Woman Cafe Racer,"DescriptionPart of the exclusive capsule collection for Joe's Women, this Cafe Racer biker jacket is crafted from smooth napa leather in a slim fit. It's fully lined, features a buttoned collar and is finished with a two-way zipped fastening.Details-Made from Egyptian Napa Leather-Two YKK Zipper chest pocket-YKK Snaps ",,,,,new,,,,,,draft
lamb-napa-woman-cafe-racer,Lamb Napa Woman Cafe Racer,"DescriptionPart of the exclusive capsule collection for Joe's Women, this Cafe Racer biker jacket is crafted from smooth napa leather in a slim fit. It's fully lined, features a buttoned collar and is finished with a two-way zipped fastening.Details-Made from Egyptian Napa Leather-Two YKK Zipper chest pocket-YKK Snaps With Joe's Logo-YKK Zipped cuffs-2YKK Zipper Pockets on the waist-Long Sleeves-Two Inner Pockets-Fully Lined",Joe's Venture,,,,FALSE,Option 1,book appointment,Option 2,Forest Green,Option 3,Silk,WCaf1,,,,deny,manual,9000.00,,TRUE,TRUE,,,,,FALSE,Lamb Napa Woman Cafe Racer,"DescriptionPart of the exclusive capsule collection for Joe's Women, this Cafe Racer biker jacket is crafted from smooth napa leather in a slim fit. It's fully lined, features a buttoned collar and is finished with a two-way zipped fastening.Details-Made from Egyptian Napa Leather-Two YKK Zipper chest pocket-YKK Snaps ",,,,,new,,,,,,draft
lamb-napa-woman-cafe-racer,Lamb Napa Woman Cafe Racer,"DescriptionPart of the exclusive capsule collection for Joe's Women, this Cafe Racer biker jacket is crafted from smooth napa leather in a slim fit. It's fully lined, features a buttoned collar and is finished with a two-way zipped fastening.Details-Made from Egyptian Napa Leather-Two YKK Zipper chest pocket-YKK Snaps With Joe's Logo-YKK Zipped cuffs-2YKK Zipper Pockets on the waist-Long Sleeves-Two Inner Pockets-Fully Lined",Joe's Venture,,,,FALSE,Option 1,book appointment,Option 2,Forest Green,Option 3,English Wool,WCaf1,,,,deny,manual,11500.00,,TRUE,TRUE,,,,,FALSE,Lamb Napa Woman Cafe Racer,"DescriptionPart of the exclusive capsule collection for Joe's Women, this Cafe Racer biker jacket is crafted from smooth napa leather in a slim fit. It's fully lined, features a buttoned collar and is finished with a two-way zipped fastening.Details-Made from Egyptian Napa Leather-Two YKK Zipper chest pocket-YKK Snaps ",,,,,new,,,,,,draft
lamb-nappa-cropped-denim-cut-petroleum-grey,Petroleum Grey Lamb Nappa Cropped Denim Cut Size 42,"Expertly crafted by hand, this Lamb Nappa Cropped Denim Cut is the epitome of luxury and style. Made with high-quality leather, this jacket boasts unparalleled softness and a cropped silhouette that exudes confidence. Elevate any outfit with this must-have piece.",Joe's Venture,,,,FALSE,Title,Default Title,,,,,JKT PETG LNAP CROP,0,shopify,,deny,manual,18000.00,,TRUE,TRUE,,https://16.192.29.174.nip.io/assets/recovery/joes-venture/images/lamb-nappa-cropped-denim-cut-petroleum-grey-01-19754dfdf2.jpg,1,Petroleum Grey Lamb Nappa Cropped Denim Cut Size 42,FALSE,Petroleum Grey Lamb Nappa Cropped Denim Cut Size 42,"Expertly crafted by hand, this Lamb Nappa Cropped Denim Cut is the epitome of luxury and style. Made with high-quality leather, this jacket boasts unparalleled softness and a cropped silhouette that exudes confidence. Elevate any outfit with this must-have piece.",,,,,new,,,,,,draft
lamb-nappa-green-cafe-racer,Lamb Nappa Green Cafe Racer Size 48,"Add some edge to your wardrobe with our Lamb Nappa Green Cafe Racer. Handmade with premium quality lamb nappa, this jacket is as bold as they come. Featuring YKK accessories, it's the perfect combination of style and durability for those who crave adventure.",Joe's Venture,,Coats & Jackets,,FALSE,Title,Default Title,,,,,JKT LNAP G CAFE W,,,,deny,manual,21000.00,,TRUE,TRUE,,,,,FALSE,Lamb Nappa Green Cafe Racer Size 48,"Add some edge to your wardrobe with our Lamb Nappa Green Cafe Racer. Handmade with premium quality lamb nappa, this jacket is as bold as they come. Featuring YKK accessories, it's the perfect combination of style and durability for those who crave adventure.",,,,,new,,,,,,draft
lamb-nappa-green-cafe-racer-1,Green Lamb Nappa Pilot Size 44,"Rev up your style with our Green Lamb Nappa Cafe Racer jacket, handmade with quality leather. Dominate the road with confidence and YKK hardware. Take on any challenge in this bold, adventurous piece.",Joe's Venture,,Motorcycle Outerwear,,FALSE,Title,Default Title,,,,,JKT GRNLNAP PILOT,0,shopify,,deny,manual,18000.00,,TRUE,TRUE,,,,,FALSE,Green Lamb Nappa Pilot Size 44,"Rev up your style with our Green Lamb Nappa Cafe Racer jacket, handmade with quality leather. Dominate the road with confidence and YKK hardware. Take on any challenge in this bold, adventurous piece.",,,,,new,,,,,,draft
lamb-nappa-pe,Lamb Nappa Petroleum Pilot Size 54,"Expertly crafted from premium lamb nappa, our handmade Petroleum Pilot jacket features a soft cotton lining for added comfort. Its luxurious materials ensure durability and style, making it the perfect choice for any fashion-forward individual. Elevate your wardrobe with this timeless piece.",Joe's Venture,,Coats & Jackets,,FALSE,Title,Default Title,,,,,JKT LNAP PETP,,,,deny,manual,26000.00,,TRUE,TRUE,,,,,FALSE,Lamb Nappa Petroleum Pilot Size 54,"Expertly crafted from premium lamb nappa, our handmade Petroleum Pilot jacket features a soft cotton lining for added comfort. Its luxurious materials ensure durability and style, making it the perfect choice for any fashion-forward individual. Elevate your wardrobe with this timeless piece.",,,,,new,,,,,,draft
lamb-nappa-woman-perfecto,Lamb Nappa Woman Perfecto,"DescriptionAn enduring selection that makes a style statement: both elegant and practical, it lends itself to multiple combinations and wearing on an array of occasions. The colour palette includes the brand’s characteristic neutral nuances, combined with a minimalist design, create a series of key pieces for the female wardrobe. The leather biker jacket is reinvented to reflect the latest trends, acquiring all the charm of JLG. This garment is made from high-quality, semi-aniline, lambskin nappa leather. It has a matching lining and features the classic off-centre fastening typical of biker jackets.Details-Made from Egyptian Napa Leather-Classic Neckline-One YKK Zipper chest pocket-YKK Snaps With Joe's Logo-YKK Zipped cuffs-2YKK Zipper Pockets on the waist-One small watch Pocket on the side-Two waist adjustment buckles on each side-Long Sleeves-Two Inner Pockets-Fully Lined",Joe's Venture,,,,FALSE,Option 1,36,Option 2,Black,Option 3,Silk,WP1,,,,deny,manual,9500.00,,TRUE,TRUE,,,,,FALSE,Lamb Nappa Woman Perfecto,"DescriptionAn enduring selection that makes a style statement: both elegant and practical, it lends itself to multiple combinations and wearing on an array of occasions. The colour palette includes the brand’s characteristic neutral nuances, combined with a minimalist design, create a series of key pieces for the femal",,,,,new,,,,,,draft
lamb-nappa-woman-perfecto,Lamb Nappa Woman Perfecto,"DescriptionAn enduring selection that makes a style statement: both elegant and practical, it lends itself to multiple combinations and wearing on an array of occasions. The colour palette includes the brand’s characteristic neutral nuances, combined with a minimalist design, create a series of key pieces for the female wardrobe. The leather biker jacket is reinvented to reflect the latest trends, acquiring all the charm of JLG. This garment is made from high-quality, semi-aniline, lambskin nappa leather. It has a matching lining and features the classic off-centre fastening typical of biker jackets.Details-Made from Egyptian Napa Leather-Classic Neckline-One YKK Zipper chest pocket-YKK Snaps With Joe's Logo-YKK Zipped cuffs-2YKK Zipper Pockets on the waist-One small watch Pocket on the side-Two waist adjustment buckles on each side-Long Sleeves-Two Inner Pockets-Fully Lined",Joe's Venture,,,,FALSE,Option 1,36,Option 2,Black,Option 3,English Wool,WP2,,,,deny,manual,12000.00,,TRUE,TRUE,,,,,FALSE,Lamb Nappa Woman Perfecto,"DescriptionAn enduring selection that makes a style statement: both elegant and practical, it lends itself to multiple combinations and wearing on an array of occasions. The colour palette includes the brand’s characteristic neutral nuances, combined with a minimalist design, create a series of key pieces for the femal",,,,,new,,,,,,draft
lamb-nappa-woman-perfecto,Lamb Nappa Woman Perfecto,"DescriptionAn enduring selection that makes a style statement: both elegant and practical, it lends itself to multiple combinations and wearing on an array of occasions. The colour palette includes the brand’s characteristic neutral nuances, combined with a minimalist design, create a series of key pieces for the female wardrobe. The leather biker jacket is reinvented to reflect the latest trends, acquiring all the charm of JLG. This garment is made from high-quality, semi-aniline, lambskin nappa leather. It has a matching lining and features the classic off-centre fastening typical of biker jackets.Details-Made from Egyptian Napa Leather-Classic Neckline-One YKK Zipper chest pocket-YKK Snaps With Joe's Logo-YKK Zipped cuffs-2YKK Zipper Pockets on the waist-One small watch Pocket on the side-Two waist adjustment buckles on each side-Long Sleeves-Two Inner Pockets-Fully Lined",Joe's Venture,,,,FALSE,Option 1,36,Option 2,Tan,Option 3,Silk,WP3,,,,deny,manual,9500.00,,TRUE,TRUE,,,,,FALSE,Lamb Nappa Woman Perfecto,"DescriptionAn enduring selection that makes a style statement: both elegant and practical, it lends itself to multiple combinations and wearing on an array of occasions. The colour palette includes the brand’s characteristic neutral nuances, combined with a minimalist design, create a series of key pieces for the femal",,,,,new,,,,,,draft
lamb-nappa-woman-perfecto,Lamb Nappa Woman Perfecto,"DescriptionAn enduring selection that makes a style statement: both elegant and practical, it lends itself to multiple combinations and wearing on an array of occasions. The colour palette includes the brand’s characteristic neutral nuances, combined with a minimalist design, create a series of key pieces for the female wardrobe. The leather biker jacket is reinvented to reflect the latest trends, acquiring all the charm of JLG. This garment is made from high-quality, semi-aniline, lambskin nappa leather. It has a matching lining and features the classic off-centre fastening typical of biker jackets.Details-Made from Egyptian Napa Leather-Classic Neckline-One YKK Zipper chest pocket-YKK Snaps With Joe's Logo-YKK Zipped cuffs-2YKK Zipper Pockets on the waist-One small watch Pocket on the side-Two waist adjustment buckles on each side-Long Sleeves-Two Inner Pockets-Fully Lined",Joe's Venture,,,,FALSE,Option 1,36,Option 2,Tan,Option 3,English Wool,WP4,,,,deny,manual,12000.00,,TRUE,TRUE,,,,,FALSE,Lamb Nappa Woman Perfecto,"DescriptionAn enduring selection that makes a style statement: both elegant and practical, it lends itself to multiple combinations and wearing on an array of occasions. The colour palette includes the brand’s characteristic neutral nuances, combined with a minimalist design, create a series of key pieces for the femal",,,,,new,,,,,,draft
lamb-nappa-woman-perfecto,Lamb Nappa Woman Perfecto,"DescriptionAn enduring selection that makes a style statement: both elegant and practical, it lends itself to multiple combinations and wearing on an array of occasions. The colour palette includes the brand’s characteristic neutral nuances, combined with a minimalist design, create a series of key pieces for the female wardrobe. The leather biker jacket is reinvented to reflect the latest trends, acquiring all the charm of JLG. This garment is made from high-quality, semi-aniline, lambskin nappa leather. It has a matching lining and features the classic off-centre fastening typical of biker jackets.Details-Made from Egyptian Napa Leather-Classic Neckline-One YKK Zipper chest pocket-YKK Snaps With Joe's Logo-YKK Zipped cuffs-2YKK Zipper Pockets on the waist-One small watch Pocket on the side-Two waist adjustment buckles on each side-Long Sleeves-Two Inner Pockets-Fully Lined",Joe's Venture,,,,FALSE,Option 1,36,Option 2,ForestGreen,Option 3,Silk,WP5,,,,deny,manual,9500.00,,TRUE,TRUE,,,,,FALSE,Lamb Nappa Woman Perfecto,"DescriptionAn enduring selection that makes a style statement: both elegant and practical, it lends itself to multiple combinations and wearing on an array of occasions. The colour palette includes the brand’s characteristic neutral nuances, combined with a minimalist design, create a series of key pieces for the femal",,,,,new,,,,,,draft
lamb-nappa-woman-perfecto,Lamb Nappa Woman Perfecto,"DescriptionAn enduring selection that makes a style statement: both elegant and practical, it lends itself to multiple combinations and wearing on an array of occasions. The colour palette includes the brand’s characteristic neutral nuances, combined with a minimalist design, create a series of key pieces for the female wardrobe. The leather biker jacket is reinvented to reflect the latest trends, acquiring all the charm of JLG. This garment is made from high-quality, semi-aniline, lambskin nappa leather. It has a matching lining and features the classic off-centre fastening typical of biker jackets.Details-Made from Egyptian Napa Leather-Classic Neckline-One YKK Zipper chest pocket-YKK Snaps With Joe's Logo-YKK Zipped cuffs-2YKK Zipper Pockets on the waist-One small watch Pocket on the side-Two waist adjustment buckles on each side-Long Sleeves-Two Inner Pockets-Fully Lined",Joe's Venture,,,,FALSE,Option 1,36,Option 2,ForestGreen,Option 3,English Wool,WP6,,,,deny,manual,12000.00,,TRUE,TRUE,,,,,FALSE,Lamb Nappa Woman Perfecto,"DescriptionAn enduring selection that makes a style statement: both elegant and practical, it lends itself to multiple combinations and wearing on an array of occasions. The colour palette includes the brand’s characteristic neutral nuances, combined with a minimalist design, create a series of key pieces for the femal",,,,,new,,,,,,draft
lamb-nappa-woman-perfecto,Lamb Nappa Woman Perfecto,"DescriptionAn enduring selection that makes a style statement: both elegant and practical, it lends itself to multiple combinations and wearing on an array of occasions. The colour palette includes the brand’s characteristic neutral nuances, combined with a minimalist design, create a series of key pieces for the female wardrobe. The leather biker jacket is reinvented to reflect the latest trends, acquiring all the charm of JLG. This garment is made from high-quality, semi-aniline, lambskin nappa leather. It has a matching lining and features the classic off-centre fastening typical of biker jackets.Details-Made from Egyptian Napa Leather-Classic Neckline-One YKK Zipper chest pocket-YKK Snaps With Joe's Logo-YKK Zipped cuffs-2YKK Zipper Pockets on the waist-One small watch Pocket on the side-Two waist adjustment buckles on each side-Long Sleeves-Two Inner Pockets-Fully Lined",Joe's Venture,,,,FALSE,Option 1,36,Option 2,Bordeaux,Option 3,Silk,WP7,,,,deny,manual,9500.00,,TRUE,TRUE,,,,,FALSE,Lamb Nappa Woman Perfecto,"DescriptionAn enduring selection that makes a style statement: both elegant and practical, it lends itself to multiple combinations and wearing on an array of occasions. The colour palette includes the brand’s characteristic neutral nuances, combined with a minimalist design, create a series of key pieces for the femal",,,,,new,,,,,,draft
lamb-nappa-woman-perfecto,Lamb Nappa Woman Perfecto,"DescriptionAn enduring selection that makes a style statement: both elegant and practical, it lends itself to multiple combinations and wearing on an array of occasions. The colour palette includes the brand’s characteristic neutral nuances, combined with a minimalist design, create a series of key pieces for the female wardrobe. The leather biker jacket is reinvented to reflect the latest trends, acquiring all the charm of JLG. This garment is made from high-quality, semi-aniline, lambskin nappa leather. It has a matching lining and features the classic off-centre fastening typical of biker jackets.Details-Made from Egyptian Napa Leather-Classic Neckline-One YKK Zipper chest pocket-YKK Snaps With Joe's Logo-YKK Zipped cuffs-2YKK Zipper Pockets on the waist-One small watch Pocket on the side-Two waist adjustment buckles on each side-Long Sleeves-Two Inner Pockets-Fully Lined",Joe's Venture,,,,FALSE,Option 1,36,Option 2,Bordeaux,Option 3,English Wool,WP8,,,,deny,manual,12000.00,,TRUE,TRUE,,,,,FALSE,Lamb Nappa Woman Perfecto,"DescriptionAn enduring selection that makes a style statement: both elegant and practical, it lends itself to multiple combinations and wearing on an array of occasions. The colour palette includes the brand’s characteristic neutral nuances, combined with a minimalist design, create a series of key pieces for the femal",,,,,new,,,,,,draft
lamb-nappa-woman-perfecto,Lamb Nappa Woman Perfecto,"DescriptionAn enduring selection that makes a style statement: both elegant and practical, it lends itself to multiple combinations and wearing on an array of occasions. The colour palette includes the brand’s characteristic neutral nuances, combined with a minimalist design, create a series of key pieces for the female wardrobe. The leather biker jacket is reinvented to reflect the latest trends, acquiring all the charm of JLG. This garment is made from high-quality, semi-aniline, lambskin nappa leather. It has a matching lining and features the classic off-centre fastening typical of biker jackets.Details-Made from Egyptian Napa Leather-Classic Neckline-One YKK Zipper chest pocket-YKK Snaps With Joe's Logo-YKK Zipped cuffs-2YKK Zipper Pockets on the waist-One small watch Pocket on the side-Two waist adjustment buckles on each side-Long Sleeves-Two Inner Pockets-Fully Lined",Joe's Venture,,,,FALSE,Option 1,36,Option 2,Stone Brown,Option 3,Silk,WP1,,,,deny,manual,9500.00,,TRUE,TRUE,,,,,FALSE,Lamb Nappa Woman Perfecto,"DescriptionAn enduring selection that makes a style statement: both elegant and practical, it lends itself to multiple combinations and wearing on an array of occasions. The colour palette includes the brand’s characteristic neutral nuances, combined with a minimalist design, create a series of key pieces for the femal",,,,,new,,,,,,draft
lamb-nappa-woman-perfecto,Lamb Nappa Woman Perfecto,"DescriptionAn enduring selection that makes a style statement: both elegant and practical, it lends itself to multiple combinations and wearing on an array of occasions. The colour palette includes the brand’s characteristic neutral nuances, combined with a minimalist design, create a series of key pieces for the female wardrobe. The leather biker jacket is reinvented to reflect the latest trends, acquiring all the charm of JLG. This garment is made from high-quality, semi-aniline, lambskin nappa leather. It has a matching lining and features the classic off-centre fastening typical of biker jackets.Details-Made from Egyptian Napa Leather-Classic Neckline-One YKK Zipper chest pocket-YKK Snaps With Joe's Logo-YKK Zipped cuffs-2YKK Zipper Pockets on the waist-One small watch Pocket on the side-Two waist adjustment buckles on each side-Long Sleeves-Two Inner Pockets-Fully Lined",Joe's Venture,,,,FALSE,Option 1,36,Option 2,Stone Brown,Option 3,English Wool,WP1,,,,deny,manual,12000.00,,TRUE,TRUE,,,,,FALSE,Lamb Nappa Woman Perfecto,"DescriptionAn enduring selection that makes a style statement: both elegant and practical, it lends itself to multiple combinations and wearing on an array of occasions. The colour palette includes the brand’s characteristic neutral nuances, combined with a minimalist design, create a series of key pieces for the femal",,,,,new,,,,,,draft
lamb-nappa-woman-perfecto,Lamb Nappa Woman Perfecto,"DescriptionAn enduring selection that makes a style statement: both elegant and practical, it lends itself to multiple combinations and wearing on an array of occasions. The colour palette includes the brand’s characteristic neutral nuances, combined with a minimalist design, create a series of key pieces for the female wardrobe. The leather biker jacket is reinvented to reflect the latest trends, acquiring all the charm of JLG. This garment is made from high-quality, semi-aniline, lambskin nappa leather. It has a matching lining and features the classic off-centre fastening typical of biker jackets.Details-Made from Egyptian Napa Leather-Classic Neckline-One YKK Zipper chest pocket-YKK Snaps With Joe's Logo-YKK Zipped cuffs-2YKK Zipper Pockets on the waist-One small watch Pocket on the side-Two waist adjustment buckles on each side-Long Sleeves-Two Inner Pockets-Fully Lined",Joe's Venture,,,,FALSE,Option 1,38,Option 2,Black,Option 3,Silk,WP9,,,,deny,manual,9500.00,,TRUE,TRUE,,,,,FALSE,Lamb Nappa Woman Perfecto,"DescriptionAn enduring selection that makes a style statement: both elegant and practical, it lends itself to multiple combinations and wearing on an array of occasions. The colour palette includes the brand’s characteristic neutral nuances, combined with a minimalist design, create a series of key pieces for the femal",,,,,new,,,,,,draft
lamb-nappa-woman-perfecto,Lamb Nappa Woman Perfecto,"DescriptionAn enduring selection that makes a style statement: both elegant and practical, it lends itself to multiple combinations and wearing on an array of occasions. The colour palette includes the brand’s characteristic neutral nuances, combined with a minimalist design, create a series of key pieces for the female wardrobe. The leather biker jacket is reinvented to reflect the latest trends, acquiring all the charm of JLG. This garment is made from high-quality, semi-aniline, lambskin nappa leather. It has a matching lining and features the classic off-centre fastening typical of biker jackets.Details-Made from Egyptian Napa Leather-Classic Neckline-One YKK Zipper chest pocket-YKK Snaps With Joe's Logo-YKK Zipped cuffs-2YKK Zipper Pockets on the waist-One small watch Pocket on the side-Two waist adjustment buckles on each side-Long Sleeves-Two Inner Pockets-Fully Lined",Joe's Venture,,,,FALSE,Option 1,38,Option 2,Black,Option 3,English Wool,WP10,,,,deny,manual,12000.00,,TRUE,TRUE,,,,,FALSE,Lamb Nappa Woman Perfecto,"DescriptionAn enduring selection that makes a style statement: both elegant and practical, it lends itself to multiple combinations and wearing on an array of occasions. The colour palette includes the brand’s characteristic neutral nuances, combined with a minimalist design, create a series of key pieces for the femal",,,,,new,,,,,,draft
lamb-nappa-woman-perfecto,Lamb Nappa Woman Perfecto,"DescriptionAn enduring selection that makes a style statement: both elegant and practical, it lends itself to multiple combinations and wearing on an array of occasions. The colour palette includes the brand’s characteristic neutral nuances, combined with a minimalist design, create a series of key pieces for the female wardrobe. The leather biker jacket is reinvented to reflect the latest trends, acquiring all the charm of JLG. This garment is made from high-quality, semi-aniline, lambskin nappa leather. It has a matching lining and features the classic off-centre fastening typical of biker jackets.Details-Made from Egyptian Napa Leather-Classic Neckline-One YKK Zipper chest pocket-YKK Snaps With Joe's Logo-YKK Zipped cuffs-2YKK Zipper Pockets on the waist-One small watch Pocket on the side-Two waist adjustment buckles on each side-Long Sleeves-Two Inner Pockets-Fully Lined",Joe's Venture,,,,FALSE,Option 1,38,Option 2,Tan,Option 3,Silk,WP11,,,,deny,manual,9500.00,,TRUE,TRUE,,,,,FALSE,Lamb Nappa Woman Perfecto,"DescriptionAn enduring selection that makes a style statement: both elegant and practical, it lends itself to multiple combinations and wearing on an array of occasions. The colour palette includes the brand’s characteristic neutral nuances, combined with a minimalist design, create a series of key pieces for the femal",,,,,new,,,,,,draft
lamb-nappa-woman-perfecto,Lamb Nappa Woman Perfecto,"DescriptionAn enduring selection that makes a style statement: both elegant and practical, it lends itself to multiple combinations and wearing on an array of occasions. The colour palette includes the brand’s characteristic neutral nuances, combined with a minimalist design, create a series of key pieces for the female wardrobe. The leather biker jacket is reinvented to reflect the latest trends, acquiring all the charm of JLG. This garment is made from high-quality, semi-aniline, lambskin nappa leather. It has a matching lining and features the classic off-centre fastening typical of biker jackets.Details-Made from Egyptian Napa Leather-Classic Neckline-One YKK Zipper chest pocket-YKK Snaps With Joe's Logo-YKK Zipped cuffs-2YKK Zipper Pockets on the waist-One small watch Pocket on the side-Two waist adjustment buckles on each side-Long Sleeves-Two Inner Pockets-Fully Lined",Joe's Venture,,,,FALSE,Option 1,38,Option 2,Tan,Option 3,English Wool,WP12,,,,deny,manual,12000.00,,TRUE,TRUE,,,,,FALSE,Lamb Nappa Woman Perfecto,"DescriptionAn enduring selection that makes a style statement: both elegant and practical, it lends itself to multiple combinations and wearing on an array of occasions. The colour palette includes the brand’s characteristic neutral nuances, combined with a minimalist design, create a series of key pieces for the femal",,,,,new,,,,,,draft
lamb-nappa-woman-perfecto,Lamb Nappa Woman Perfecto,"DescriptionAn enduring selection that makes a style statement: both elegant and practical, it lends itself to multiple combinations and wearing on an array of occasions. The colour palette includes the brand’s characteristic neutral nuances, combined with a minimalist design, create a series of key pieces for the female wardrobe. The leather biker jacket is reinvented to reflect the latest trends, acquiring all the charm of JLG. This garment is made from high-quality, semi-aniline, lambskin nappa leather. It has a matching lining and features the classic off-centre fastening typical of biker jackets.Details-Made from Egyptian Napa Leather-Classic Neckline-One YKK Zipper chest pocket-YKK Snaps With Joe's Logo-YKK Zipped cuffs-2YKK Zipper Pockets on the waist-One small watch Pocket on the side-Two waist adjustment buckles on each side-Long Sleeves-Two Inner Pockets-Fully Lined",Joe's Venture,,,,FALSE,Option 1,38,Option 2,ForestGreen,Option 3,Silk,WP13,,,,deny,manual,9500.00,,TRUE,TRUE,,,,,FALSE,Lamb Nappa Woman Perfecto,"DescriptionAn enduring selection that makes a style statement: both elegant and practical, it lends itself to multiple combinations and wearing on an array of occasions. The colour palette includes the brand’s characteristic neutral nuances, combined with a minimalist design, create a series of key pieces for the femal",,,,,new,,,,,,draft
lamb-nappa-woman-perfecto,Lamb Nappa Woman Perfecto,"DescriptionAn enduring selection that makes a style statement: both elegant and practical, it lends itself to multiple combinations and wearing on an array of occasions. The colour palette includes the brand’s characteristic neutral nuances, combined with a minimalist design, create a series of key pieces for the female wardrobe. The leather biker jacket is reinvented to reflect the latest trends, acquiring all the charm of JLG. This garment is made from high-quality, semi-aniline, lambskin nappa leather. It has a matching lining and features the classic off-centre fastening typical of biker jackets.Details-Made from Egyptian Napa Leather-Classic Neckline-One YKK Zipper chest pocket-YKK Snaps With Joe's Logo-YKK Zipped cuffs-2YKK Zipper Pockets on the waist-One small watch Pocket on the side-Two waist adjustment buckles on each side-Long Sleeves-Two Inner Pockets-Fully Lined",Joe's Venture,,,,FALSE,Option 1,38,Option 2,ForestGreen,Option 3,English Wool,WP14,,,,deny,manual,12000.00,,TRUE,TRUE,,,,,FALSE,Lamb Nappa Woman Perfecto,"DescriptionAn enduring selection that makes a style statement: both elegant and practical, it lends itself to multiple combinations and wearing on an array of occasions. The colour palette includes the brand’s characteristic neutral nuances, combined with a minimalist design, create a series of key pieces for the femal",,,,,new,,,,,,draft
lamb-nappa-woman-perfecto,Lamb Nappa Woman Perfecto,"DescriptionAn enduring selection that makes a style statement: both elegant and practical, it lends itself to multiple combinations and wearing on an array of occasions. The colour palette includes the brand’s characteristic neutral nuances, combined with a minimalist design, create a series of key pieces for the female wardrobe. The leather biker jacket is reinvented to reflect the latest trends, acquiring all the charm of JLG. This garment is made from high-quality, semi-aniline, lambskin nappa leather. It has a matching lining and features the classic off-centre fastening typical of biker jackets.Details-Made from Egyptian Napa Leather-Classic Neckline-One YKK Zipper chest pocket-YKK Snaps With Joe's Logo-YKK Zipped cuffs-2YKK Zipper Pockets on the waist-One small watch Pocket on the side-Two waist adjustment buckles on each side-Long Sleeves-Two Inner Pockets-Fully Lined",Joe's Venture,,,,FALSE,Option 1,38,Option 2,Bordeaux,Option 3,Silk,WP15,,,,deny,manual,9500.00,,TRUE,TRUE,,,,,FALSE,Lamb Nappa Woman Perfecto,"DescriptionAn enduring selection that makes a style statement: both elegant and practical, it lends itself to multiple combinations and wearing on an array of occasions. The colour palette includes the brand’s characteristic neutral nuances, combined with a minimalist design, create a series of key pieces for the femal",,,,,new,,,,,,draft
lamb-nappa-woman-perfecto,Lamb Nappa Woman Perfecto,"DescriptionAn enduring selection that makes a style statement: both elegant and practical, it lends itself to multiple combinations and wearing on an array of occasions. The colour palette includes the brand’s characteristic neutral nuances, combined with a minimalist design, create a series of key pieces for the female wardrobe. The leather biker jacket is reinvented to reflect the latest trends, acquiring all the charm of JLG. This garment is made from high-quality, semi-aniline, lambskin nappa leather. It has a matching lining and features the classic off-centre fastening typical of biker jackets.Details-Made from Egyptian Napa Leather-Classic Neckline-One YKK Zipper chest pocket-YKK Snaps With Joe's Logo-YKK Zipped cuffs-2YKK Zipper Pockets on the waist-One small watch Pocket on the side-Two waist adjustment buckles on each side-Long Sleeves-Two Inner Pockets-Fully Lined",Joe's Venture,,,,FALSE,Option 1,38,Option 2,Bordeaux,Option 3,English Wool,WP16,,,,deny,manual,12000.00,,TRUE,TRUE,,,,,FALSE,Lamb Nappa Woman Perfecto,"DescriptionAn enduring selection that makes a style statement: both elegant and practical, it lends itself to multiple combinations and wearing on an array of occasions. The colour palette includes the brand’s characteristic neutral nuances, combined with a minimalist design, create a series of key pieces for the femal",,,,,new,,,,,,draft
lamb-nappa-woman-perfecto,Lamb Nappa Woman Perfecto,"DescriptionAn enduring selection that makes a style statement: both elegant and practical, it lends itself to multiple combinations and wearing on an array of occasions. The colour palette includes the brand’s characteristic neutral nuances, combined with a minimalist design, create a series of key pieces for the female wardrobe. The leather biker jacket is reinvented to reflect the latest trends, acquiring all the charm of JLG. This garment is made from high-quality, semi-aniline, lambskin nappa leather. It has a matching lining and features the classic off-centre fastening typical of biker jackets.Details-Made from Egyptian Napa Leather-Classic Neckline-One YKK Zipper chest pocket-YKK Snaps With Joe's Logo-YKK Zipped cuffs-2YKK Zipper Pockets on the waist-One small watch Pocket on the side-Two waist adjustment buckles on each side-Long Sleeves-Two Inner Pockets-Fully Lined",Joe's Venture,,,,FALSE,Option 1,38,Option 2,Stone Brown,Option 3,Silk,WP1,,,,deny,manual,9500.00,,TRUE,TRUE,,,,,FALSE,Lamb Nappa Woman Perfecto,"DescriptionAn enduring selection that makes a style statement: both elegant and practical, it lends itself to multiple combinations and wearing on an array of occasions. The colour palette includes the brand’s characteristic neutral nuances, combined with a minimalist design, create a series of key pieces for the femal",,,,,new,,,,,,draft
lamb-nappa-woman-perfecto,Lamb Nappa Woman Perfecto,"DescriptionAn enduring selection that makes a style statement: both elegant and practical, it lends itself to multiple combinations and wearing on an array of occasions. The colour palette includes the brand’s characteristic neutral nuances, combined with a minimalist design, create a series of key pieces for the female wardrobe. The leather biker jacket is reinvented to reflect the latest trends, acquiring all the charm of JLG. This garment is made from high-quality, semi-aniline, lambskin nappa leather. It has a matching lining and features the classic off-centre fastening typical of biker jackets.Details-Made from Egyptian Napa Leather-Classic Neckline-One YKK Zipper chest pocket-YKK Snaps With Joe's Logo-YKK Zipped cuffs-2YKK Zipper Pockets on the waist-One small watch Pocket on the side-Two waist adjustment buckles on each side-Long Sleeves-Two Inner Pockets-Fully Lined",Joe's Venture,,,,FALSE,Option 1,38,Option 2,Stone Brown,Option 3,English Wool,WP1,,,,deny,manual,12000.00,,TRUE,TRUE,,,,,FALSE,Lamb Nappa Woman Perfecto,"DescriptionAn enduring selection that makes a style statement: both elegant and practical, it lends itself to multiple combinations and wearing on an array of occasions. The colour palette includes the brand’s characteristic neutral nuances, combined with a minimalist design, create a series of key pieces for the femal",,,,,new,,,,,,draft
lamb-nappa-woman-perfecto,Lamb Nappa Woman Perfecto,"DescriptionAn enduring selection that makes a style statement: both elegant and practical, it lends itself to multiple combinations and wearing on an array of occasions. The colour palette includes the brand’s characteristic neutral nuances, combined with a minimalist design, create a series of key pieces for the female wardrobe. The leather biker jacket is reinvented to reflect the latest trends, acquiring all the charm of JLG. This garment is made from high-quality, semi-aniline, lambskin nappa leather. It has a matching lining and features the classic off-centre fastening typical of biker jackets.Details-Made from Egyptian Napa Leather-Classic Neckline-One YKK Zipper chest pocket-YKK Snaps With Joe's Logo-YKK Zipped cuffs-2YKK Zipper Pockets on the waist-One small watch Pocket on the side-Two waist adjustment buckles on each side-Long Sleeves-Two Inner Pockets-Fully Lined",Joe's Venture,,,,FALSE,Option 1,40,Option 2,Black,Option 3,Silk,WP17,,,,deny,manual,9500.00,,TRUE,TRUE,,,,,FALSE,Lamb Nappa Woman Perfecto,"DescriptionAn enduring selection that makes a style statement: both elegant and practical, it lends itself to multiple combinations and wearing on an array of occasions. The colour palette includes the brand’s characteristic neutral nuances, combined with a minimalist design, create a series of key pieces for the femal",,,,,new,,,,,,draft
lamb-nappa-woman-perfecto,Lamb Nappa Woman Perfecto,"DescriptionAn enduring selection that makes a style statement: both elegant and practical, it lends itself to multiple combinations and wearing on an array of occasions. The colour palette includes the brand’s characteristic neutral nuances, combined with a minimalist design, create a series of key pieces for the female wardrobe. The leather biker jacket is reinvented to reflect the latest trends, acquiring all the charm of JLG. This garment is made from high-quality, semi-aniline, lambskin nappa leather. It has a matching lining and features the classic off-centre fastening typical of biker jackets.Details-Made from Egyptian Napa Leather-Classic Neckline-One YKK Zipper chest pocket-YKK Snaps With Joe's Logo-YKK Zipped cuffs-2YKK Zipper Pockets on the waist-One small watch Pocket on the side-Two waist adjustment buckles on each side-Long Sleeves-Two Inner Pockets-Fully Lined",Joe's Venture,,,,FALSE,Option 1,40,Option 2,Black,Option 3,English Wool,WP18,,,,deny,manual,12000.00,,TRUE,TRUE,,,,,FALSE,Lamb Nappa Woman Perfecto,"DescriptionAn enduring selection that makes a style statement: both elegant and practical, it lends itself to multiple combinations and wearing on an array of occasions. The colour palette includes the brand’s characteristic neutral nuances, combined with a minimalist design, create a series of key pieces for the femal",,,,,new,,,,,,draft
lamb-nappa-woman-perfecto,Lamb Nappa Woman Perfecto,"DescriptionAn enduring selection that makes a style statement: both elegant and practical, it lends itself to multiple combinations and wearing on an array of occasions. The colour palette includes the brand’s characteristic neutral nuances, combined with a minimalist design, create a series of key pieces for the female wardrobe. The leather biker jacket is reinvented to reflect the latest trends, acquiring all the charm of JLG. This garment is made from high-quality, semi-aniline, lambskin nappa leather. It has a matching lining and features the classic off-centre fastening typical of biker jackets.Details-Made from Egyptian Napa Leather-Classic Neckline-One YKK Zipper chest pocket-YKK Snaps With Joe's Logo-YKK Zipped cuffs-2YKK Zipper Pockets on the waist-One small watch Pocket on the side-Two waist adjustment buckles on each side-Long Sleeves-Two Inner Pockets-Fully Lined",Joe's Venture,,,,FALSE,Option 1,40,Option 2,Tan,Option 3,Silk,WP19,,,,deny,manual,9500.00,,TRUE,TRUE,,,,,FALSE,Lamb Nappa Woman Perfecto,"DescriptionAn enduring selection that makes a style statement: both elegant and practical, it lends itself to multiple combinations and wearing on an array of occasions. The colour palette includes the brand’s characteristic neutral nuances, combined with a minimalist design, create a series of key pieces for the femal",,,,,new,,,,,,draft
lamb-nappa-woman-perfecto,Lamb Nappa Woman Perfecto,"DescriptionAn enduring selection that makes a style statement: both elegant and practical, it lends itself to multiple combinations and wearing on an array of occasions. The colour palette includes the brand’s characteristic neutral nuances, combined with a minimalist design, create a series of key pieces for the female wardrobe. The leather biker jacket is reinvented to reflect the latest trends, acquiring all the charm of JLG. This garment is made from high-quality, semi-aniline, lambskin nappa leather. It has a matching lining and features the classic off-centre fastening typical of biker jackets.Details-Made from Egyptian Napa Leather-Classic Neckline-One YKK Zipper chest pocket-YKK Snaps With Joe's Logo-YKK Zipped cuffs-2YKK Zipper Pockets on the waist-One small watch Pocket on the side-Two waist adjustment buckles on each side-Long Sleeves-Two Inner Pockets-Fully Lined",Joe's Venture,,,,FALSE,Option 1,40,Option 2,Tan,Option 3,English Wool,WP20,,,,deny,manual,12000.00,,TRUE,TRUE,,,,,FALSE,Lamb Nappa Woman Perfecto,"DescriptionAn enduring selection that makes a style statement: both elegant and practical, it lends itself to multiple combinations and wearing on an array of occasions. The colour palette includes the brand’s characteristic neutral nuances, combined with a minimalist design, create a series of key pieces for the femal",,,,,new,,,,,,draft
lamb-nappa-woman-perfecto,Lamb Nappa Woman Perfecto,"DescriptionAn enduring selection that makes a style statement: both elegant and practical, it lends itself to multiple combinations and wearing on an array of occasions. The colour palette includes the brand’s characteristic neutral nuances, combined with a minimalist design, create a series of key pieces for the female wardrobe. The leather biker jacket is reinvented to reflect the latest trends, acquiring all the charm of JLG. This garment is made from high-quality, semi-aniline, lambskin nappa leather. It has a matching lining and features the classic off-centre fastening typical of biker jackets.Details-Made from Egyptian Napa Leather-Classic Neckline-One YKK Zipper chest pocket-YKK Snaps With Joe's Logo-YKK Zipped cuffs-2YKK Zipper Pockets on the waist-One small watch Pocket on the side-Two waist adjustment buckles on each side-Long Sleeves-Two Inner Pockets-Fully Lined",Joe's Venture,,,,FALSE,Option 1,40,Option 2,ForestGreen,Option 3,Silk,WP21,,,,deny,manual,9500.00,,TRUE,TRUE,,,,,FALSE,Lamb Nappa Woman Perfecto,"DescriptionAn enduring selection that makes a style statement: both elegant and practical, it lends itself to multiple combinations and wearing on an array of occasions. The colour palette includes the brand’s characteristic neutral nuances, combined with a minimalist design, create a series of key pieces for the femal",,,,,new,,,,,,draft
lamb-nappa-woman-perfecto,Lamb Nappa Woman Perfecto,"DescriptionAn enduring selection that makes a style statement: both elegant and practical, it lends itself to multiple combinations and wearing on an array of occasions. The colour palette includes the brand’s characteristic neutral nuances, combined with a minimalist design, create a series of key pieces for the female wardrobe. The leather biker jacket is reinvented to reflect the latest trends, acquiring all the charm of JLG. This garment is made from high-quality, semi-aniline, lambskin nappa leather. It has a matching lining and features the classic off-centre fastening typical of biker jackets.Details-Made from Egyptian Napa Leather-Classic Neckline-One YKK Zipper chest pocket-YKK Snaps With Joe's Logo-YKK Zipped cuffs-2YKK Zipper Pockets on the waist-One small watch Pocket on the side-Two waist adjustment buckles on each side-Long Sleeves-Two Inner Pockets-Fully Lined",Joe's Venture,,,,FALSE,Option 1,40,Option 2,ForestGreen,Option 3,English Wool,WP22,,,,deny,manual,12000.00,,TRUE,TRUE,,,,,FALSE,Lamb Nappa Woman Perfecto,"DescriptionAn enduring selection that makes a style statement: both elegant and practical, it lends itself to multiple combinations and wearing on an array of occasions. The colour palette includes the brand’s characteristic neutral nuances, combined with a minimalist design, create a series of key pieces for the femal",,,,,new,,,,,,draft
lamb-nappa-woman-perfecto,Lamb Nappa Woman Perfecto,"DescriptionAn enduring selection that makes a style statement: both elegant and practical, it lends itself to multiple combinations and wearing on an array of occasions. The colour palette includes the brand’s characteristic neutral nuances, combined with a minimalist design, create a series of key pieces for the female wardrobe. The leather biker jacket is reinvented to reflect the latest trends, acquiring all the charm of JLG. This garment is made from high-quality, semi-aniline, lambskin nappa leather. It has a matching lining and features the classic off-centre fastening typical of biker jackets.Details-Made from Egyptian Napa Leather-Classic Neckline-One YKK Zipper chest pocket-YKK Snaps With Joe's Logo-YKK Zipped cuffs-2YKK Zipper Pockets on the waist-One small watch Pocket on the side-Two waist adjustment buckles on each side-Long Sleeves-Two Inner Pockets-Fully Lined",Joe's Venture,,,,FALSE,Option 1,40,Option 2,Bordeaux,Option 3,Silk,WP23,,,,deny,manual,9500.00,,TRUE,TRUE,,,,,FALSE,Lamb Nappa Woman Perfecto,"DescriptionAn enduring selection that makes a style statement: both elegant and practical, it lends itself to multiple combinations and wearing on an array of occasions. The colour palette includes the brand’s characteristic neutral nuances, combined with a minimalist design, create a series of key pieces for the femal",,,,,new,,,,,,draft
lamb-nappa-woman-perfecto,Lamb Nappa Woman Perfecto,"DescriptionAn enduring selection that makes a style statement: both elegant and practical, it lends itself to multiple combinations and wearing on an array of occasions. The colour palette includes the brand’s characteristic neutral nuances, combined with a minimalist design, create a series of key pieces for the female wardrobe. The leather biker jacket is reinvented to reflect the latest trends, acquiring all the charm of JLG. This garment is made from high-quality, semi-aniline, lambskin nappa leather. It has a matching lining and features the classic off-centre fastening typical of biker jackets.Details-Made from Egyptian Napa Leather-Classic Neckline-One YKK Zipper chest pocket-YKK Snaps With Joe's Logo-YKK Zipped cuffs-2YKK Zipper Pockets on the waist-One small watch Pocket on the side-Two waist adjustment buckles on each side-Long Sleeves-Two Inner Pockets-Fully Lined",Joe's Venture,,,,FALSE,Option 1,40,Option 2,Bordeaux,Option 3,English Wool,WP24,,,,deny,manual,12000.00,,TRUE,TRUE,,,,,FALSE,Lamb Nappa Woman Perfecto,"DescriptionAn enduring selection that makes a style statement: both elegant and practical, it lends itself to multiple combinations and wearing on an array of occasions. The colour palette includes the brand’s characteristic neutral nuances, combined with a minimalist design, create a series of key pieces for the femal",,,,,new,,,,,,draft
lamb-nappa-woman-perfecto,Lamb Nappa Woman Perfecto,"DescriptionAn enduring selection that makes a style statement: both elegant and practical, it lends itself to multiple combinations and wearing on an array of occasions. The colour palette includes the brand’s characteristic neutral nuances, combined with a minimalist design, create a series of key pieces for the female wardrobe. The leather biker jacket is reinvented to reflect the latest trends, acquiring all the charm of JLG. This garment is made from high-quality, semi-aniline, lambskin nappa leather. It has a matching lining and features the classic off-centre fastening typical of biker jackets.Details-Made from Egyptian Napa Leather-Classic Neckline-One YKK Zipper chest pocket-YKK Snaps With Joe's Logo-YKK Zipped cuffs-2YKK Zipper Pockets on the waist-One small watch Pocket on the side-Two waist adjustment buckles on each side-Long Sleeves-Two Inner Pockets-Fully Lined",Joe's Venture,,,,FALSE,Option 1,40,Option 2,Stone Brown,Option 3,Silk,WP1,,,,deny,manual,9500.00,,TRUE,TRUE,,,,,FALSE,Lamb Nappa Woman Perfecto,"DescriptionAn enduring selection that makes a style statement: both elegant and practical, it lends itself to multiple combinations and wearing on an array of occasions. The colour palette includes the brand’s characteristic neutral nuances, combined with a minimalist design, create a series of key pieces for the femal",,,,,new,,,,,,draft
lamb-nappa-woman-perfecto,Lamb Nappa Woman Perfecto,"DescriptionAn enduring selection that makes a style statement: both elegant and practical, it lends itself to multiple combinations and wearing on an array of occasions. The colour palette includes the brand’s characteristic neutral nuances, combined with a minimalist design, create a series of key pieces for the female wardrobe. The leather biker jacket is reinvented to reflect the latest trends, acquiring all the charm of JLG. This garment is made from high-quality, semi-aniline, lambskin nappa leather. It has a matching lining and features the classic off-centre fastening typical of biker jackets.Details-Made from Egyptian Napa Leather-Classic Neckline-One YKK Zipper chest pocket-YKK Snaps With Joe's Logo-YKK Zipped cuffs-2YKK Zipper Pockets on the waist-One small watch Pocket on the side-Two waist adjustment buckles on each side-Long Sleeves-Two Inner Pockets-Fully Lined",Joe's Venture,,,,FALSE,Option 1,40,Option 2,Stone Brown,Option 3,English Wool,WP1,,,,deny,manual,12000.00,,TRUE,TRUE,,,,,FALSE,Lamb Nappa Woman Perfecto,"DescriptionAn enduring selection that makes a style statement: both elegant and practical, it lends itself to multiple combinations and wearing on an array of occasions. The colour palette includes the brand’s characteristic neutral nuances, combined with a minimalist design, create a series of key pieces for the femal",,,,,new,,,,,,draft
lamb-nappa-woman-perfecto,Lamb Nappa Woman Perfecto,"DescriptionAn enduring selection that makes a style statement: both elegant and practical, it lends itself to multiple combinations and wearing on an array of occasions. The colour palette includes the brand’s characteristic neutral nuances, combined with a minimalist design, create a series of key pieces for the female wardrobe. The leather biker jacket is reinvented to reflect the latest trends, acquiring all the charm of JLG. This garment is made from high-quality, semi-aniline, lambskin nappa leather. It has a matching lining and features the classic off-centre fastening typical of biker jackets.Details-Made from Egyptian Napa Leather-Classic Neckline-One YKK Zipper chest pocket-YKK Snaps With Joe's Logo-YKK Zipped cuffs-2YKK Zipper Pockets on the waist-One small watch Pocket on the side-Two waist adjustment buckles on each side-Long Sleeves-Two Inner Pockets-Fully Lined",Joe's Venture,,,,FALSE,Option 1,42,Option 2,Black,Option 3,Silk,WP25,,,,deny,manual,9500.00,,TRUE,TRUE,,,,,FALSE,Lamb Nappa Woman Perfecto,"DescriptionAn enduring selection that makes a style statement: both elegant and practical, it lends itself to multiple combinations and wearing on an array of occasions. The colour palette includes the brand’s characteristic neutral nuances, combined with a minimalist design, create a series of key pieces for the femal",,,,,new,,,,,,draft
lamb-nappa-woman-perfecto,Lamb Nappa Woman Perfecto,"DescriptionAn enduring selection that makes a style statement: both elegant and practical, it lends itself to multiple combinations and wearing on an array of occasions. The colour palette includes the brand’s characteristic neutral nuances, combined with a minimalist design, create a series of key pieces for the female wardrobe. The leather biker jacket is reinvented to reflect the latest trends, acquiring all the charm of JLG. This garment is made from high-quality, semi-aniline, lambskin nappa leather. It has a matching lining and features the classic off-centre fastening typical of biker jackets.Details-Made from Egyptian Napa Leather-Classic Neckline-One YKK Zipper chest pocket-YKK Snaps With Joe's Logo-YKK Zipped cuffs-2YKK Zipper Pockets on the waist-One small watch Pocket on the side-Two waist adjustment buckles on each side-Long Sleeves-Two Inner Pockets-Fully Lined",Joe's Venture,,,,FALSE,Option 1,42,Option 2,Black,Option 3,English Wool,WP26,,,,deny,manual,12000.00,,TRUE,TRUE,,,,,FALSE,Lamb Nappa Woman Perfecto,"DescriptionAn enduring selection that makes a style statement: both elegant and practical, it lends itself to multiple combinations and wearing on an array of occasions. The colour palette includes the brand’s characteristic neutral nuances, combined with a minimalist design, create a series of key pieces for the femal",,,,,new,,,,,,draft
lamb-nappa-woman-perfecto,Lamb Nappa Woman Perfecto,"DescriptionAn enduring selection that makes a style statement: both elegant and practical, it lends itself to multiple combinations and wearing on an array of occasions. The colour palette includes the brand’s characteristic neutral nuances, combined with a minimalist design, create a series of key pieces for the female wardrobe. The leather biker jacket is reinvented to reflect the latest trends, acquiring all the charm of JLG. This garment is made from high-quality, semi-aniline, lambskin nappa leather. It has a matching lining and features the classic off-centre fastening typical of biker jackets.Details-Made from Egyptian Napa Leather-Classic Neckline-One YKK Zipper chest pocket-YKK Snaps With Joe's Logo-YKK Zipped cuffs-2YKK Zipper Pockets on the waist-One small watch Pocket on the side-Two waist adjustment buckles on each side-Long Sleeves-Two Inner Pockets-Fully Lined",Joe's Venture,,,,FALSE,Option 1,42,Option 2,Tan,Option 3,Silk,WP27,,,,deny,manual,9500.00,,TRUE,TRUE,,,,,FALSE,Lamb Nappa Woman Perfecto,"DescriptionAn enduring selection that makes a style statement: both elegant and practical, it lends itself to multiple combinations and wearing on an array of occasions. The colour palette includes the brand’s characteristic neutral nuances, combined with a minimalist design, create a series of key pieces for the femal",,,,,new,,,,,,draft
lamb-nappa-woman-perfecto,Lamb Nappa Woman Perfecto,"DescriptionAn enduring selection that makes a style statement: both elegant and practical, it lends itself to multiple combinations and wearing on an array of occasions. The colour palette includes the brand’s characteristic neutral nuances, combined with a minimalist design, create a series of key pieces for the female wardrobe. The leather biker jacket is reinvented to reflect the latest trends, acquiring all the charm of JLG. This garment is made from high-quality, semi-aniline, lambskin nappa leather. It has a matching lining and features the classic off-centre fastening typical of biker jackets.Details-Made from Egyptian Napa Leather-Classic Neckline-One YKK Zipper chest pocket-YKK Snaps With Joe's Logo-YKK Zipped cuffs-2YKK Zipper Pockets on the waist-One small watch Pocket on the side-Two waist adjustment buckles on each side-Long Sleeves-Two Inner Pockets-Fully Lined",Joe's Venture,,,,FALSE,Option 1,42,Option 2,Tan,Option 3,English Wool,WP28,,,,deny,manual,12000.00,,TRUE,TRUE,,,,,FALSE,Lamb Nappa Woman Perfecto,"DescriptionAn enduring selection that makes a style statement: both elegant and practical, it lends itself to multiple combinations and wearing on an array of occasions. The colour palette includes the brand’s characteristic neutral nuances, combined with a minimalist design, create a series of key pieces for the femal",,,,,new,,,,,,draft
lamb-nappa-woman-perfecto,Lamb Nappa Woman Perfecto,"DescriptionAn enduring selection that makes a style statement: both elegant and practical, it lends itself to multiple combinations and wearing on an array of occasions. The colour palette includes the brand’s characteristic neutral nuances, combined with a minimalist design, create a series of key pieces for the female wardrobe. The leather biker jacket is reinvented to reflect the latest trends, acquiring all the charm of JLG. This garment is made from high-quality, semi-aniline, lambskin nappa leather. It has a matching lining and features the classic off-centre fastening typical of biker jackets.Details-Made from Egyptian Napa Leather-Classic Neckline-One YKK Zipper chest pocket-YKK Snaps With Joe's Logo-YKK Zipped cuffs-2YKK Zipper Pockets on the waist-One small watch Pocket on the side-Two waist adjustment buckles on each side-Long Sleeves-Two Inner Pockets-Fully Lined",Joe's Venture,,,,FALSE,Option 1,42,Option 2,ForestGreen,Option 3,Silk,WP29,,,,deny,manual,9500.00,,TRUE,TRUE,,,,,FALSE,Lamb Nappa Woman Perfecto,"DescriptionAn enduring selection that makes a style statement: both elegant and practical, it lends itself to multiple combinations and wearing on an array of occasions. The colour palette includes the brand’s characteristic neutral nuances, combined with a minimalist design, create a series of key pieces for the femal",,,,,new,,,,,,draft
lamb-nappa-woman-perfecto,Lamb Nappa Woman Perfecto,"DescriptionAn enduring selection that makes a style statement: both elegant and practical, it lends itself to multiple combinations and wearing on an array of occasions. The colour palette includes the brand’s characteristic neutral nuances, combined with a minimalist design, create a series of key pieces for the female wardrobe. The leather biker jacket is reinvented to reflect the latest trends, acquiring all the charm of JLG. This garment is made from high-quality, semi-aniline, lambskin nappa leather. It has a matching lining and features the classic off-centre fastening typical of biker jackets.Details-Made from Egyptian Napa Leather-Classic Neckline-One YKK Zipper chest pocket-YKK Snaps With Joe's Logo-YKK Zipped cuffs-2YKK Zipper Pockets on the waist-One small watch Pocket on the side-Two waist adjustment buckles on each side-Long Sleeves-Two Inner Pockets-Fully Lined",Joe's Venture,,,,FALSE,Option 1,42,Option 2,ForestGreen,Option 3,English Wool,WP30,,,,deny,manual,12000.00,,TRUE,TRUE,,,,,FALSE,Lamb Nappa Woman Perfecto,"DescriptionAn enduring selection that makes a style statement: both elegant and practical, it lends itself to multiple combinations and wearing on an array of occasions. The colour palette includes the brand’s characteristic neutral nuances, combined with a minimalist design, create a series of key pieces for the femal",,,,,new,,,,,,draft
lamb-nappa-woman-perfecto,Lamb Nappa Woman Perfecto,"DescriptionAn enduring selection that makes a style statement: both elegant and practical, it lends itself to multiple combinations and wearing on an array of occasions. The colour palette includes the brand’s characteristic neutral nuances, combined with a minimalist design, create a series of key pieces for the female wardrobe. The leather biker jacket is reinvented to reflect the latest trends, acquiring all the charm of JLG. This garment is made from high-quality, semi-aniline, lambskin nappa leather. It has a matching lining and features the classic off-centre fastening typical of biker jackets.Details-Made from Egyptian Napa Leather-Classic Neckline-One YKK Zipper chest pocket-YKK Snaps With Joe's Logo-YKK Zipped cuffs-2YKK Zipper Pockets on the waist-One small watch Pocket on the side-Two waist adjustment buckles on each side-Long Sleeves-Two Inner Pockets-Fully Lined",Joe's Venture,,,,FALSE,Option 1,42,Option 2,Bordeaux,Option 3,Silk,WP31,,,,deny,manual,9500.00,,TRUE,TRUE,,,,,FALSE,Lamb Nappa Woman Perfecto,"DescriptionAn enduring selection that makes a style statement: both elegant and practical, it lends itself to multiple combinations and wearing on an array of occasions. The colour palette includes the brand’s characteristic neutral nuances, combined with a minimalist design, create a series of key pieces for the femal",,,,,new,,,,,,draft
lamb-nappa-woman-perfecto,Lamb Nappa Woman Perfecto,"DescriptionAn enduring selection that makes a style statement: both elegant and practical, it lends itself to multiple combinations and wearing on an array of occasions. The colour palette includes the brand’s characteristic neutral nuances, combined with a minimalist design, create a series of key pieces for the female wardrobe. The leather biker jacket is reinvented to reflect the latest trends, acquiring all the charm of JLG. This garment is made from high-quality, semi-aniline, lambskin nappa leather. It has a matching lining and features the classic off-centre fastening typical of biker jackets.Details-Made from Egyptian Napa Leather-Classic Neckline-One YKK Zipper chest pocket-YKK Snaps With Joe's Logo-YKK Zipped cuffs-2YKK Zipper Pockets on the waist-One small watch Pocket on the side-Two waist adjustment buckles on each side-Long Sleeves-Two Inner Pockets-Fully Lined",Joe's Venture,,,,FALSE,Option 1,42,Option 2,Bordeaux,Option 3,English Wool,WP32,,,,deny,manual,12000.00,,TRUE,TRUE,,,,,FALSE,Lamb Nappa Woman Perfecto,"DescriptionAn enduring selection that makes a style statement: both elegant and practical, it lends itself to multiple combinations and wearing on an array of occasions. The colour palette includes the brand’s characteristic neutral nuances, combined with a minimalist design, create a series of key pieces for the femal",,,,,new,,,,,,draft
lamb-nappa-woman-perfecto,Lamb Nappa Woman Perfecto,"DescriptionAn enduring selection that makes a style statement: both elegant and practical, it lends itself to multiple combinations and wearing on an array of occasions. The colour palette includes the brand’s characteristic neutral nuances, combined with a minimalist design, create a series of key pieces for the female wardrobe. The leather biker jacket is reinvented to reflect the latest trends, acquiring all the charm of JLG. This garment is made from high-quality, semi-aniline, lambskin nappa leather. It has a matching lining and features the classic off-centre fastening typical of biker jackets.Details-Made from Egyptian Napa Leather-Classic Neckline-One YKK Zipper chest pocket-YKK Snaps With Joe's Logo-YKK Zipped cuffs-2YKK Zipper Pockets on the waist-One small watch Pocket on the side-Two waist adjustment buckles on each side-Long Sleeves-Two Inner Pockets-Fully Lined",Joe's Venture,,,,FALSE,Option 1,42,Option 2,Stone Brown,Option 3,Silk,WP1,,,,deny,manual,9500.00,,TRUE,TRUE,,,,,FALSE,Lamb Nappa Woman Perfecto,"DescriptionAn enduring selection that makes a style statement: both elegant and practical, it lends itself to multiple combinations and wearing on an array of occasions. The colour palette includes the brand’s characteristic neutral nuances, combined with a minimalist design, create a series of key pieces for the femal",,,,,new,,,,,,draft
lamb-nappa-woman-perfecto,Lamb Nappa Woman Perfecto,"DescriptionAn enduring selection that makes a style statement: both elegant and practical, it lends itself to multiple combinations and wearing on an array of occasions. The colour palette includes the brand’s characteristic neutral nuances, combined with a minimalist design, create a series of key pieces for the female wardrobe. The leather biker jacket is reinvented to reflect the latest trends, acquiring all the charm of JLG. This garment is made from high-quality, semi-aniline, lambskin nappa leather. It has a matching lining and features the classic off-centre fastening typical of biker jackets.Details-Made from Egyptian Napa Leather-Classic Neckline-One YKK Zipper chest pocket-YKK Snaps With Joe's Logo-YKK Zipped cuffs-2YKK Zipper Pockets on the waist-One small watch Pocket on the side-Two waist adjustment buckles on each side-Long Sleeves-Two Inner Pockets-Fully Lined",Joe's Venture,,,,FALSE,Option 1,42,Option 2,Stone Brown,Option 3,English Wool,WP1,,,,deny,manual,12000.00,,TRUE,TRUE,,,,,FALSE,Lamb Nappa Woman Perfecto,"DescriptionAn enduring selection that makes a style statement: both elegant and practical, it lends itself to multiple combinations and wearing on an array of occasions. The colour palette includes the brand’s characteristic neutral nuances, combined with a minimalist design, create a series of key pieces for the femal",,,,,new,,,,,,draft
lamb-nappa-woman-perfecto,Lamb Nappa Woman Perfecto,"DescriptionAn enduring selection that makes a style statement: both elegant and practical, it lends itself to multiple combinations and wearing on an array of occasions. The colour palette includes the brand’s characteristic neutral nuances, combined with a minimalist design, create a series of key pieces for the female wardrobe. The leather biker jacket is reinvented to reflect the latest trends, acquiring all the charm of JLG. This garment is made from high-quality, semi-aniline, lambskin nappa leather. It has a matching lining and features the classic off-centre fastening typical of biker jackets.Details-Made from Egyptian Napa Leather-Classic Neckline-One YKK Zipper chest pocket-YKK Snaps With Joe's Logo-YKK Zipped cuffs-2YKK Zipper Pockets on the waist-One small watch Pocket on the side-Two waist adjustment buckles on each side-Long Sleeves-Two Inner Pockets-Fully Lined",Joe's Venture,,,,FALSE,Option 1,44,Option 2,Black,Option 3,Silk,WP33,,,,deny,manual,9500.00,,TRUE,TRUE,,,,,FALSE,Lamb Nappa Woman Perfecto,"DescriptionAn enduring selection that makes a style statement: both elegant and practical, it lends itself to multiple combinations and wearing on an array of occasions. The colour palette includes the brand’s characteristic neutral nuances, combined with a minimalist design, create a series of key pieces for the femal",,,,,new,,,,,,draft
lamb-nappa-woman-perfecto,Lamb Nappa Woman Perfecto,"DescriptionAn enduring selection that makes a style statement: both elegant and practical, it lends itself to multiple combinations and wearing on an array of occasions. The colour palette includes the brand’s characteristic neutral nuances, combined with a minimalist design, create a series of key pieces for the female wardrobe. The leather biker jacket is reinvented to reflect the latest trends, acquiring all the charm of JLG. This garment is made from high-quality, semi-aniline, lambskin nappa leather. It has a matching lining and features the classic off-centre fastening typical of biker jackets.Details-Made from Egyptian Napa Leather-Classic Neckline-One YKK Zipper chest pocket-YKK Snaps With Joe's Logo-YKK Zipped cuffs-2YKK Zipper Pockets on the waist-One small watch Pocket on the side-Two waist adjustment buckles on each side-Long Sleeves-Two Inner Pockets-Fully Lined",Joe's Venture,,,,FALSE,Option 1,44,Option 2,Black,Option 3,English Wool,WP34,,,,deny,manual,12000.00,,TRUE,TRUE,,,,,FALSE,Lamb Nappa Woman Perfecto,"DescriptionAn enduring selection that makes a style statement: both elegant and practical, it lends itself to multiple combinations and wearing on an array of occasions. The colour palette includes the brand’s characteristic neutral nuances, combined with a minimalist design, create a series of key pieces for the femal",,,,,new,,,,,,draft
lamb-nappa-woman-perfecto,Lamb Nappa Woman Perfecto,"DescriptionAn enduring selection that makes a style statement: both elegant and practical, it lends itself to multiple combinations and wearing on an array of occasions. The colour palette includes the brand’s characteristic neutral nuances, combined with a minimalist design, create a series of key pieces for the female wardrobe. The leather biker jacket is reinvented to reflect the latest trends, acquiring all the charm of JLG. This garment is made from high-quality, semi-aniline, lambskin nappa leather. It has a matching lining and features the classic off-centre fastening typical of biker jackets.Details-Made from Egyptian Napa Leather-Classic Neckline-One YKK Zipper chest pocket-YKK Snaps With Joe's Logo-YKK Zipped cuffs-2YKK Zipper Pockets on the waist-One small watch Pocket on the side-Two waist adjustment buckles on each side-Long Sleeves-Two Inner Pockets-Fully Lined",Joe's Venture,,,,FALSE,Option 1,44,Option 2,Tan,Option 3,Silk,WP35,,,,deny,manual,9500.00,,TRUE,TRUE,,,,,FALSE,Lamb Nappa Woman Perfecto,"DescriptionAn enduring selection that makes a style statement: both elegant and practical, it lends itself to multiple combinations and wearing on an array of occasions. The colour palette includes the brand’s characteristic neutral nuances, combined with a minimalist design, create a series of key pieces for the femal",,,,,new,,,,,,draft
lamb-nappa-woman-perfecto,Lamb Nappa Woman Perfecto,"DescriptionAn enduring selection that makes a style statement: both elegant and practical, it lends itself to multiple combinations and wearing on an array of occasions. The colour palette includes the brand’s characteristic neutral nuances, combined with a minimalist design, create a series of key pieces for the female wardrobe. The leather biker jacket is reinvented to reflect the latest trends, acquiring all the charm of JLG. This garment is made from high-quality, semi-aniline, lambskin nappa leather. It has a matching lining and features the classic off-centre fastening typical of biker jackets.Details-Made from Egyptian Napa Leather-Classic Neckline-One YKK Zipper chest pocket-YKK Snaps With Joe's Logo-YKK Zipped cuffs-2YKK Zipper Pockets on the waist-One small watch Pocket on the side-Two waist adjustment buckles on each side-Long Sleeves-Two Inner Pockets-Fully Lined",Joe's Venture,,,,FALSE,Option 1,44,Option 2,Tan,Option 3,English Wool,WP36,,,,deny,manual,12000.00,,TRUE,TRUE,,,,,FALSE,Lamb Nappa Woman Perfecto,"DescriptionAn enduring selection that makes a style statement: both elegant and practical, it lends itself to multiple combinations and wearing on an array of occasions. The colour palette includes the brand’s characteristic neutral nuances, combined with a minimalist design, create a series of key pieces for the femal",,,,,new,,,,,,draft
lamb-nappa-woman-perfecto,Lamb Nappa Woman Perfecto,"DescriptionAn enduring selection that makes a style statement: both elegant and practical, it lends itself to multiple combinations and wearing on an array of occasions. The colour palette includes the brand’s characteristic neutral nuances, combined with a minimalist design, create a series of key pieces for the female wardrobe. The leather biker jacket is reinvented to reflect the latest trends, acquiring all the charm of JLG. This garment is made from high-quality, semi-aniline, lambskin nappa leather. It has a matching lining and features the classic off-centre fastening typical of biker jackets.Details-Made from Egyptian Napa Leather-Classic Neckline-One YKK Zipper chest pocket-YKK Snaps With Joe's Logo-YKK Zipped cuffs-2YKK Zipper Pockets on the waist-One small watch Pocket on the side-Two waist adjustment buckles on each side-Long Sleeves-Two Inner Pockets-Fully Lined",Joe's Venture,,,,FALSE,Option 1,44,Option 2,ForestGreen,Option 3,Silk,WP37,,,,deny,manual,9500.00,,TRUE,TRUE,,,,,FALSE,Lamb Nappa Woman Perfecto,"DescriptionAn enduring selection that makes a style statement: both elegant and practical, it lends itself to multiple combinations and wearing on an array of occasions. The colour palette includes the brand’s characteristic neutral nuances, combined with a minimalist design, create a series of key pieces for the femal",,,,,new,,,,,,draft
lamb-nappa-woman-perfecto,Lamb Nappa Woman Perfecto,"DescriptionAn enduring selection that makes a style statement: both elegant and practical, it lends itself to multiple combinations and wearing on an array of occasions. The colour palette includes the brand’s characteristic neutral nuances, combined with a minimalist design, create a series of key pieces for the female wardrobe. The leather biker jacket is reinvented to reflect the latest trends, acquiring all the charm of JLG. This garment is made from high-quality, semi-aniline, lambskin nappa leather. It has a matching lining and features the classic off-centre fastening typical of biker jackets.Details-Made from Egyptian Napa Leather-Classic Neckline-One YKK Zipper chest pocket-YKK Snaps With Joe's Logo-YKK Zipped cuffs-2YKK Zipper Pockets on the waist-One small watch Pocket on the side-Two waist adjustment buckles on each side-Long Sleeves-Two Inner Pockets-Fully Lined",Joe's Venture,,,,FALSE,Option 1,44,Option 2,ForestGreen,Option 3,English Wool,WP38,,,,deny,manual,12000.00,,TRUE,TRUE,,,,,FALSE,Lamb Nappa Woman Perfecto,"DescriptionAn enduring selection that makes a style statement: both elegant and practical, it lends itself to multiple combinations and wearing on an array of occasions. The colour palette includes the brand’s characteristic neutral nuances, combined with a minimalist design, create a series of key pieces for the femal",,,,,new,,,,,,draft
lamb-nappa-woman-perfecto,Lamb Nappa Woman Perfecto,"DescriptionAn enduring selection that makes a style statement: both elegant and practical, it lends itself to multiple combinations and wearing on an array of occasions. The colour palette includes the brand’s characteristic neutral nuances, combined with a minimalist design, create a series of key pieces for the female wardrobe. The leather biker jacket is reinvented to reflect the latest trends, acquiring all the charm of JLG. This garment is made from high-quality, semi-aniline, lambskin nappa leather. It has a matching lining and features the classic off-centre fastening typical of biker jackets.Details-Made from Egyptian Napa Leather-Classic Neckline-One YKK Zipper chest pocket-YKK Snaps With Joe's Logo-YKK Zipped cuffs-2YKK Zipper Pockets on the waist-One small watch Pocket on the side-Two waist adjustment buckles on each side-Long Sleeves-Two Inner Pockets-Fully Lined",Joe's Venture,,,,FALSE,Option 1,44,Option 2,Bordeaux,Option 3,Silk,WP40,,,,deny,manual,9500.00,,TRUE,TRUE,,,,,FALSE,Lamb Nappa Woman Perfecto,"DescriptionAn enduring selection that makes a style statement: both elegant and practical, it lends itself to multiple combinations and wearing on an array of occasions. The colour palette includes the brand’s characteristic neutral nuances, combined with a minimalist design, create a series of key pieces for the femal",,,,,new,,,,,,draft
lamb-nappa-woman-perfecto,Lamb Nappa Woman Perfecto,"DescriptionAn enduring selection that makes a style statement: both elegant and practical, it lends itself to multiple combinations and wearing on an array of occasions. The colour palette includes the brand’s characteristic neutral nuances, combined with a minimalist design, create a series of key pieces for the female wardrobe. The leather biker jacket is reinvented to reflect the latest trends, acquiring all the charm of JLG. This garment is made from high-quality, semi-aniline, lambskin nappa leather. It has a matching lining and features the classic off-centre fastening typical of biker jackets.Details-Made from Egyptian Napa Leather-Classic Neckline-One YKK Zipper chest pocket-YKK Snaps With Joe's Logo-YKK Zipped cuffs-2YKK Zipper Pockets on the waist-One small watch Pocket on the side-Two waist adjustment buckles on each side-Long Sleeves-Two Inner Pockets-Fully Lined",Joe's Venture,,,,FALSE,Option 1,44,Option 2,Bordeaux,Option 3,English Wool,WP41,,,,deny,manual,12000.00,,TRUE,TRUE,,,,,FALSE,Lamb Nappa Woman Perfecto,"DescriptionAn enduring selection that makes a style statement: both elegant and practical, it lends itself to multiple combinations and wearing on an array of occasions. The colour palette includes the brand’s characteristic neutral nuances, combined with a minimalist design, create a series of key pieces for the femal",,,,,new,,,,,,draft
lamb-nappa-woman-perfecto,Lamb Nappa Woman Perfecto,"DescriptionAn enduring selection that makes a style statement: both elegant and practical, it lends itself to multiple combinations and wearing on an array of occasions. The colour palette includes the brand’s characteristic neutral nuances, combined with a minimalist design, create a series of key pieces for the female wardrobe. The leather biker jacket is reinvented to reflect the latest trends, acquiring all the charm of JLG. This garment is made from high-quality, semi-aniline, lambskin nappa leather. It has a matching lining and features the classic off-centre fastening typical of biker jackets.Details-Made from Egyptian Napa Leather-Classic Neckline-One YKK Zipper chest pocket-YKK Snaps With Joe's Logo-YKK Zipped cuffs-2YKK Zipper Pockets on the waist-One small watch Pocket on the side-Two waist adjustment buckles on each side-Long Sleeves-Two Inner Pockets-Fully Lined",Joe's Venture,,,,FALSE,Option 1,44,Option 2,Stone Brown,Option 3,Silk,WP1,,,,deny,manual,9500.00,,TRUE,TRUE,,,,,FALSE,Lamb Nappa Woman Perfecto,"DescriptionAn enduring selection that makes a style statement: both elegant and practical, it lends itself to multiple combinations and wearing on an array of occasions. The colour palette includes the brand’s characteristic neutral nuances, combined with a minimalist design, create a series of key pieces for the femal",,,,,new,,,,,,draft
lamb-nappa-woman-perfecto,Lamb Nappa Woman Perfecto,"DescriptionAn enduring selection that makes a style statement: both elegant and practical, it lends itself to multiple combinations and wearing on an array of occasions. The colour palette includes the brand’s characteristic neutral nuances, combined with a minimalist design, create a series of key pieces for the female wardrobe. The leather biker jacket is reinvented to reflect the latest trends, acquiring all the charm of JLG. This garment is made from high-quality, semi-aniline, lambskin nappa leather. It has a matching lining and features the classic off-centre fastening typical of biker jackets.Details-Made from Egyptian Napa Leather-Classic Neckline-One YKK Zipper chest pocket-YKK Snaps With Joe's Logo-YKK Zipped cuffs-2YKK Zipper Pockets on the waist-One small watch Pocket on the side-Two waist adjustment buckles on each side-Long Sleeves-Two Inner Pockets-Fully Lined",Joe's Venture,,,,FALSE,Option 1,44,Option 2,Stone Brown,Option 3,English Wool,WP1,,,,deny,manual,12000.00,,TRUE,TRUE,,,,,FALSE,Lamb Nappa Woman Perfecto,"DescriptionAn enduring selection that makes a style statement: both elegant and practical, it lends itself to multiple combinations and wearing on an array of occasions. The colour palette includes the brand’s characteristic neutral nuances, combined with a minimalist design, create a series of key pieces for the femal",,,,,new,,,,,,draft
lamb-nappa-woman-perfecto,Lamb Nappa Woman Perfecto,"DescriptionAn enduring selection that makes a style statement: both elegant and practical, it lends itself to multiple combinations and wearing on an array of occasions. The colour palette includes the brand’s characteristic neutral nuances, combined with a minimalist design, create a series of key pieces for the female wardrobe. The leather biker jacket is reinvented to reflect the latest trends, acquiring all the charm of JLG. This garment is made from high-quality, semi-aniline, lambskin nappa leather. It has a matching lining and features the classic off-centre fastening typical of biker jackets.Details-Made from Egyptian Napa Leather-Classic Neckline-One YKK Zipper chest pocket-YKK Snaps With Joe's Logo-YKK Zipped cuffs-2YKK Zipper Pockets on the waist-One small watch Pocket on the side-Two waist adjustment buckles on each side-Long Sleeves-Two Inner Pockets-Fully Lined",Joe's Venture,,,,FALSE,Option 1,Request Appointment,Option 2,Black,Option 3,Silk,WP42,,,,deny,manual,9500.00,,TRUE,TRUE,,,,,FALSE,Lamb Nappa Woman Perfecto,"DescriptionAn enduring selection that makes a style statement: both elegant and practical, it lends itself to multiple combinations and wearing on an array of occasions. The colour palette includes the brand’s characteristic neutral nuances, combined with a minimalist design, create a series of key pieces for the femal",,,,,new,,,,,,draft
lamb-nappa-woman-perfecto,Lamb Nappa Woman Perfecto,"DescriptionAn enduring selection that makes a style statement: both elegant and practical, it lends itself to multiple combinations and wearing on an array of occasions. The colour palette includes the brand’s characteristic neutral nuances, combined with a minimalist design, create a series of key pieces for the female wardrobe. The leather biker jacket is reinvented to reflect the latest trends, acquiring all the charm of JLG. This garment is made from high-quality, semi-aniline, lambskin nappa leather. It has a matching lining and features the classic off-centre fastening typical of biker jackets.Details-Made from Egyptian Napa Leather-Classic Neckline-One YKK Zipper chest pocket-YKK Snaps With Joe's Logo-YKK Zipped cuffs-2YKK Zipper Pockets on the waist-One small watch Pocket on the side-Two waist adjustment buckles on each side-Long Sleeves-Two Inner Pockets-Fully Lined",Joe's Venture,,,,FALSE,Option 1,Request Appointment,Option 2,Black,Option 3,English Wool,WP43,,,,deny,manual,12000.00,,TRUE,TRUE,,,,,FALSE,Lamb Nappa Woman Perfecto,"DescriptionAn enduring selection that makes a style statement: both elegant and practical, it lends itself to multiple combinations and wearing on an array of occasions. The colour palette includes the brand’s characteristic neutral nuances, combined with a minimalist design, create a series of key pieces for the femal",,,,,new,,,,,,draft
lamb-nappa-woman-perfecto,Lamb Nappa Woman Perfecto,"DescriptionAn enduring selection that makes a style statement: both elegant and practical, it lends itself to multiple combinations and wearing on an array of occasions. The colour palette includes the brand’s characteristic neutral nuances, combined with a minimalist design, create a series of key pieces for the female wardrobe. The leather biker jacket is reinvented to reflect the latest trends, acquiring all the charm of JLG. This garment is made from high-quality, semi-aniline, lambskin nappa leather. It has a matching lining and features the classic off-centre fastening typical of biker jackets.Details-Made from Egyptian Napa Leather-Classic Neckline-One YKK Zipper chest pocket-YKK Snaps With Joe's Logo-YKK Zipped cuffs-2YKK Zipper Pockets on the waist-One small watch Pocket on the side-Two waist adjustment buckles on each side-Long Sleeves-Two Inner Pockets-Fully Lined",Joe's Venture,,,,FALSE,Option 1,Request Appointment,Option 2,Tan,Option 3,Silk,WP44,,,,deny,manual,9500.00,,TRUE,TRUE,,,,,FALSE,Lamb Nappa Woman Perfecto,"DescriptionAn enduring selection that makes a style statement: both elegant and practical, it lends itself to multiple combinations and wearing on an array of occasions. The colour palette includes the brand’s characteristic neutral nuances, combined with a minimalist design, create a series of key pieces for the femal",,,,,new,,,,,,draft
lamb-nappa-woman-perfecto,Lamb Nappa Woman Perfecto,"DescriptionAn enduring selection that makes a style statement: both elegant and practical, it lends itself to multiple combinations and wearing on an array of occasions. The colour palette includes the brand’s characteristic neutral nuances, combined with a minimalist design, create a series of key pieces for the female wardrobe. The leather biker jacket is reinvented to reflect the latest trends, acquiring all the charm of JLG. This garment is made from high-quality, semi-aniline, lambskin nappa leather. It has a matching lining and features the classic off-centre fastening typical of biker jackets.Details-Made from Egyptian Napa Leather-Classic Neckline-One YKK Zipper chest pocket-YKK Snaps With Joe's Logo-YKK Zipped cuffs-2YKK Zipper Pockets on the waist-One small watch Pocket on the side-Two waist adjustment buckles on each side-Long Sleeves-Two Inner Pockets-Fully Lined",Joe's Venture,,,,FALSE,Option 1,Request Appointment,Option 2,Tan,Option 3,English Wool,WP45,,,,deny,manual,12000.00,,TRUE,TRUE,,,,,FALSE,Lamb Nappa Woman Perfecto,"DescriptionAn enduring selection that makes a style statement: both elegant and practical, it lends itself to multiple combinations and wearing on an array of occasions. The colour palette includes the brand’s characteristic neutral nuances, combined with a minimalist design, create a series of key pieces for the femal",,,,,new,,,,,,draft
lamb-nappa-woman-perfecto,Lamb Nappa Woman Perfecto,"DescriptionAn enduring selection that makes a style statement: both elegant and practical, it lends itself to multiple combinations and wearing on an array of occasions. The colour palette includes the brand’s characteristic neutral nuances, combined with a minimalist design, create a series of key pieces for the female wardrobe. The leather biker jacket is reinvented to reflect the latest trends, acquiring all the charm of JLG. This garment is made from high-quality, semi-aniline, lambskin nappa leather. It has a matching lining and features the classic off-centre fastening typical of biker jackets.Details-Made from Egyptian Napa Leather-Classic Neckline-One YKK Zipper chest pocket-YKK Snaps With Joe's Logo-YKK Zipped cuffs-2YKK Zipper Pockets on the waist-One small watch Pocket on the side-Two waist adjustment buckles on each side-Long Sleeves-Two Inner Pockets-Fully Lined",Joe's Venture,,,,FALSE,Option 1,Request Appointment,Option 2,ForestGreen,Option 3,Silk,WP46,,,,deny,manual,9500.00,,TRUE,TRUE,,,,,FALSE,Lamb Nappa Woman Perfecto,"DescriptionAn enduring selection that makes a style statement: both elegant and practical, it lends itself to multiple combinations and wearing on an array of occasions. The colour palette includes the brand’s characteristic neutral nuances, combined with a minimalist design, create a series of key pieces for the femal",,,,,new,,,,,,draft
lamb-nappa-woman-perfecto,Lamb Nappa Woman Perfecto,"DescriptionAn enduring selection that makes a style statement: both elegant and practical, it lends itself to multiple combinations and wearing on an array of occasions. The colour palette includes the brand’s characteristic neutral nuances, combined with a minimalist design, create a series of key pieces for the female wardrobe. The leather biker jacket is reinvented to reflect the latest trends, acquiring all the charm of JLG. This garment is made from high-quality, semi-aniline, lambskin nappa leather. It has a matching lining and features the classic off-centre fastening typical of biker jackets.Details-Made from Egyptian Napa Leather-Classic Neckline-One YKK Zipper chest pocket-YKK Snaps With Joe's Logo-YKK Zipped cuffs-2YKK Zipper Pockets on the waist-One small watch Pocket on the side-Two waist adjustment buckles on each side-Long Sleeves-Two Inner Pockets-Fully Lined",Joe's Venture,,,,FALSE,Option 1,Request Appointment,Option 2,ForestGreen,Option 3,English Wool,WP47,,,,deny,manual,12000.00,,TRUE,TRUE,,,,,FALSE,Lamb Nappa Woman Perfecto,"DescriptionAn enduring selection that makes a style statement: both elegant and practical, it lends itself to multiple combinations and wearing on an array of occasions. The colour palette includes the brand’s characteristic neutral nuances, combined with a minimalist design, create a series of key pieces for the femal",,,,,new,,,,,,draft
lamb-nappa-woman-perfecto,Lamb Nappa Woman Perfecto,"DescriptionAn enduring selection that makes a style statement: both elegant and practical, it lends itself to multiple combinations and wearing on an array of occasions. The colour palette includes the brand’s characteristic neutral nuances, combined with a minimalist design, create a series of key pieces for the female wardrobe. The leather biker jacket is reinvented to reflect the latest trends, acquiring all the charm of JLG. This garment is made from high-quality, semi-aniline, lambskin nappa leather. It has a matching lining and features the classic off-centre fastening typical of biker jackets.Details-Made from Egyptian Napa Leather-Classic Neckline-One YKK Zipper chest pocket-YKK Snaps With Joe's Logo-YKK Zipped cuffs-2YKK Zipper Pockets on the waist-One small watch Pocket on the side-Two waist adjustment buckles on each side-Long Sleeves-Two Inner Pockets-Fully Lined",Joe's Venture,,,,FALSE,Option 1,Request Appointment,Option 2,Bordeaux,Option 3,Silk,WP48,,,,deny,manual,9500.00,,TRUE,TRUE,,,,,FALSE,Lamb Nappa Woman Perfecto,"DescriptionAn enduring selection that makes a style statement: both elegant and practical, it lends itself to multiple combinations and wearing on an array of occasions. The colour palette includes the brand’s characteristic neutral nuances, combined with a minimalist design, create a series of key pieces for the femal",,,,,new,,,,,,draft
lamb-nappa-woman-perfecto,Lamb Nappa Woman Perfecto,"DescriptionAn enduring selection that makes a style statement: both elegant and practical, it lends itself to multiple combinations and wearing on an array of occasions. The colour palette includes the brand’s characteristic neutral nuances, combined with a minimalist design, create a series of key pieces for the female wardrobe. The leather biker jacket is reinvented to reflect the latest trends, acquiring all the charm of JLG. This garment is made from high-quality, semi-aniline, lambskin nappa leather. It has a matching lining and features the classic off-centre fastening typical of biker jackets.Details-Made from Egyptian Napa Leather-Classic Neckline-One YKK Zipper chest pocket-YKK Snaps With Joe's Logo-YKK Zipped cuffs-2YKK Zipper Pockets on the waist-One small watch Pocket on the side-Two waist adjustment buckles on each side-Long Sleeves-Two Inner Pockets-Fully Lined",Joe's Venture,,,,FALSE,Option 1,Request Appointment,Option 2,Bordeaux,Option 3,English Wool,WP49,,,,deny,manual,12000.00,,TRUE,TRUE,,,,,FALSE,Lamb Nappa Woman Perfecto,"DescriptionAn enduring selection that makes a style statement: both elegant and practical, it lends itself to multiple combinations and wearing on an array of occasions. The colour palette includes the brand’s characteristic neutral nuances, combined with a minimalist design, create a series of key pieces for the femal",,,,,new,,,,,,draft
lamb-nappa-woman-perfecto,Lamb Nappa Woman Perfecto,"DescriptionAn enduring selection that makes a style statement: both elegant and practical, it lends itself to multiple combinations and wearing on an array of occasions. The colour palette includes the brand’s characteristic neutral nuances, combined with a minimalist design, create a series of key pieces for the female wardrobe. The leather biker jacket is reinvented to reflect the latest trends, acquiring all the charm of JLG. This garment is made from high-quality, semi-aniline, lambskin nappa leather. It has a matching lining and features the classic off-centre fastening typical of biker jackets.Details-Made from Egyptian Napa Leather-Classic Neckline-One YKK Zipper chest pocket-YKK Snaps With Joe's Logo-YKK Zipped cuffs-2YKK Zipper Pockets on the waist-One small watch Pocket on the side-Two waist adjustment buckles on each side-Long Sleeves-Two Inner Pockets-Fully Lined",Joe's Venture,,,,FALSE,Option 1,Request Appointment,Option 2,Stone Brown,Option 3,Silk,WP1,,,,deny,manual,9500.00,,TRUE,TRUE,,,,,FALSE,Lamb Nappa Woman Perfecto,"DescriptionAn enduring selection that makes a style statement: both elegant and practical, it lends itself to multiple combinations and wearing on an array of occasions. The colour palette includes the brand’s characteristic neutral nuances, combined with a minimalist design, create a series of key pieces for the femal",,,,,new,,,,,,draft
lamb-nappa-woman-perfecto,Lamb Nappa Woman Perfecto,"DescriptionAn enduring selection that makes a style statement: both elegant and practical, it lends itself to multiple combinations and wearing on an array of occasions. The colour palette includes the brand’s characteristic neutral nuances, combined with a minimalist design, create a series of key pieces for the female wardrobe. The leather biker jacket is reinvented to reflect the latest trends, acquiring all the charm of JLG. This garment is made from high-quality, semi-aniline, lambskin nappa leather. It has a matching lining and features the classic off-centre fastening typical of biker jackets.Details-Made from Egyptian Napa Leather-Classic Neckline-One YKK Zipper chest pocket-YKK Snaps With Joe's Logo-YKK Zipped cuffs-2YKK Zipper Pockets on the waist-One small watch Pocket on the side-Two waist adjustment buckles on each side-Long Sleeves-Two Inner Pockets-Fully Lined",Joe's Venture,,,,FALSE,Option 1,Request Appointment,Option 2,Stone Brown,Option 3,English Wool,WP1,,,,deny,manual,12000.00,,TRUE,TRUE,,,,,FALSE,Lamb Nappa Woman Perfecto,"DescriptionAn enduring selection that makes a style statement: both elegant and practical, it lends itself to multiple combinations and wearing on an array of occasions. The colour palette includes the brand’s characteristic neutral nuances, combined with a minimalist design, create a series of key pieces for the femal",,,,,new,,,,,,draft
laptop-bag,Laptop Bag,"Introducing our handmade leather laptop bag, a perfect blend of elegance and functionality. Crafted from premium full-grain leather, this bag exudes a timeless charm with its rich, natural patina that only improves with age. The meticulous craftsmanship is evident in every stitch, ensuring durability and a refined finish. Designed to fit laptops up to 13 inches, the main compartment offers a snug and secure fit, providing straightforward and efficient storage. The adjustable shoulder strap and sturdy handles offer versatile carrying options, while the sleek, minimalist design ensures it complements any outfit, from business attire to casual wear. Whether you're heading to the office, a meeting, or a cafe, this handmade leather laptop bag is your reliable and stylish companion.",Joe's Venture,,,,FALSE,Option 1,13',Option 2,Coffee Brown,,,B LPTP CB,0,shopify,,deny,manual,3800.00,,TRUE,TRUE,,https://16.192.29.174.nip.io/assets/recovery/joes-venture/images/laptop-bag-01-177b6e3600.png,1,Laptop Bag,FALSE,Laptop Bag,"Introducing our handmade leather laptop bag, a perfect blend of elegance and functionality. Crafted from premium full-grain leather, this bag exudes a timeless charm with its rich, natural patina that only improves with age. The meticulous craftsmanship is evident in every stitch, ensuring durability and a refined fini",,,,,new,,,,,,draft
laptop-bag,Laptop Bag,"Introducing our handmade leather laptop bag, a perfect blend of elegance and functionality. Crafted from premium full-grain leather, this bag exudes a timeless charm with its rich, natural patina that only improves with age. The meticulous craftsmanship is evident in every stitch, ensuring durability and a refined finish. Designed to fit laptops up to 13 inches, the main compartment offers a snug and secure fit, providing straightforward and efficient storage. The adjustable shoulder strap and sturdy handles offer versatile carrying options, while the sleek, minimalist design ensures it complements any outfit, from business attire to casual wear. Whether you're heading to the office, a meeting, or a cafe, this handmade leather laptop bag is your reliable and stylish companion.",Joe's Venture,,,,FALSE,Option 1,13',Option 2,Buck Brown,,,B LPTP BB,0,shopify,,deny,manual,3800.00,,TRUE,TRUE,,,,,FALSE,Laptop Bag,"Introducing our handmade leather laptop bag, a perfect blend of elegance and functionality. Crafted from premium full-grain leather, this bag exudes a timeless charm with its rich, natural patina that only improves with age. The meticulous craftsmanship is evident in every stitch, ensuring durability and a refined fini",,,,,new,,,,,,draft
laptop-bag,Laptop Bag,"Introducing our handmade leather laptop bag, a perfect blend of elegance and functionality. Crafted from premium full-grain leather, this bag exudes a timeless charm with its rich, natural patina that only improves with age. The meticulous craftsmanship is evident in every stitch, ensuring durability and a refined finish. Designed to fit laptops up to 13 inches, the main compartment offers a snug and secure fit, providing straightforward and efficient storage. The adjustable shoulder strap and sturdy handles offer versatile carrying options, while the sleek, minimalist design ensures it complements any outfit, from business attire to casual wear. Whether you're heading to the office, a meeting, or a cafe, this handmade leather laptop bag is your reliable and stylish companion.",Joe's Venture,,,,FALSE,Option 1,13',Option 2,Ghost Black,,,B LPTP GB,0,shopify,,deny,manual,3800.00,,TRUE,TRUE,,,,,FALSE,Laptop Bag,"Introducing our handmade leather laptop bag, a perfect blend of elegance and functionality. Crafted from premium full-grain leather, this bag exudes a timeless charm with its rich, natural patina that only improves with age. The meticulous craftsmanship is evident in every stitch, ensuring durability and a refined fini",,,,,new,,,,,,draft
laptop-bag,,,,,,,,,,,,,,,,,,,,,,,,,https://16.192.29.174.nip.io/assets/recovery/joes-venture/images/laptop-bag-02-238ef70cbf.jpg,2,Laptop Bag,,,,,,,,,,,,,,
laptop-bag,,,,,,,,,,,,,,,,,,,,,,,,,https://16.192.29.174.nip.io/assets/recovery/joes-venture/images/laptop-bag-03-d73986d2a7.jpg,3,Laptop Bag,,,,,,,,,,,,,,
leather-apron,Leather Apron,"Introducing our handcrafted leather apron, a testament to timeless craftsmanship and practical elegance. Made with precision and care, each apron embodies durability and style in equal measure. Crafted from premium leather, this apron offers both protection and sophistication, ensuring you look and feel your best whether you're in the kitchen, the workshop, or beyond. With thoughtful design features like adjustable straps, this apron is as functional as it is fashionable, allowing for a comfortable and secure fit. Elevate your everyday tasks and make a statement with our handmade leather apron—a symbol of quality, craftsmanship, and enduring style.",Joe's Venture,,,,FALSE,Title,Default Title,,,,,MISC APRON,0,shopify,,deny,manual,2200.00,,TRUE,TRUE,,https://16.192.29.174.nip.io/assets/recovery/joes-venture/images/leather-apron-01-bad9c1272c.jpg,1,Leather Apron,FALSE,Leather Apron,"Introducing our handcrafted leather apron, a testament to timeless craftsmanship and practical elegance. Made with precision and care, each apron embodies durability and style in equal measure. Crafted from premium leather, this apron offers both protection and sophistication, ensuring you look and feel your best wheth",,,,,new,,,,,,draft
leather-desk-mat,Leather Desk Mat,"The 90cm x 45cm leather desk mat. Crafted with meticulous attention to detail, this spacious desk accessory offers both style and functionality. Made from high-quality leather, it provides a smooth and durable surface to protect your desk from scratches and spills. Perfect for organizing your workspace and adding a touch of sophistication, our leather desk mat is a must-have for any office or home office setup. Elevate your desk experience with Joe's Venture's 90cm x 45cm leather desk mat – where elegance meets practicality for seamless productivity.",Joe's Venture,,,,FALSE,Option 1,Buck Brown,,,,,STN DESKM BB,0,shopify,,deny,manual,3000.00,,TRUE,TRUE,46767571848234,,,,FALSE,Leather Desk Mat,"The 90cm x 45cm leather desk mat. Crafted with meticulous attention to detail, this spacious desk accessory offers both style and functionality. Made from high-quality leather, it provides a smooth and durable surface to protect your desk from scratches and spills. Perfect for organizing your workspace and adding a tou",,,,,new,,,,,,draft
leather-desk-mat,Leather Desk Mat,"The 90cm x 45cm leather desk mat. Crafted with meticulous attention to detail, this spacious desk accessory offers both style and functionality. Made from high-quality leather, it provides a smooth and durable surface to protect your desk from scratches and spills. Perfect for organizing your workspace and adding a touch of sophistication, our leather desk mat is a must-have for any office or home office setup. Elevate your desk experience with Joe's Venture's 90cm x 45cm leather desk mat – where elegance meets practicality for seamless productivity.",Joe's Venture,,,,FALSE,Option 1,Coffee Brown,,,,,STN DESKM CB,0,shopify,,deny,manual,3000.00,,TRUE,TRUE,,,,,FALSE,Leather Desk Mat,"The 90cm x 45cm leather desk mat. Crafted with meticulous attention to detail, this spacious desk accessory offers both style and functionality. Made from high-quality leather, it provides a smooth and durable surface to protect your desk from scratches and spills. Perfect for organizing your workspace and adding a tou",,,,,new,,,,,,draft
leather-horse-hair-brush,LEATHER HORSE HAIR BRUSH,"Professional quality brushes: the polish daubers are made of tightly stitched horsehair bristles and hardwood, provides great detail in polishing or shining a variety of shoes Comfortable use: the brush set is easy to pass over the shoe to completely cover with polish, the user interface is comfortable and has good ergonomics",Joe's Venture,,,,FALSE,Title,Default Title,,,,,,0,shopify,,deny,manual,10.00,,TRUE,TRUE,,https://16.192.29.174.nip.io/assets/recovery/joes-venture/images/leather-horse-hair-brush-01-fa81857bf3.jpg,1,LEATHER HORSE HAIR BRUSH,FALSE,LEATHER HORSE HAIR BRUSH,"Professional quality brushes: the polish daubers are made of tightly stitched horsehair bristles and hardwood, provides great detail in polishing or shining a variety of shoes Comfortable use: the brush set is easy to pass over the shoe to completely cover with polish, the user interface is comfortable and has good erg",,,,,new,,,,,,draft
leather-mouse-pad,Leather Mouse Pad,"Crafted with precision and care, this luxurious accessory elevates your workspace with its sleek design and premium materials. Perfect for enhancing your computer setup, the durable leather construction provides a smooth surface for precise mouse movements. Experience comfort and style with our handmade leather mouse pad, a sophisticated addition to any desk. Upgrade your work environment with Joe's Venture's one-layer 4mm leather mouse pad",Joe's Venture,,,,FALSE,Option 1,Buckbrown,,,,,STN MOUSE BB,0,shopify,,deny,manual,1600.00,,TRUE,TRUE,,https://16.192.29.174.nip.io/assets/recovery/joes-venture/images/leather-mouse-pad-01-9f92538aae.jpg,1,Leather Mouse Pad,FALSE,Leather Mouse Pad,"Crafted with precision and care, this luxurious accessory elevates your workspace with its sleek design and premium materials. Perfect for enhancing your computer setup, the durable leather construction provides a smooth surface for precise mouse movements. Experience comfort and style with our handmade leather mouse p",,,,,new,,,,,,draft
leather-mouse-pad,Leather Mouse Pad,"Crafted with precision and care, this luxurious accessory elevates your workspace with its sleek design and premium materials. Perfect for enhancing your computer setup, the durable leather construction provides a smooth surface for precise mouse movements. Experience comfort and style with our handmade leather mouse pad, a sophisticated addition to any desk. Upgrade your work environment with Joe's Venture's one-layer 4mm leather mouse pad",Joe's Venture,,,,FALSE,Option 1,Coffee Brown,,,,,STN MOUSE CB,0,shopify,,deny,manual,1600.00,,TRUE,TRUE,46767572784810,,,,FALSE,Leather Mouse Pad,"Crafted with precision and care, this luxurious accessory elevates your workspace with its sleek design and premium materials. Perfect for enhancing your computer setup, the durable leather construction provides a smooth surface for precise mouse movements. Experience comfort and style with our handmade leather mouse p",,,,,new,,,,,,draft
leather-roll-up,Leather Roll Up,"Store and transport your favorite writing tools with ease using our Leather Roll Up. Made from high-quality leather, this roll up can hold pens, pencils, markers, and stationery. Keep your supplies organized and protected while on-the-go. Perfect for students, professionals, and artists alike.",Joe's Venture,,,,FALSE,Option 1,Buck brown,,,,,,0,shopify,,deny,manual,2000.00,,TRUE,TRUE,,https://16.192.29.174.nip.io/assets/recovery/joes-venture/images/leather-roll-up-01-f35318708b.jpg,1,Leather Roll Up,FALSE,Leather Roll Up,"Store and transport your favorite writing tools with ease using our Leather Roll Up. Made from high-quality leather, this roll up can hold pens, pencils, markers, and stationery. Keep your supplies organized and protected while on-the-go. Perfect for students, professionals, and artists alike.",,,,,new,,,,,,draft
leather-roll-up,Leather Roll Up,"Store and transport your favorite writing tools with ease using our Leather Roll Up. Made from high-quality leather, this roll up can hold pens, pencils, markers, and stationery. Keep your supplies organized and protected while on-the-go. Perfect for students, professionals, and artists alike.",Joe's Venture,,,,FALSE,Option 1,Coffee brown,,,,,,0,shopify,,deny,manual,2000.00,,TRUE,TRUE,,,,,FALSE,Leather Roll Up,"Store and transport your favorite writing tools with ease using our Leather Roll Up. Made from high-quality leather, this roll up can hold pens, pencils, markers, and stationery. Keep your supplies organized and protected while on-the-go. Perfect for students, professionals, and artists alike.",,,,,new,,,,,,draft
leather-roll-up,Leather Roll Up,"Store and transport your favorite writing tools with ease using our Leather Roll Up. Made from high-quality leather, this roll up can hold pens, pencils, markers, and stationery. Keep your supplies organized and protected while on-the-go. Perfect for students, professionals, and artists alike.",Joe's Venture,,,,FALSE,Option 1,Ghost black,,,,,,0,shopify,,deny,manual,2000.00,,TRUE,TRUE,,,,,FALSE,Leather Roll Up,"Store and transport your favorite writing tools with ease using our Leather Roll Up. Made from high-quality leather, this roll up can hold pens, pencils, markers, and stationery. Keep your supplies organized and protected while on-the-go. Perfect for students, professionals, and artists alike.",,,,,new,,,,,,draft
leather-stool,Leather Walk Stool,"Introducing Joe's Venture's latest innovation: the foldable leather walk stool with wooden trifeet. Crafted with premium leather and sturdy wood, this versatile stool seamlessly combines style and functionality. Perfect for small spaces or on-the-go use, its foldable design ensures easy storage and portability. Whether for extra seating at home or a stylish accent for outdoor adventures, our foldable leather stool offers both comfort and convenience. DIMENSIONS: 58 cm",Joe's Venture,,,,FALSE,Option 1,Single Stool,,,,,Leather stool-1,0,shopify,,deny,manual,2400.00,,TRUE,TRUE,,https://16.192.29.174.nip.io/assets/recovery/joes-venture/images/leather-stool-01-a19cd891fc.jpg,1,Leather Walk Stool,FALSE,Leather Walk Stool,"Introducing Joe's Venture's latest innovation: the foldable leather walk stool with wooden trifeet. Crafted with premium leather and sturdy wood, this versatile stool seamlessly combines style and functionality. Perfect for small spaces or on-the-go use, its foldable design ensures easy storage and portability. Whether",,,,,new,,,,,,draft
leather-stool,Leather Walk Stool,"Introducing Joe's Venture's latest innovation: the foldable leather walk stool with wooden trifeet. Crafted with premium leather and sturdy wood, this versatile stool seamlessly combines style and functionality. Perfect for small spaces or on-the-go use, its foldable design ensures easy storage and portability. Whether for extra seating at home or a stylish accent for outdoor adventures, our foldable leather stool offers both comfort and convenience. DIMENSIONS: 58 cm",Joe's Venture,,,,FALSE,Option 1,Set of 3,,,,,Leather stool-2,0,shopify,,deny,manual,6800.00,,TRUE,TRUE,,,,,FALSE,Leather Walk Stool,"Introducing Joe's Venture's latest innovation: the foldable leather walk stool with wooden trifeet. Crafted with premium leather and sturdy wood, this versatile stool seamlessly combines style and functionality. Perfect for small spaces or on-the-go use, its foldable design ensures easy storage and portability. Whether",,,,,new,,,,,,draft
light-brown-nappa-denim-cut,Light Brown Nappa Denim Cut Size 48,"Blending classic denim-inspired design with the luxurious texture of Nappa leather, this Light Brown Leather Jacketoffers a refined take on casual outerwear. With its structured silhouette and premium finish, it’s a versatile piece that complements both casual and elevated looks. Features: ◦ Premium Nappa Leather – Soft, supple, and durable for long-lasting wear.◦ Classic Shirt Collar – Adds a polished, timeless touch to the design.◦ Button-Front Closure – Matte-finished hardware enhances the sleek aesthetic.◦ Dual Flap Chest Pockets – Practical yet stylish, staying true to the denim jacket influence.◦ Subtle Seam Detailing – Enhances structure while maintaining a clean, minimalist look.◦ Fully Lined Interior – Ensures all-day comfort and smooth layering. Whether paired with jeans for a relaxed outfit or layered over tailored trousers for a modern edge, this Nappa leather jacket is a must-have staple for any wardrobe.",Joe's Venture,,Coats & Jackets,,FALSE,Title,Default Title,,,,,,,,,deny,manual,24000.00,,TRUE,TRUE,,https://16.192.29.174.nip.io/assets/recovery/joes-venture/images/light-brown-nappa-denim-cut-01-de960fc3b6.png,1,Light Brown Nappa Denim Cut Size 48,FALSE,Light Brown Nappa Denim Cut Size 48,"Blending classic denim-inspired design with the luxurious texture of Nappa leather, this Light Brown Leather Jacketoffers a refined take on casual outerwear. With its structured silhouette and premium finish, it’s a versatile piece that complements both casual and elevated looks. Features: ◦ Premium Nappa Leather – Sof",,,,,new,,,,,,draft
lite-pro,Lite Pro,Lite Pro is suitable for carrying all your gear with a fashionable modern look that’ll give you the confidence to carry on with your day. Features:– 100% handcrafted– 16″ Macbook Pro M1 Size– Full-grain leather and Waxed Canvas– Adjustable shoulder strap– Fairtrade made– YKK Zippers– Machine Stitched,Joe's Venture,,Backpacks,,FALSE,Option 1,Forest,,,,,LP,0,shopify,,deny,manual,141.00,,TRUE,TRUE,,,,,FALSE,Lite Pro,Lite Pro is suitable for carrying all your gear with a fashionable modern look that’ll give you the confidence to carry on with your day. Features:– 100% handcrafted– 16″ Macbook Pro M1 Size– Full-grain leather and Waxed Canvas– Adjustable shoulder strap– Fairtrade made– YKK Zippers– Machine Stitched,,,,,new,,,,,,draft
lite-pro,Lite Pro,Lite Pro is suitable for carrying all your gear with a fashionable modern look that’ll give you the confidence to carry on with your day. Features:– 100% handcrafted– 16″ Macbook Pro M1 Size– Full-grain leather and Waxed Canvas– Adjustable shoulder strap– Fairtrade made– YKK Zippers– Machine Stitched,Joe's Venture,,Backpacks,,FALSE,Option 1,Black,,,,,LP-2,0,shopify,,deny,manual,141.00,,TRUE,TRUE,,,,,FALSE,Lite Pro,Lite Pro is suitable for carrying all your gear with a fashionable modern look that’ll give you the confidence to carry on with your day. Features:– 100% handcrafted– 16″ Macbook Pro M1 Size– Full-grain leather and Waxed Canvas– Adjustable shoulder strap– Fairtrade made– YKK Zippers– Machine Stitched,,,,,new,,,,,,draft
long-wallet,No.1 Vintage Leather Long Wallet,"The Vintage Leather Long Wallet is crafted from high-quality pull-up leather. It features Eight card slots and two cash compartments, offering slim, portable, and handy storage for all your essentials.",Joe's Venture,,Wallets,,FALSE,Option 1,Buck Brown,,,,,JV-W-H-LW1-BB-0,,,,deny,manual,1600.00,,TRUE,TRUE,,,,,FALSE,No.1 Vintage Leather Long Wallet,"The Vintage Leather Long Wallet is crafted from high-quality pull-up leather. It features Eight card slots and two cash compartments, offering slim, portable, and handy storage for all your essentials.",,,,,new,,,,,,draft
long-wallet,No.1 Vintage Leather Long Wallet,"The Vintage Leather Long Wallet is crafted from high-quality pull-up leather. It features Eight card slots and two cash compartments, offering slim, portable, and handy storage for all your essentials.",Joe's Venture,,Wallets,,FALSE,Option 1,Coffee Brown,,,,,JV-W-H-LW1-CB-0,,,,deny,manual,1600.00,,TRUE,TRUE,,,,,FALSE,No.1 Vintage Leather Long Wallet,"The Vintage Leather Long Wallet is crafted from high-quality pull-up leather. It features Eight card slots and two cash compartments, offering slim, portable, and handy storage for all your essentials.",,,,,new,,,,,,draft
long-wallet,No.1 Vintage Leather Long Wallet,"The Vintage Leather Long Wallet is crafted from high-quality pull-up leather. It features Eight card slots and two cash compartments, offering slim, portable, and handy storage for all your essentials.",Joe's Venture,,Wallets,,FALSE,Option 1,Ghost Black,,,,,JV-W-H-LW1-GB-0,,,,deny,manual,1600.00,,TRUE,TRUE,,,,,FALSE,No.1 Vintage Leather Long Wallet,"The Vintage Leather Long Wallet is crafted from high-quality pull-up leather. It features Eight card slots and two cash compartments, offering slim, portable, and handy storage for all your essentials.",,,,,new,,,,,,draft
long-wallet,No.1 Vintage Leather Long Wallet,"The Vintage Leather Long Wallet is crafted from high-quality pull-up leather. It features Eight card slots and two cash compartments, offering slim, portable, and handy storage for all your essentials.",Joe's Venture,,Wallets,,FALSE,Option 1,Limited edition,,,,,JV-W-H-LW1-LE-0,,,,deny,manual,1600.00,,TRUE,TRUE,,,,,FALSE,No.1 Vintage Leather Long Wallet,"The Vintage Leather Long Wallet is crafted from high-quality pull-up leather. It features Eight card slots and two cash compartments, offering slim, portable, and handy storage for all your essentials.",,,,,new,,,,,,draft
long-wallet,,,,,,,,,,,,,,,,,,,,,,,,,https://16.192.29.174.nip.io/assets/recovery/joes-venture/images/long-wallet-02-2547396a7f.png,2,No.1 Vintage Leather Long Wallet,,,,,,,,,,,,,,
long-wallet,,,,,,,,,,,,,,,,,,,,,,,,,https://16.192.29.174.nip.io/assets/recovery/joes-venture/images/long-wallet-03-0e3448912e.png,3,No.1 Vintage Leather Long Wallet,,,,,,,,,,,,,,
long-wallet-no-2,No.2 Leather Vintage Long Wallet,"The Vintage Leather Long Wallet is crafted from high-quality pull-up leather. It features Twelve card slots and two cash compartments, and a zipped slot offering slim, portable, and handy storage for all your essentials.",Joe's Venture,,Wallets,,FALSE,Option 1,Buck Brown,,,,,JV-W-H-LWP1-BB-0,0,shopify,,deny,manual,2200.00,,TRUE,TRUE,,,,,FALSE,No.2 Leather Vintage Long Wallet,"The Vintage Leather Long Wallet is crafted from high-quality pull-up leather. It features Twelve card slots and two cash compartments, and a zipped slot offering slim, portable, and handy storage for all your essentials.",,,,,new,,,,,,draft
long-wallet-no-2,No.2 Leather Vintage Long Wallet,"The Vintage Leather Long Wallet is crafted from high-quality pull-up leather. It features Twelve card slots and two cash compartments, and a zipped slot offering slim, portable, and handy storage for all your essentials.",Joe's Venture,,Wallets,,FALSE,Option 1,Coffee Brown,,,,,JV-W-H-LWP1-CB-0,0,shopify,,deny,manual,2200.00,,TRUE,TRUE,,,,,FALSE,No.2 Leather Vintage Long Wallet,"The Vintage Leather Long Wallet is crafted from high-quality pull-up leather. It features Twelve card slots and two cash compartments, and a zipped slot offering slim, portable, and handy storage for all your essentials.",,,,,new,,,,,,draft
long-wallet-no-2,No.2 Leather Vintage Long Wallet,"The Vintage Leather Long Wallet is crafted from high-quality pull-up leather. It features Twelve card slots and two cash compartments, and a zipped slot offering slim, portable, and handy storage for all your essentials.",Joe's Venture,,Wallets,,FALSE,Option 1,Ghost Black,,,,,JV-W-H-LWP1-GB-0,0,shopify,,deny,manual,2200.00,,TRUE,TRUE,,,,,FALSE,No.2 Leather Vintage Long Wallet,"The Vintage Leather Long Wallet is crafted from high-quality pull-up leather. It features Twelve card slots and two cash compartments, and a zipped slot offering slim, portable, and handy storage for all your essentials.",,,,,new,,,,,,draft
long-wallet-no-2,No.2 Leather Vintage Long Wallet,"The Vintage Leather Long Wallet is crafted from high-quality pull-up leather. It features Twelve card slots and two cash compartments, and a zipped slot offering slim, portable, and handy storage for all your essentials.",Joe's Venture,,Wallets,,FALSE,Option 1,Limited Edition,,,,,JV-W-H-LWP1-LE-0,0,shopify,,deny,manual,2200.00,,TRUE,TRUE,,,,,FALSE,No.2 Leather Vintage Long Wallet,"The Vintage Leather Long Wallet is crafted from high-quality pull-up leather. It features Twelve card slots and two cash compartments, and a zipped slot offering slim, portable, and handy storage for all your essentials.",,,,,new,,,,,,draft
luggage-tag,Luggage tag,,Joe's Venture,,Luggage Tags,,FALSE,Option 1,Buck Brown,,,,,,,,,deny,manual,350.00,,TRUE,TRUE,,,,,FALSE,Luggage tag,,,,,,new,,,,,,draft
luggage-tag,Luggage tag,,Joe's Venture,,Luggage Tags,,FALSE,Option 1,Coffee Brown,,,,,,,,,deny,manual,350.00,,TRUE,TRUE,,,,,FALSE,Luggage tag,,,,,,new,,,,,,draft
luggage-tag,Luggage tag,,Joe's Venture,,Luggage Tags,,FALSE,Option 1,Green,,,,,,,,,deny,manual,350.00,,TRUE,TRUE,,,,,FALSE,Luggage tag,,,,,,new,,,,,,draft
macbook-sleeve,Macbook Sleeve,"The JLG Macbook sleeve comes in various colors and sizes, Made from the highest quality full grain leather. The sleeve has a second slot to carry a notebook or other documents",Joe's Venture,,Apparel & Accessories,,FALSE,Option 1,BuckBrown,Option 2,"11""",,,Sleeve1,,,,deny,manual,1500.00,,TRUE,TRUE,,https://16.192.29.174.nip.io/assets/recovery/joes-venture/images/macbook-sleeve-01-f6c6eee91b.jpg,1,Macbook Sleeve,FALSE,Macbook Sleeve,"The JLG Macbook sleeve comes in various colors and sizes, Made from the highest quality full grain leather. The sleeve has a second slot to carry a notebook or other documents",,,,,new,,,,,,draft
macbook-sleeve,Macbook Sleeve,"The JLG Macbook sleeve comes in various colors and sizes, Made from the highest quality full grain leather. The sleeve has a second slot to carry a notebook or other documents",Joe's Venture,,Apparel & Accessories,,FALSE,Option 1,BuckBrown,Option 2,"13""",,,Sleeve2,,,,deny,manual,1700.00,,TRUE,TRUE,,,,,FALSE,Macbook Sleeve,"The JLG Macbook sleeve comes in various colors and sizes, Made from the highest quality full grain leather. The sleeve has a second slot to carry a notebook or other documents",,,,,new,,,,,,draft
macbook-sleeve,Macbook Sleeve,"The JLG Macbook sleeve comes in various colors and sizes, Made from the highest quality full grain leather. The sleeve has a second slot to carry a notebook or other documents",Joe's Venture,,Apparel & Accessories,,FALSE,Option 1,BuckBrown,Option 2,"15""",,,Sleeve3,,,,deny,manual,1900.00,,TRUE,TRUE,,,,,FALSE,Macbook Sleeve,"The JLG Macbook sleeve comes in various colors and sizes, Made from the highest quality full grain leather. The sleeve has a second slot to carry a notebook or other documents",,,,,new,,,,,,draft
macbook-sleeve,Macbook Sleeve,"The JLG Macbook sleeve comes in various colors and sizes, Made from the highest quality full grain leather. The sleeve has a second slot to carry a notebook or other documents",Joe's Venture,,Apparel & Accessories,,FALSE,Option 1,BuckBrown,Option 2,"16""M1",,,Sleeve4,,,,deny,manual,2100.00,,TRUE,TRUE,,,,,FALSE,Macbook Sleeve,"The JLG Macbook sleeve comes in various colors and sizes, Made from the highest quality full grain leather. The sleeve has a second slot to carry a notebook or other documents",,,,,new,,,,,,draft
macbook-sleeve,Macbook Sleeve,"The JLG Macbook sleeve comes in various colors and sizes, Made from the highest quality full grain leather. The sleeve has a second slot to carry a notebook or other documents",Joe's Venture,,Apparel & Accessories,,FALSE,Option 1,CoffeeBrown,Option 2,"11""",,,Sleeve5,,,,deny,manual,1500.00,,TRUE,TRUE,,,,,FALSE,Macbook Sleeve,"The JLG Macbook sleeve comes in various colors and sizes, Made from the highest quality full grain leather. The sleeve has a second slot to carry a notebook or other documents",,,,,new,,,,,,draft
macbook-sleeve,Macbook Sleeve,"The JLG Macbook sleeve comes in various colors and sizes, Made from the highest quality full grain leather. The sleeve has a second slot to carry a notebook or other documents",Joe's Venture,,Apparel & Accessories,,FALSE,Option 1,CoffeeBrown,Option 2,"13""",,,Sleeve6,,,,deny,manual,1700.00,,TRUE,TRUE,,,,,FALSE,Macbook Sleeve,"The JLG Macbook sleeve comes in various colors and sizes, Made from the highest quality full grain leather. The sleeve has a second slot to carry a notebook or other documents",,,,,new,,,,,,draft
macbook-sleeve,Macbook Sleeve,"The JLG Macbook sleeve comes in various colors and sizes, Made from the highest quality full grain leather. The sleeve has a second slot to carry a notebook or other documents",Joe's Venture,,Apparel & Accessories,,FALSE,Option 1,CoffeeBrown,Option 2,"15""",,,Sleeve7,,,,deny,manual,1900.00,,TRUE,TRUE,,,,,FALSE,Macbook Sleeve,"The JLG Macbook sleeve comes in various colors and sizes, Made from the highest quality full grain leather. The sleeve has a second slot to carry a notebook or other documents",,,,,new,,,,,,draft
macbook-sleeve,Macbook Sleeve,"The JLG Macbook sleeve comes in various colors and sizes, Made from the highest quality full grain leather. The sleeve has a second slot to carry a notebook or other documents",Joe's Venture,,Apparel & Accessories,,FALSE,Option 1,CoffeeBrown,Option 2,"16""M1",,,Sleeve8,,,,deny,manual,2100.00,,TRUE,TRUE,,,,,FALSE,Macbook Sleeve,"The JLG Macbook sleeve comes in various colors and sizes, Made from the highest quality full grain leather. The sleeve has a second slot to carry a notebook or other documents",,,,,new,,,,,,draft
macbook-sleeve,Macbook Sleeve,"The JLG Macbook sleeve comes in various colors and sizes, Made from the highest quality full grain leather. The sleeve has a second slot to carry a notebook or other documents",Joe's Venture,,Apparel & Accessories,,FALSE,Option 1,GhostBlach,Option 2,"11""",,,Sleeve9,,,,deny,manual,1500.00,,TRUE,TRUE,,,,,FALSE,Macbook Sleeve,"The JLG Macbook sleeve comes in various colors and sizes, Made from the highest quality full grain leather. The sleeve has a second slot to carry a notebook or other documents",,,,,new,,,,,,draft
macbook-sleeve,Macbook Sleeve,"The JLG Macbook sleeve comes in various colors and sizes, Made from the highest quality full grain leather. The sleeve has a second slot to carry a notebook or other documents",Joe's Venture,,Apparel & Accessories,,FALSE,Option 1,GhostBlach,Option 2,"13""",,,Sleeve10,,,,deny,manual,1700.00,,TRUE,TRUE,,,,,FALSE,Macbook Sleeve,"The JLG Macbook sleeve comes in various colors and sizes, Made from the highest quality full grain leather. The sleeve has a second slot to carry a notebook or other documents",,,,,new,,,,,,draft
macbook-sleeve,Macbook Sleeve,"The JLG Macbook sleeve comes in various colors and sizes, Made from the highest quality full grain leather. The sleeve has a second slot to carry a notebook or other documents",Joe's Venture,,Apparel & Accessories,,FALSE,Option 1,GhostBlach,Option 2,"15""",,,Sleeve11,,,,deny,manual,1900.00,,TRUE,TRUE,,,,,FALSE,Macbook Sleeve,"The JLG Macbook sleeve comes in various colors and sizes, Made from the highest quality full grain leather. The sleeve has a second slot to carry a notebook or other documents",,,,,new,,,,,,draft
macbook-sleeve,Macbook Sleeve,"The JLG Macbook sleeve comes in various colors and sizes, Made from the highest quality full grain leather. The sleeve has a second slot to carry a notebook or other documents",Joe's Venture,,Apparel & Accessories,,FALSE,Option 1,GhostBlach,Option 2,"16""M1",,,Sleeve12,,,,deny,manual,2100.00,,TRUE,TRUE,,,,,FALSE,Macbook Sleeve,"The JLG Macbook sleeve comes in various colors and sizes, Made from the highest quality full grain leather. The sleeve has a second slot to carry a notebook or other documents",,,,,new,,,,,,draft
messenger-bag,Waxed canvas Messenger bag,"Designed with your convenience in mind, of both full grain leather and waxed canvas our messenger bag boasts a designated space to securely house your 15"" MacBook, ensuring your device stays safe and protected on the go. Additionally, an inner zipper pocket provides a secure spot for storing smaller essentials like keys, wallets, or pens, keeping them within easy reach whenever you need them. Organization is effortless with our messenger bag, featuring two spacious inner compartments that provide ample room to keep your belongings neatly organized. Whether you're carrying documents, notebooks, or personal items, everything has its place, allowing for hassle-free access whenever you need it. For added convenience, we've included an outer compartment that offers quick access to items you need on the fly, such as your smartphone or travel card. Say goodbye to fumbling through your bag—now, everything you need is right at your fingertips.",Joe's Venture,,Backpacks,,FALSE,Option 1,Black,,,,,WCB MSN GB,0,shopify,,deny,manual,3200.00,,TRUE,TRUE,06831579179562,https://16.192.29.174.nip.io/assets/recovery/joes-venture/images/messenger-bag-01-ecb0c58ef5.jpg,1,Waxed canvas Messenger bag,FALSE,Waxed canvas Messenger bag,"Designed with your convenience in mind, of both full grain leather and waxed canvas our messenger bag boasts a designated space to securely house your 15"" MacBook, ensuring your device stays safe and protected on the go. Additionally, an inner zipper pocket provides a secure spot for storing smaller essentials like key",,,,,new,,,,,,draft
messenger-bag,Waxed canvas Messenger bag,"Designed with your convenience in mind, of both full grain leather and waxed canvas our messenger bag boasts a designated space to securely house your 15"" MacBook, ensuring your device stays safe and protected on the go. Additionally, an inner zipper pocket provides a secure spot for storing smaller essentials like keys, wallets, or pens, keeping them within easy reach whenever you need them. Organization is effortless with our messenger bag, featuring two spacious inner compartments that provide ample room to keep your belongings neatly organized. Whether you're carrying documents, notebooks, or personal items, everything has its place, allowing for hassle-free access whenever you need it. For added convenience, we've included an outer compartment that offers quick access to items you need on the fly, such as your smartphone or travel card. Say goodbye to fumbling through your bag—now, everything you need is right at your fingertips.",Joe's Venture,,Backpacks,,FALSE,Option 1,Brown/Forrest green,,,,,WCB MSN CB,0,shopify,,deny,manual,3200.00,,TRUE,TRUE,06831579212330,,,,FALSE,Waxed canvas Messenger bag,"Designed with your convenience in mind, of both full grain leather and waxed canvas our messenger bag boasts a designated space to securely house your 15"" MacBook, ensuring your device stays safe and protected on the go. Additionally, an inner zipper pocket provides a secure spot for storing smaller essentials like key",,,,,new,,,,,,draft
no-1,CÁNE No.1 - Le Carré,"An emblem of quiet power. Crafted from premium full-grain leather and handwoven cane, this tote holds its sculptural shape with effortless grace. Spacious yet refined, it carries your essentials with intention. Designed for the woman who commands presence without saying a word. This bag is crafted exclusively for you upon order. Lead time to make 4-6 weeks.",Joe's Venture,,Clutch Bags,,FALSE,Title,Default Title,,,,,JV-B-C-LC1-BB-0,,,,deny,manual,7500.00,,TRUE,TRUE,,https://16.192.29.174.nip.io/assets/recovery/joes-venture/images/no-1-01-c430c6517b.png,1,CÁNE No.1 - Le Carré,FALSE,CÁNE No.1 - Le Carré,"An emblem of quiet power. Crafted from premium full-grain leather and handwoven cane, this tote holds its sculptural shape with effortless grace. Spacious yet refined, it carries your essentials with intention. Designed for the woman who commands presence without saying a word. This bag is crafted exclusively for you u",,,,,new,,,,,,draft
no-2,CÁNE No.2 - La Promenade,"Light and spacious, crafted from natural cane with supple leather straps. Designed for seamless transitions, from sunlit mornings to relaxed afternoons. This tote is the perfect balance of refined simplicity and understated luxury. This bag is crafted exclusively for you upon order. Lead time to make 4-6 weeks.",Joe's Venture,,Clutch Bags,,FALSE,Title,Default Title,,,,,JV-B-C-LP1-BB-0,,,,deny,manual,6900.00,,TRUE,TRUE,,,,,FALSE,CÁNE No.2 - La Promenade,"Light and spacious, crafted from natural cane with supple leather straps. Designed for seamless transitions, from sunlit mornings to relaxed afternoons. This tote is the perfect balance of refined simplicity and understated luxury. This bag is crafted exclusively for you upon order. Lead time to make 4-6 weeks.",,,,,new,,,,,,draft
no-3,CÁNE No.3 - Le Voyageur,"Understated luxury in motion. A soft cane weave meets fine leather in a sleek drawstring silhouette with a crossbody strap. Compact but capacious enough for your essentials, it’s made to flow with your day. From wandering cityscapes to golden-hour escapes. This bag is crafted exclusively for you upon order. Lead time to make 4-6 weeks.",Joe's Venture,,Clutch Bags,,FALSE,Title,Default Title,,,,,JV-B-C-LV1-BB-0,,,,deny,manual,6400.00,,TRUE,TRUE,,,,,FALSE,CÁNE No.3 - Le Voyageur,"Understated luxury in motion. A soft cane weave meets fine leather in a sleek drawstring silhouette with a crossbody strap. Compact but capacious enough for your essentials, it’s made to flow with your day. From wandering cityscapes to golden-hour escapes. This bag is crafted exclusively for you upon order. Lead time t",,,,,new,,,,,,draft
nomad-fanny-pack,Nomad fanny pack,,Joe's Venture,,,,FALSE,Option 1,Buck brown,,,,,,0,shopify,,deny,manual,2200.00,,TRUE,TRUE,,https://16.192.29.174.nip.io/assets/recovery/joes-venture/images/nomad-fanny-pack-01-e30771cd24.jpg,1,Nomad fanny pack,FALSE,Nomad fanny pack,,,,,,new,,,,,,draft
nomad-fanny-pack,Nomad fanny pack,,Joe's Venture,,,,FALSE,Option 1,Black,,,,,,0,shopify,,deny,manual,2200.00,,TRUE,TRUE,,,,,FALSE,Nomad fanny pack,,,,,,new,,,,,,draft
nomad-fanny-pack,,,,,,,,,,,,,,,,,,,,,,,,,https://16.192.29.174.nip.io/assets/recovery/joes-venture/images/nomad-fanny-pack-02-2f3becda1f.jpg,2,Nomad fanny pack,,,,,,,,,,,,,,
nomad-fanny-pack,,,,,,,,,,,,,,,,,,,,,,,,,https://16.192.29.174.nip.io/assets/recovery/joes-venture/images/nomad-fanny-pack-03-1e99ed9ffd.jpg,3,Nomad fanny pack,,,,,,,,,,,,,,
nomad-tote-bag,Nomad Pebbled Leather Tote Bag with Shoulder Strap,"Elevate your style with our handmade pebbled leather tote bag. Crafted from premium leather, it offers durability, a unique texture, and a rich patina that deepens over time. Inside, multiple pockets provide ample space for your essentials, while the sturdy leather straps ensure comfort and reliability. With its timeless design and polished finish, this tote seamlessly complements any outfit, from casual to business. A perfect blend of elegance and functionality for everyday use.",Joe's Venture,,Shopper Bags,,FALSE,Option 1,Pebbled Brown,,,,,,0,shopify,,deny,manual,4400.00,,TRUE,TRUE,,,,,FALSE,Nomad Pebbled Leather Tote Bag with Shoulder Strap,"Elevate your style with our handmade pebbled leather tote bag. Crafted from premium leather, it offers durability, a unique texture, and a rich patina that deepens over time. Inside, multiple pockets provide ample space for your essentials, while the sturdy leather straps ensure comfort and reliability. With its timele",,,,,new,,,,,,draft
nomad-tote-bag,Nomad Pebbled Leather Tote Bag with Shoulder Strap,"Elevate your style with our handmade pebbled leather tote bag. Crafted from premium leather, it offers durability, a unique texture, and a rich patina that deepens over time. Inside, multiple pockets provide ample space for your essentials, while the sturdy leather straps ensure comfort and reliability. With its timeless design and polished finish, this tote seamlessly complements any outfit, from casual to business. A perfect blend of elegance and functionality for everyday use.",Joe's Venture,,Shopper Bags,,FALSE,Option 1,Pebbled Black,,,,,,0,shopify,,deny,manual,4400.00,,TRUE,TRUE,,,,,FALSE,Nomad Pebbled Leather Tote Bag with Shoulder Strap,"Elevate your style with our handmade pebbled leather tote bag. Crafted from premium leather, it offers durability, a unique texture, and a rich patina that deepens over time. Inside, multiple pockets provide ample space for your essentials, while the sturdy leather straps ensure comfort and reliability. With its timele",,,,,new,,,,,,draft
notebook-insert,Notebook insert,,Joe's Venture,,,,FALSE,Option 1,dot grid,,,,,STN NIN DG,0,shopify,,deny,manual,150.00,,TRUE,TRUE,,,,,FALSE,Notebook insert,,,,,,new,,,,,,draft
notebook-insert,Notebook insert,,Joe's Venture,,,,FALSE,Option 1,grid,,,,,STN NIN G,0,shopify,,deny,manual,150.00,,TRUE,TRUE,,,,,FALSE,Notebook insert,,,,,,new,,,,,,draft
notebook-insert,Notebook insert,,Joe's Venture,,,,FALSE,Option 1,blank,,,,,STN NIN B,0,shopify,,deny,manual,150.00,,TRUE,TRUE,,,,,FALSE,Notebook insert,,,,,,new,,,,,,draft
notebook-insert,Notebook insert,,Joe's Venture,,,,FALSE,Option 1,to do,,,,,STN NIN TD,0,shopify,,deny,manual,150.00,,TRUE,TRUE,,,,,FALSE,Notebook insert,,,,,,new,,,,,,draft
notebook-insert,Notebook insert,,Joe's Venture,,,,FALSE,Option 1,lined,,,,,STN NIN L,0,shopify,,deny,manual,150.00,,TRUE,TRUE,,,,,FALSE,Notebook insert,,,,,,new,,,,,,draft
nubuck-perfecto-leather-jacket,Nubuck Perfecto Leather Jacket,Artisanship is one of Joe’s Leather Goods’ founding principles. It is our asset. We work with the best artisans. We believe it is our duty to take great care of their well-being.,Joe's Venture,,Motorcycle Outerwear,,FALSE,Title,Default Title,,,,,,0,shopify,,deny,manual,32000.00,,TRUE,TRUE,,,,,FALSE,Nubuck Perfecto Leather Jacket,Artisanship is one of Joe’s Leather Goods’ founding principles. It is our asset. We work with the best artisans. We believe it is our duty to take great care of their well-being.,,,,,new,,,,,,draft
oiled-forest-green-cow-classic,Oiled Forest Green Cow Classic Size 52,"Combining bold craftsmanship with refined styling, this Leather Biker Jacket offers a timeless statement piece for any wardrobe. Designed for those who appreciate classic aesthetics with a modern touch, it exudes effortless confidence and versatility. Features include: ◦ Premium Leather Construction – Crafted from high-quality leather, delivering a sleek, durable, and supple feel.◦ Asymmetrical Zip Closure – The iconic angled front zipper enhances the jacket’s signature biker look.◦ Sharp Lapel Collar – Wide, structured lapels add a touch of rebellious sophistication.◦ Functional Zipper Pockets – Thoughtfully placed zippered pockets provide both style and convenience.◦ Comfortable Inner Lining – Fully lined for a smooth, breathable fit, ensuring all-day comfort. Perfect for layering over a casual tee or pairing with tailored pieces, this jacket is a versatile essential for those who appreciate timeless fashion with an edge.",Joe's Venture,,Motorcycle Outerwear,,FALSE,Title,Default Title,,,,,,,,,deny,manual,42000.00,,TRUE,TRUE,,,,,FALSE,Oiled Forest Green Cow Classic Size 52,"Combining bold craftsmanship with refined styling, this Leather Biker Jacket offers a timeless statement piece for any wardrobe. Designed for those who appreciate classic aesthetics with a modern touch, it exudes effortless confidence and versatility. Features include: ◦ Premium Leather Construction – Crafted from high",,,,,new,,,,,,draft
passport-cover,Passport Cover,"This JLG passport Cover is made from the finest of leathers, it is super slim and perfect for traveling. Features:– Burnished and dyed edges– Fair trade made– 1 large slot for loose papers, 1 slots for cards, 1 journal slot, 1 slot for passport",Joe's Venture,,,,FALSE,Option 1,Buck Brown,,,,,PC1,,,,deny,manual,1100.00,,TRUE,TRUE,,https://16.192.29.174.nip.io/assets/recovery/joes-venture/images/passport-cover-01-430c528486.jpg,1,Passport Cover,FALSE,Passport Cover,"This JLG passport Cover is made from the finest of leathers, it is super slim and perfect for traveling. Features:– Burnished and dyed edges– Fair trade made– 1 large slot for loose papers, 1 slots for cards, 1 journal slot, 1 slot for passport",,,,,new,,,,,,draft
passport-cover,Passport Cover,"This JLG passport Cover is made from the finest of leathers, it is super slim and perfect for traveling. Features:– Burnished and dyed edges– Fair trade made– 1 large slot for loose papers, 1 slots for cards, 1 journal slot, 1 slot for passport",Joe's Venture,,,,FALSE,Option 1,Coffee Brown,,,,,PC2,,,,deny,manual,1100.00,,TRUE,TRUE,,,,,FALSE,Passport Cover,"This JLG passport Cover is made from the finest of leathers, it is super slim and perfect for traveling. Features:– Burnished and dyed edges– Fair trade made– 1 large slot for loose papers, 1 slots for cards, 1 journal slot, 1 slot for passport",,,,,new,,,,,,draft
passport-cover,Passport Cover,"This JLG passport Cover is made from the finest of leathers, it is super slim and perfect for traveling. Features:– Burnished and dyed edges– Fair trade made– 1 large slot for loose papers, 1 slots for cards, 1 journal slot, 1 slot for passport",Joe's Venture,,,,FALSE,Option 1,Ghost Black,,,,,PC3,,,,deny,manual,1100.00,,TRUE,TRUE,,,,,FALSE,Passport Cover,"This JLG passport Cover is made from the finest of leathers, it is super slim and perfect for traveling. Features:– Burnished and dyed edges– Fair trade made– 1 large slot for loose papers, 1 slots for cards, 1 journal slot, 1 slot for passport",,,,,new,,,,,,draft
pebbled-mssenger-bag,Pebbled Messenger Bag,"Designed with your convenience in mind, our messenger bag boasts a designated space to securely house your 15"" MacBook, ensuring your device stays safe and protected on the go. Additionally, an inner zipper pocket provides a secure spot for storing smaller essentials like keys, wallets, or pens, keeping them within easy reach whenever you need them. Organization is effortless with our messenger bag, featuring two spacious inner compartments that provide ample room to keep your belongings neatly organized. Whether you're carrying documents, notebooks, or personal items, everything has its place, allowing for hassle-free access whenever you need it. For added convenience, we've included an outer compartment that offers quick access to items you need on the fly, such as your smartphone or travel card. Say goodbye to fumbling through your bag—now, everything you need is right at your fingertips.",Joe's Venture,,,,FALSE,Option 1,Brown,,,,,,,,,deny,manual,6400.00,,TRUE,TRUE,,https://16.192.29.174.nip.io/assets/recovery/joes-venture/images/pebbled-mssenger-bag-01-8ba73dcec6.jpg,1,Pebbled Messenger Bag,FALSE,Pebbled Messenger Bag,"Designed with your convenience in mind, our messenger bag boasts a designated space to securely house your 15"" MacBook, ensuring your device stays safe and protected on the go. Additionally, an inner zipper pocket provides a secure spot for storing smaller essentials like keys, wallets, or pens, keeping them within eas",,,,,new,,,,,,draft
pebbled-mssenger-bag,Pebbled Messenger Bag,"Designed with your convenience in mind, our messenger bag boasts a designated space to securely house your 15"" MacBook, ensuring your device stays safe and protected on the go. Additionally, an inner zipper pocket provides a secure spot for storing smaller essentials like keys, wallets, or pens, keeping them within easy reach whenever you need them. Organization is effortless with our messenger bag, featuring two spacious inner compartments that provide ample room to keep your belongings neatly organized. Whether you're carrying documents, notebooks, or personal items, everything has its place, allowing for hassle-free access whenever you need it. For added convenience, we've included an outer compartment that offers quick access to items you need on the fly, such as your smartphone or travel card. Say goodbye to fumbling through your bag—now, everything you need is right at your fingertips.",Joe's Venture,,,,FALSE,Option 1,Black,,,,,,,,,deny,manual,6400.00,,TRUE,TRUE,,,,,FALSE,Pebbled Messenger Bag,"Designed with your convenience in mind, our messenger bag boasts a designated space to securely house your 15"" MacBook, ensuring your device stays safe and protected on the go. Additionally, an inner zipper pocket provides a secure spot for storing smaller essentials like keys, wallets, or pens, keeping them within eas",,,,,new,,,,,,draft
pebbled-mssenger-bag,Pebbled Messenger Bag,"Designed with your convenience in mind, our messenger bag boasts a designated space to securely house your 15"" MacBook, ensuring your device stays safe and protected on the go. Additionally, an inner zipper pocket provides a secure spot for storing smaller essentials like keys, wallets, or pens, keeping them within easy reach whenever you need them. Organization is effortless with our messenger bag, featuring two spacious inner compartments that provide ample room to keep your belongings neatly organized. Whether you're carrying documents, notebooks, or personal items, everything has its place, allowing for hassle-free access whenever you need it. For added convenience, we've included an outer compartment that offers quick access to items you need on the fly, such as your smartphone or travel card. Say goodbye to fumbling through your bag—now, everything you need is right at your fingertips.",Joe's Venture,,,,FALSE,Title,Default Title,,,,,,,,,deny,manual,6400.0,,TRUE,TRUE,,,,,FALSE,Pebbled Messenger Bag,"Designed with your convenience in mind, our messenger bag boasts a designated space to securely house your 15"" MacBook, ensuring your device stays safe and protected on the go. Additionally, an inner zipper pocket provides a secure spot for storing smaller essentials like keys, wallets, or pens, keeping them within eas",,,,,new,,,,,,draft
pencil-case,Pencil case,"the leather pencil case. Crafted with premium materials and expert craftsmanship, our pencil case combines style and practicality. Perfect for students, artists, or professionals, this sleek and durable case keeps your writing essentials organized and accessible. Elevate your stationery collection with our leather pencil case – a timeless and versatile addition to any workspace.",Joe's Venture,,,,FALSE,Option 1,Ghost black,,,,,STN PNCS GB,0,shopify,,deny,manual,700.00,,TRUE,TRUE,39585028306346,,,,FALSE,Pencil case,"the leather pencil case. Crafted with premium materials and expert craftsmanship, our pencil case combines style and practicality. Perfect for students, artists, or professionals, this sleek and durable case keeps your writing essentials organized and accessible. Elevate your stationery collection with our leather penc",,,,,new,,,,,,draft
pencil-case,Pencil case,"the leather pencil case. Crafted with premium materials and expert craftsmanship, our pencil case combines style and practicality. Perfect for students, artists, or professionals, this sleek and durable case keeps your writing essentials organized and accessible. Elevate your stationery collection with our leather pencil case – a timeless and versatile addition to any workspace.",Joe's Venture,,,,FALSE,Option 1,Buck brown,,,,,STN PNCS BB,0,shopify,,deny,manual,700.00,,TRUE,TRUE,39585028339114,,,,FALSE,Pencil case,"the leather pencil case. Crafted with premium materials and expert craftsmanship, our pencil case combines style and practicality. Perfect for students, artists, or professionals, this sleek and durable case keeps your writing essentials organized and accessible. Elevate your stationery collection with our leather penc",,,,,new,,,,,,draft
pencil-case,Pencil case,"the leather pencil case. Crafted with premium materials and expert craftsmanship, our pencil case combines style and practicality. Perfect for students, artists, or professionals, this sleek and durable case keeps your writing essentials organized and accessible. Elevate your stationery collection with our leather pencil case – a timeless and versatile addition to any workspace.",Joe's Venture,,,,FALSE,Option 1,Coffee brown,,,,,STN PNCS CB,0,shopify,,deny,manual,700.00,,TRUE,TRUE,39585028371882,,,,FALSE,Pencil case,"the leather pencil case. Crafted with premium materials and expert craftsmanship, our pencil case combines style and practicality. Perfect for students, artists, or professionals, this sleek and durable case keeps your writing essentials organized and accessible. Elevate your stationery collection with our leather penc",,,,,new,,,,,,draft
pro-tote,Pro Tote,"Introducing our stylish and functional waxed canvas tote bag with a laptop compartment! Made from rugged and water-resistant materials, this bag is perfect for carrying your laptop and other essentials with you wherever you go. The waxed canvas exterior provides a protective and stylish layer, ensuring your laptop stays safe and dry, while also giving the bag a unique and vintage look. The spacious interior features multiple pockets and compartments, including a padded laptop sleeve that fits laptops up to 13 inches. The bag also has comfortable and sturdy leather handles that make it easy to carry, whether you're commuting to work or running errands around town. The classic and versatile design makes it a perfect accessory for any occasion, from the office to the weekend. Shop our collection of waxed canvas tote bags today and experience the perfect combination of style and functionality!",Joe's Venture,,,,FALSE,Option 1,Forest,,,,,Totex,0,shopify,,deny,manual,121.00,,TRUE,TRUE,,,,,FALSE,Pro Tote,"Introducing our stylish and functional waxed canvas tote bag with a laptop compartment! Made from rugged and water-resistant materials, this bag is perfect for carrying your laptop and other essentials with you wherever you go. The waxed canvas exterior provides a protective and stylish layer, ensuring your laptop stay",,,,,new,,,,,,draft
pro-tote,Pro Tote,"Introducing our stylish and functional waxed canvas tote bag with a laptop compartment! Made from rugged and water-resistant materials, this bag is perfect for carrying your laptop and other essentials with you wherever you go. The waxed canvas exterior provides a protective and stylish layer, ensuring your laptop stays safe and dry, while also giving the bag a unique and vintage look. The spacious interior features multiple pockets and compartments, including a padded laptop sleeve that fits laptops up to 13 inches. The bag also has comfortable and sturdy leather handles that make it easy to carry, whether you're commuting to work or running errands around town. The classic and versatile design makes it a perfect accessory for any occasion, from the office to the weekend. Shop our collection of waxed canvas tote bags today and experience the perfect combination of style and functionality!",Joe's Venture,,,,FALSE,Option 1,Black,,,,,Totex-2,0,shopify,,deny,manual,121.00,,TRUE,TRUE,,,,,FALSE,Pro Tote,"Introducing our stylish and functional waxed canvas tote bag with a laptop compartment! Made from rugged and water-resistant materials, this bag is perfect for carrying your laptop and other essentials with you wherever you go. The waxed canvas exterior provides a protective and stylish layer, ensuring your laptop stay",,,,,new,,,,,,draft
puffed-nappa,Puffed Nappa,"Combining modern design with exceptional comfort, the Puffed Nappa Jacket is a versatile essential that redefines casual sophistication. Crafted from high-quality Nappa leather, this jacket boasts a sleek, quilted design that offers both warmth and timeless style. Features include: A lightweight quilted pattern for a sleek, streamlined silhouette. Premium YKK hardware for zippers, ensuring durability and effortless functionality. A high-neck collar for added protection and a contemporary edge. Side pockets for practicality and a minimalist aesthetic. Adjustable drawstring hem for a personalized fit. Ideal for layering, the Puffed Nappa Jacket seamlessly transitions from brisk mornings to chilly evenings, making it perfect for both city life and weekend escapes. Embrace a refined yet relaxed look with this wardrobe staple.",Joe's Venture,,Coats & Jackets,,FALSE,Title,Default Title,,,,,,,,,deny,manual,0.00,,TRUE,TRUE,,,,,FALSE,Puffed Nappa,"Combining modern design with exceptional comfort, the Puffed Nappa Jacket is a versatile essential that redefines casual sophistication. Crafted from high-quality Nappa leather, this jacket boasts a sleek, quilted design that offers both warmth and timeless style. Features include: A lightweight quilted pattern for a s",,,,,new,,,,,,draft
puffed-nappa-leather-vest,Puffed Nappa Leather Vest,"Discover the perfect balance of warmth and sophistication with the Puffed Nappa Leather Vest. Designed for effortless layering, this vest exudes style and versatility. Features include: Premium Nappa leather construction, offering a smooth texture and a luxurious feel. Padded, puffed design for added insulation and comfort. A sleek, full-zip closure for convenience and a modern finish. High-neck collar to keep you protected from chilly winds. Discreet side pockets for practicality without compromising the clean design. Whether paired with a shirt for casual outings or layered over a sweater for cooler days, this vest adds a contemporary edge to your ensemble. Perfect for transitional weather, it combines functionality with timeless elegance.",Joe's Venture,,Vests,,FALSE,Title,Default Title,,,,,,,,,deny,manual,0.00,,TRUE,TRUE,,,,,FALSE,Puffed Nappa Leather Vest,"Discover the perfect balance of warmth and sophistication with the Puffed Nappa Leather Vest. Designed for effortless layering, this vest exudes style and versatility. Features include: Premium Nappa leather construction, offering a smooth texture and a luxurious feel. Padded, puffed design for added insulation and com",,,,,new,,,,,,draft
purple-pull-up-no-52-jacket-size-52,Purple Pull up no.52 Jacket  Size 52,"Conquer the unknown in our Purple Pull up no.52 Jacket. Handcrafted with pull up leather and adorned with faux fur, this jacket exudes an adventurous spirit. Complete with YKK Hardware and accessories, it's built to withstand any challenge. Accelerate your style with this fearless piece!",Joe's Venture,,,,FALSE,Title,Default Title,,,,,JKT PULLUP NO52 PURP,0,shopify,,deny,manual,25600.00,,TRUE,TRUE,,https://16.192.29.174.nip.io/assets/recovery/joes-venture/images/purple-pull-up-no-52-jacket-size-52-01-5ad2d213db.jpg,1,Purple Pull up no.52 Jacket  Size 52,FALSE,Purple Pull up no.52 Jacket  Size 52,"Conquer the unknown in our Purple Pull up no.52 Jacket. Handcrafted with pull up leather and adorned with faux fur, this jacket exudes an adventurous spirit. Complete with YKK Hardware and accessories, it's built to withstand any challenge. Accelerate your style with this fearless piece!",,,,,new,,,,,,draft
pyrenees-backpack,"Pyrenees Backpack 16""","This backpack is designed to be a multitasking bag. First of all, it’s unisex, suitable for work, college, trips, and even hiking. It has a variety of inside and outside pockets for all your bits and pieces, and like all our products it is made of full-grain leather, the highest quality, and most desired leather. It features an inside laptop slot that fits a 16″ MacBook pro and a pocket for your items. ** If you are local and wish to pick up your order, please type in “PICKUP” in the discount code dialogue box when checking out. Features:– 100% handcrafted– 16″ Macbook Pro M1 Size– Full-grain leather– Interior pocket with pen loop and sleeve– Adjustable shoulder strap– Fairtrade made– Antique brass hardware– Hand-hammered copper rivets– Machine Stitched",Joe's Venture,,Backpacks,,FALSE,Option 1,Buckbrown,,,,,00x123,,,,deny,manual,4200.00,,TRUE,TRUE,,https://16.192.29.174.nip.io/assets/recovery/joes-venture/images/pyrenees-backpack-01-1ae000364e.jpg,1,"Pyrenees Backpack 16""",FALSE,"Pyrenees Backpack 16""","This backpack is designed to be a multitasking bag. First of all, it’s unisex, suitable for work, college, trips, and even hiking. It has a variety of inside and outside pockets for all your bits and pieces, and like all our products it is made of full-grain leather, the highest quality, and most desired leather. It fe",,,,,new,,,,,,draft
pyrenees-backpack,"Pyrenees Backpack 16""","This backpack is designed to be a multitasking bag. First of all, it’s unisex, suitable for work, college, trips, and even hiking. It has a variety of inside and outside pockets for all your bits and pieces, and like all our products it is made of full-grain leather, the highest quality, and most desired leather. It features an inside laptop slot that fits a 16″ MacBook pro and a pocket for your items. ** If you are local and wish to pick up your order, please type in “PICKUP” in the discount code dialogue box when checking out. Features:– 100% handcrafted– 16″ Macbook Pro M1 Size– Full-grain leather– Interior pocket with pen loop and sleeve– Adjustable shoulder strap– Fairtrade made– Antique brass hardware– Hand-hammered copper rivets– Machine Stitched",Joe's Venture,,Backpacks,,FALSE,Option 1,Coffee brown,,,,,00x124,,,,deny,manual,4200.00,,TRUE,TRUE,,,,,FALSE,"Pyrenees Backpack 16""","This backpack is designed to be a multitasking bag. First of all, it’s unisex, suitable for work, college, trips, and even hiking. It has a variety of inside and outside pockets for all your bits and pieces, and like all our products it is made of full-grain leather, the highest quality, and most desired leather. It fe",,,,,new,,,,,,draft
pyrenees-backpack,"Pyrenees Backpack 16""","This backpack is designed to be a multitasking bag. First of all, it’s unisex, suitable for work, college, trips, and even hiking. It has a variety of inside and outside pockets for all your bits and pieces, and like all our products it is made of full-grain leather, the highest quality, and most desired leather. It features an inside laptop slot that fits a 16″ MacBook pro and a pocket for your items. ** If you are local and wish to pick up your order, please type in “PICKUP” in the discount code dialogue box when checking out. Features:– 100% handcrafted– 16″ Macbook Pro M1 Size– Full-grain leather– Interior pocket with pen loop and sleeve– Adjustable shoulder strap– Fairtrade made– Antique brass hardware– Hand-hammered copper rivets– Machine Stitched",Joe's Venture,,Backpacks,,FALSE,Option 1,Ghost black,,,,,00x125,,,,deny,manual,4200.00,,TRUE,TRUE,,,,,FALSE,"Pyrenees Backpack 16""","This backpack is designed to be a multitasking bag. First of all, it’s unisex, suitable for work, college, trips, and even hiking. It has a variety of inside and outside pockets for all your bits and pieces, and like all our products it is made of full-grain leather, the highest quality, and most desired leather. It fe",,,,,new,,,,,,draft
red-leather-crop-jacket,Red Leather Crop Jacket,"For a bold pop of color and a sleek silhouette, the Red Leather Crop Jacket is the perfect statement piece for any fashion-forward wardrobe. Features include: Premium leather construction for a luxurious, durable finish. Cropped cut that accentuates the waist for a modern, chic silhouette. Single-button closure for a streamlined, sophisticated look. Wide notched collar that adds a classic yet edgy appeal. Long sleeves with a fitted design for a flattering shape. Fully lined interior to ensure comfort and ease of wear. Pair this jacket with high-waisted jeans or a fitted skirt for a head-turning ensemble, day or night.",Joe's Venture,,Coats & Jackets,,FALSE,Title,Default Title,,,,,,,,,deny,manual,0.00,,TRUE,TRUE,,,,,FALSE,Red Leather Crop Jacket,"For a bold pop of color and a sleek silhouette, the Red Leather Crop Jacket is the perfect statement piece for any fashion-forward wardrobe. Features include: Premium leather construction for a luxurious, durable finish. Cropped cut that accentuates the waist for a modern, chic silhouette. Single-button closure for a s",,,,,new,,,,,,draft
shades-cover,Shades cover,"Introducing our exquisitely crafted leather sunglasses cover, where functionality meets style in perfect harmony. Fashioned from premium, full-grain leather, this cover promises durability and timeless elegance. The rich, supple texture of the leather not only adds a touch of luxury but also ensures protection for your beloved sunglasses against scratches and scuffs. Designed with practicality in mind, our sunglasses cover features a sleek and slim profile, making it effortlessly portable for your on-the-go lifestyle. Whether you're strolling through the city streets or jet-setting to exotic destinations, this cover is the ideal companion for your eyewear essentials. Available in a range of sophisticated colors and finishes, our leather sunglasses cover is more than just an accessory—it's a statement piece that reflects your impeccable taste and discerning style. Elevate your eyewear game and protect your investment with this timeless accessory that seamlessly merges fashion with function.",Joe's Venture,,,,FALSE,Option 1,Buck brown,,,,,ACC SUN BB,0,shopify,,deny,manual,600.00,,TRUE,TRUE,23626863433642,https://16.192.29.174.nip.io/assets/recovery/joes-venture/images/shades-cover-01-33bdbd5ad7.jpg,1,Shades cover,FALSE,Shades cover,"Introducing our exquisitely crafted leather sunglasses cover, where functionality meets style in perfect harmony. Fashioned from premium, full-grain leather, this cover promises durability and timeless elegance. The rich, supple texture of the leather not only adds a touch of luxury but also ensures protection for your",,,,,new,,,,,,draft
shades-cover,Shades cover,"Introducing our exquisitely crafted leather sunglasses cover, where functionality meets style in perfect harmony. Fashioned from premium, full-grain leather, this cover promises durability and timeless elegance. The rich, supple texture of the leather not only adds a touch of luxury but also ensures protection for your beloved sunglasses against scratches and scuffs. Designed with practicality in mind, our sunglasses cover features a sleek and slim profile, making it effortlessly portable for your on-the-go lifestyle. Whether you're strolling through the city streets or jet-setting to exotic destinations, this cover is the ideal companion for your eyewear essentials. Available in a range of sophisticated colors and finishes, our leather sunglasses cover is more than just an accessory—it's a statement piece that reflects your impeccable taste and discerning style. Elevate your eyewear game and protect your investment with this timeless accessory that seamlessly merges fashion with function.",Joe's Venture,,,,FALSE,Option 1,Ghost black,,,,,ACC SUN GB,0,shopify,,deny,manual,600.00,,TRUE,TRUE,23626863466410,,,,FALSE,Shades cover,"Introducing our exquisitely crafted leather sunglasses cover, where functionality meets style in perfect harmony. Fashioned from premium, full-grain leather, this cover promises durability and timeless elegance. The rich, supple texture of the leather not only adds a touch of luxury but also ensures protection for your",,,,,new,,,,,,draft
shades-cover,Shades cover,"Introducing our exquisitely crafted leather sunglasses cover, where functionality meets style in perfect harmony. Fashioned from premium, full-grain leather, this cover promises durability and timeless elegance. The rich, supple texture of the leather not only adds a touch of luxury but also ensures protection for your beloved sunglasses against scratches and scuffs. Designed with practicality in mind, our sunglasses cover features a sleek and slim profile, making it effortlessly portable for your on-the-go lifestyle. Whether you're strolling through the city streets or jet-setting to exotic destinations, this cover is the ideal companion for your eyewear essentials. Available in a range of sophisticated colors and finishes, our leather sunglasses cover is more than just an accessory—it's a statement piece that reflects your impeccable taste and discerning style. Elevate your eyewear game and protect your investment with this timeless accessory that seamlessly merges fashion with function.",Joe's Venture,,,,FALSE,Option 1,Coffee brown,,,,,ACC SUN CB,0,shopify,,deny,manual,600.00,,TRUE,TRUE,23626863499178,,,,FALSE,Shades cover,"Introducing our exquisitely crafted leather sunglasses cover, where functionality meets style in perfect harmony. Fashioned from premium, full-grain leather, this cover promises durability and timeless elegance. The rich, supple texture of the leather not only adds a touch of luxury but also ensures protection for your",,,,,new,,,,,,draft
shades-cover,,,,,,,,,,,,,,,,,,,,,,,,,https://16.192.29.174.nip.io/assets/recovery/joes-venture/images/shades-cover-02-43d2c8ea8a.jpg,2,Shades cover,,,,,,,,,,,,,,
shades-cover,,,,,,,,,,,,,,,,,,,,,,,,,https://16.192.29.174.nip.io/assets/recovery/joes-venture/images/shades-cover-03-4985510fd9.jpg,3,Shades cover,,,,,,,,,,,,,,
shades-cover,,,,,,,,,,,,,,,,,,,,,,,,,https://16.192.29.174.nip.io/assets/recovery/joes-venture/images/shades-cover-04-27e0865553.jpg,4,Shades cover,,,,,,,,,,,,,,
stone-washed-brown-lamb-nappa-lapel,Stone Washed Brown Lamb Nappa Lapel size 48,"Unleash your adventurous spirit with our Stone Washed Brown Lamb Nappa Lapel! Handmade with stunning YKK hardware and accessories, this jacket exudes rugged elegance. Featuring a unique stone washed effect, it's the perfect addition to your daring wardrobe. Take the leap and elevate your style!",Joe's Venture,,,,FALSE,Option 1,48,,,,,,0,shopify,,deny,manual,16500.00,,TRUE,TRUE,,,,,FALSE,Stone Washed Brown Lamb Nappa Lapel size 48,"Unleash your adventurous spirit with our Stone Washed Brown Lamb Nappa Lapel! Handmade with stunning YKK hardware and accessories, this jacket exudes rugged elegance. Featuring a unique stone washed effect, it's the perfect addition to your daring wardrobe. Take the leap and elevate your style!",,,,,new,,,,,,draft
stone-washed-brown-lamb-nappa-perfecto,Stone Washed Brown Lamb Nappa Perfecto Size 54,"Conquer the unknown in our Stone Washed Brown Lamb Nappa Perfecto! Handcrafted with bold YKK hardware and accessories, and then stone washed for a unique finish. Blaze your own trail and make a statement with this perfecto jacket!",Joe's Venture,,,,FALSE,Option 1,54,,,,,JKT SWBLNAP PER,0,shopify,,deny,manual,19000.00,,TRUE,TRUE,,https://16.192.29.174.nip.io/assets/recovery/joes-venture/images/stone-washed-brown-lamb-nappa-perfecto-01-203839c69a.jpg,1,Stone Washed Brown Lamb Nappa Perfecto Size 54,FALSE,Stone Washed Brown Lamb Nappa Perfecto Size 54,"Conquer the unknown in our Stone Washed Brown Lamb Nappa Perfecto! Handcrafted with bold YKK hardware and accessories, and then stone washed for a unique finish. Blaze your own trail and make a statement with this perfecto jacket!",,,,,new,,,,,,draft
tailor-made-denim-style-leather-pants,Tailor Made Denim style Leather Pants,Artisanship is one of Joe’s Leather Goods’ founding principles. It is our asset. We work with the best artisans. We believe it is our duty to take great care of their well-being.,Joe's Venture,,Jeans,,FALSE,Title,Default Title,,,,,,0,shopify,,deny,manual,14000.00,,TRUE,TRUE,,,,,FALSE,Tailor Made Denim style Leather Pants,Artisanship is one of Joe’s Leather Goods’ founding principles. It is our asset. We work with the best artisans. We believe it is our duty to take great care of their well-being.,,,,,new,,,,,,draft
the-a5-analog,The A5 Analog,"This is the Large Scribe Journal. Made from the finest of leathers, it is super slim and perfect for on the go documenting/journaling. It can hold a large moleskin notebook soft or hardback (size A5). Features:– Burnished and dyed edges– Fair trade made– 1 large slot for loose papers, 1 large flap for cards or papers, 1 journal slot",Joe's Venture,,Apparel & Accessories,,FALSE,Option 1,BuckBrown,,,,,A51,,,,deny,manual,1000.00,,TRUE,TRUE,,https://16.192.29.174.nip.io/assets/recovery/joes-venture/images/the-a5-analog-01-9860cfb422.jpg,1,The A5 Analog,FALSE,The A5 Analog,"This is the Large Scribe Journal. Made from the finest of leathers, it is super slim and perfect for on the go documenting/journaling. It can hold a large moleskin notebook soft or hardback (size A5). Features:– Burnished and dyed edges– Fair trade made– 1 large slot for loose papers, 1 large flap for cards or papers, ",,,,,new,,,,,,draft
the-a5-analog,The A5 Analog,"This is the Large Scribe Journal. Made from the finest of leathers, it is super slim and perfect for on the go documenting/journaling. It can hold a large moleskin notebook soft or hardback (size A5). Features:– Burnished and dyed edges– Fair trade made– 1 large slot for loose papers, 1 large flap for cards or papers, 1 journal slot",Joe's Venture,,Apparel & Accessories,,FALSE,Option 1,CoffeeBrown,,,,,A52,,,,deny,manual,1000.00,,TRUE,TRUE,,,,,FALSE,The A5 Analog,"This is the Large Scribe Journal. Made from the finest of leathers, it is super slim and perfect for on the go documenting/journaling. It can hold a large moleskin notebook soft or hardback (size A5). Features:– Burnished and dyed edges– Fair trade made– 1 large slot for loose papers, 1 large flap for cards or papers, ",,,,,new,,,,,,draft
the-a5-analog,The A5 Analog,"This is the Large Scribe Journal. Made from the finest of leathers, it is super slim and perfect for on the go documenting/journaling. It can hold a large moleskin notebook soft or hardback (size A5). Features:– Burnished and dyed edges– Fair trade made– 1 large slot for loose papers, 1 large flap for cards or papers, 1 journal slot",Joe's Venture,,Apparel & Accessories,,FALSE,Option 1,GhostBlack,,,,,A53,,,,deny,manual,1000.00,,TRUE,TRUE,,,,,FALSE,The A5 Analog,"This is the Large Scribe Journal. Made from the finest of leathers, it is super slim and perfect for on the go documenting/journaling. It can hold a large moleskin notebook soft or hardback (size A5). Features:– Burnished and dyed edges– Fair trade made– 1 large slot for loose papers, 1 large flap for cards or papers, ",,,,,new,,,,,,draft
the-a5-analog,The A5 Analog,"This is the Large Scribe Journal. Made from the finest of leathers, it is super slim and perfect for on the go documenting/journaling. It can hold a large moleskin notebook soft or hardback (size A5). Features:– Burnished and dyed edges– Fair trade made– 1 large slot for loose papers, 1 large flap for cards or papers, 1 journal slot",Joe's Venture,,Apparel & Accessories,,FALSE,Title,Default Title,,,,,,,,,deny,manual,1000.0,,TRUE,TRUE,,,,,FALSE,The A5 Analog,"This is the Large Scribe Journal. Made from the finest of leathers, it is super slim and perfect for on the go documenting/journaling. It can hold a large moleskin notebook soft or hardback (size A5). Features:– Burnished and dyed edges– Fair trade made– 1 large slot for loose papers, 1 large flap for cards or papers, ",,,,,new,,,,,,draft
the-business-duffle,The Business Duffle,"The business Duffle is great for two days business trip, has a laptop compartment inside made of full grain leather and hand waxed canvas.Features:– 100% handcrafted– Full-grain leather and Hand Waxed Canvas– Interior Laptop compartment–Leather shoulder strap– Fairtrade made– Antique brass hardware– Machine Stitched_ YKK Zippers",Joe's Venture,,Backpacks,,FALSE,Option 1,Forest,,,,,BD,0,shopify,,deny,manual,174.00,,TRUE,TRUE,,https://16.192.29.174.nip.io/assets/recovery/joes-venture/images/the-business-duffle-01-ecded03c56.jpg,1,The Business Duffle,FALSE,The Business Duffle,"The business Duffle is great for two days business trip, has a laptop compartment inside made of full grain leather and hand waxed canvas.Features:– 100% handcrafted– Full-grain leather and Hand Waxed Canvas– Interior Laptop compartment–Leather shoulder strap– Fairtrade made– Antique brass hardware– Machine Stitched_ Y",,,,,new,,,,,,draft
the-business-duffle,The Business Duffle,"The business Duffle is great for two days business trip, has a laptop compartment inside made of full grain leather and hand waxed canvas.Features:– 100% handcrafted– Full-grain leather and Hand Waxed Canvas– Interior Laptop compartment–Leather shoulder strap– Fairtrade made– Antique brass hardware– Machine Stitched_ YKK Zippers",Joe's Venture,,Backpacks,,FALSE,Option 1,Black,,,,,BD-2,0,shopify,,deny,manual,174.00,,TRUE,TRUE,,,,,FALSE,The Business Duffle,"The business Duffle is great for two days business trip, has a laptop compartment inside made of full grain leather and hand waxed canvas.Features:– 100% handcrafted– Full-grain leather and Hand Waxed Canvas– Interior Laptop compartment–Leather shoulder strap– Fairtrade made– Antique brass hardware– Machine Stitched_ Y",,,,,new,,,,,,draft
the-business-duffle,,,,,,,,,,,,,,,,,,,,,,,,,https://16.192.29.174.nip.io/assets/recovery/joes-venture/images/the-business-duffle-02-9579f41b63.jpg,2,The Business Duffle,,,,,,,,,,,,,,
the-business-duffle,,,,,,,,,,,,,,,,,,,,,,,,,https://16.192.29.174.nip.io/assets/recovery/joes-venture/images/the-business-duffle-03-0bd36ffc7d.jpg,3,The Business Duffle,,,,,,,,,,,,,,
the-business-lite,The Business Lite,"Introducing Business Lite, our beautifully crafted waxed canvas laptop bag! Made from rugged and durable materials, this bag is perfect for carrying your laptop and other essentials with you wherever you go. The waxed canvas exterior provides a water-resistant and protective layer, ensuring your laptop stays safe from the elements and scratches. The bag's interior is lined with soft fabric to keep your laptop from getting scratched and features several pockets to help you organize all your important accessories. With adjustable straps and a comfortable handle, you can carry the bag with ease, whether you're commuting to work or traveling across the country. The bag's classic design and high-quality construction make it a versatile and timeless accessory that will last you for years to come. Shop our collection of waxed canvas laptop bags today and take your style and functionality to the next level! Features– 13″Macbook Pro Size– Full-grain leather and waxed canvas– Adjustable shoulder strap– Fairtrade made– Antique brass hardware– Machine Stitched",Joe's Venture,,laptop bag,,FALSE,Option 1,Forrest Green,,,,,lite,0,shopify,,deny,manual,107.00,,TRUE,TRUE,,,,,FALSE,The Business Lite,"Introducing Business Lite, our beautifully crafted waxed canvas laptop bag! Made from rugged and durable materials, this bag is perfect for carrying your laptop and other essentials with you wherever you go. The waxed canvas exterior provides a water-resistant and protective layer, ensuring your laptop stays safe from ",,,,,new,,,,,,draft
the-business-lite,The Business Lite,"Introducing Business Lite, our beautifully crafted waxed canvas laptop bag! Made from rugged and durable materials, this bag is perfect for carrying your laptop and other essentials with you wherever you go. The waxed canvas exterior provides a water-resistant and protective layer, ensuring your laptop stays safe from the elements and scratches. The bag's interior is lined with soft fabric to keep your laptop from getting scratched and features several pockets to help you organize all your important accessories. With adjustable straps and a comfortable handle, you can carry the bag with ease, whether you're commuting to work or traveling across the country. The bag's classic design and high-quality construction make it a versatile and timeless accessory that will last you for years to come. Shop our collection of waxed canvas laptop bags today and take your style and functionality to the next level! Features– 13″Macbook Pro Size– Full-grain leather and waxed canvas– Adjustable shoulder strap– Fairtrade made– Antique brass hardware– Machine Stitched",Joe's Venture,,laptop bag,,FALSE,Option 1,Ghost Black,,,,,Lite2,0,shopify,,deny,manual,107.00,,TRUE,TRUE,,,,,FALSE,The Business Lite,"Introducing Business Lite, our beautifully crafted waxed canvas laptop bag! Made from rugged and durable materials, this bag is perfect for carrying your laptop and other essentials with you wherever you go. The waxed canvas exterior provides a water-resistant and protective layer, ensuring your laptop stays safe from ",,,,,new,,,,,,draft
the-coquin,The Coquina,"Only three pieces were ever made of each Color! Enjoy the exclusivity Elevate your beachside mornings with our exclusive Morning Breakfast Beach Bag. This sophisticated accessory blends real leather and transparent plastic, offering both style and practicality. Designed to seamlessly transition from beachfront lounging to seaside dining, it features spacious compartments and sturdy handles for effortless organization and carrying. Embrace luxury and functionality with every seaside breakfast with our elegant beach bag.",Joe's Venture,,Apparel & Accessories,,FALSE,Option 1,Brown,,,,,BEACH2,0,shopify,,deny,manual,2200.00,,TRUE,TRUE,,,,,FALSE,The Coquina,"Only three pieces were ever made of each Color! Enjoy the exclusivity Elevate your beachside mornings with our exclusive Morning Breakfast Beach Bag. This sophisticated accessory blends real leather and transparent plastic, offering both style and practicality. Designed to seamlessly transition from beachfront lounging",,,,,new,,,,,,draft
the-coquin,The Coquina,"Only three pieces were ever made of each Color! Enjoy the exclusivity Elevate your beachside mornings with our exclusive Morning Breakfast Beach Bag. This sophisticated accessory blends real leather and transparent plastic, offering both style and practicality. Designed to seamlessly transition from beachfront lounging to seaside dining, it features spacious compartments and sturdy handles for effortless organization and carrying. Embrace luxury and functionality with every seaside breakfast with our elegant beach bag.",Joe's Venture,,Apparel & Accessories,,FALSE,Option 1,Blue,,,,,BEACH3,0,shopify,,deny,manual,2200.00,,TRUE,TRUE,,,,,FALSE,The Coquina,"Only three pieces were ever made of each Color! Enjoy the exclusivity Elevate your beachside mornings with our exclusive Morning Breakfast Beach Bag. This sophisticated accessory blends real leather and transparent plastic, offering both style and practicality. Designed to seamlessly transition from beachfront lounging",,,,,new,,,,,,draft
the-coquin,The Coquina,"Only three pieces were ever made of each Color! Enjoy the exclusivity Elevate your beachside mornings with our exclusive Morning Breakfast Beach Bag. This sophisticated accessory blends real leather and transparent plastic, offering both style and practicality. Designed to seamlessly transition from beachfront lounging to seaside dining, it features spacious compartments and sturdy handles for effortless organization and carrying. Embrace luxury and functionality with every seaside breakfast with our elegant beach bag.",Joe's Venture,,Apparel & Accessories,,FALSE,Option 1,Green,,,,,BEACH4,0,shopify,,deny,manual,2200.00,,TRUE,TRUE,,,,,FALSE,The Coquina,"Only three pieces were ever made of each Color! Enjoy the exclusivity Elevate your beachside mornings with our exclusive Morning Breakfast Beach Bag. This sophisticated accessory blends real leather and transparent plastic, offering both style and practicality. Designed to seamlessly transition from beachfront lounging",,,,,new,,,,,,draft
the-coquin,The Coquina,"Only three pieces were ever made of each Color! Enjoy the exclusivity Elevate your beachside mornings with our exclusive Morning Breakfast Beach Bag. This sophisticated accessory blends real leather and transparent plastic, offering both style and practicality. Designed to seamlessly transition from beachfront lounging to seaside dining, it features spacious compartments and sturdy handles for effortless organization and carrying. Embrace luxury and functionality with every seaside breakfast with our elegant beach bag.",Joe's Venture,,Apparel & Accessories,,FALSE,Option 1,Aubergine,,,,,BEACH5,0,shopify,,deny,manual,2200.00,,TRUE,TRUE,,,,,FALSE,The Coquina,"Only three pieces were ever made of each Color! Enjoy the exclusivity Elevate your beachside mornings with our exclusive Morning Breakfast Beach Bag. This sophisticated accessory blends real leather and transparent plastic, offering both style and practicality. Designed to seamlessly transition from beachfront lounging",,,,,new,,,,,,draft
the-coral,The Coral,"Only three pieces were ever made of each Color! Enjoy the exclusivity Discover the essence of seaside elegance with our Morning Brunch Beach Bag. Crafted from genuine leather and transparent plastic, this stylish accessory combines luxury with practicality, ideal for both beach outings and morning brunches. Explore its spacious design, thoughtfully detailed compartments, and sturdy handles, perfect for carrying essentials with ease and sophistication. Embrace the blend of modernity and timeless charm in every outing with our exquisite beach bag.",Joe's Venture,,Shopper Bags,,FALSE,Option 1,Blue,,,,,Beach1,0,shopify,,deny,manual,2600.00,,TRUE,TRUE,,,,,FALSE,The Coral,"Only three pieces were ever made of each Color! Enjoy the exclusivity Discover the essence of seaside elegance with our Morning Brunch Beach Bag. Crafted from genuine leather and transparent plastic, this stylish accessory combines luxury with practicality, ideal for both beach outings and morning brunches. Explore its",,,,,new,,,,,,draft
the-coral,The Coral,"Only three pieces were ever made of each Color! Enjoy the exclusivity Discover the essence of seaside elegance with our Morning Brunch Beach Bag. Crafted from genuine leather and transparent plastic, this stylish accessory combines luxury with practicality, ideal for both beach outings and morning brunches. Explore its spacious design, thoughtfully detailed compartments, and sturdy handles, perfect for carrying essentials with ease and sophistication. Embrace the blend of modernity and timeless charm in every outing with our exquisite beach bag.",Joe's Venture,,Shopper Bags,,FALSE,Option 1,Green,,,,,Beach2,0,shopify,,deny,manual,2600.00,,TRUE,TRUE,,,,,FALSE,The Coral,"Only three pieces were ever made of each Color! Enjoy the exclusivity Discover the essence of seaside elegance with our Morning Brunch Beach Bag. Crafted from genuine leather and transparent plastic, this stylish accessory combines luxury with practicality, ideal for both beach outings and morning brunches. Explore its",,,,,new,,,,,,draft
the-coral,The Coral,"Only three pieces were ever made of each Color! Enjoy the exclusivity Discover the essence of seaside elegance with our Morning Brunch Beach Bag. Crafted from genuine leather and transparent plastic, this stylish accessory combines luxury with practicality, ideal for both beach outings and morning brunches. Explore its spacious design, thoughtfully detailed compartments, and sturdy handles, perfect for carrying essentials with ease and sophistication. Embrace the blend of modernity and timeless charm in every outing with our exquisite beach bag.",Joe's Venture,,Shopper Bags,,FALSE,Option 1,Brown,,,,,Beach3,0,shopify,,deny,manual,2600.00,,TRUE,TRUE,,,,,FALSE,The Coral,"Only three pieces were ever made of each Color! Enjoy the exclusivity Discover the essence of seaside elegance with our Morning Brunch Beach Bag. Crafted from genuine leather and transparent plastic, this stylish accessory combines luxury with practicality, ideal for both beach outings and morning brunches. Explore its",,,,,new,,,,,,draft
the-coral,The Coral,"Only three pieces were ever made of each Color! Enjoy the exclusivity Discover the essence of seaside elegance with our Morning Brunch Beach Bag. Crafted from genuine leather and transparent plastic, this stylish accessory combines luxury with practicality, ideal for both beach outings and morning brunches. Explore its spacious design, thoughtfully detailed compartments, and sturdy handles, perfect for carrying essentials with ease and sophistication. Embrace the blend of modernity and timeless charm in every outing with our exquisite beach bag.",Joe's Venture,,Shopper Bags,,FALSE,Option 1,Aubergine,,,,,Beach4,0,shopify,,deny,manual,2600.00,,TRUE,TRUE,,,,,FALSE,The Coral,"Only three pieces were ever made of each Color! Enjoy the exclusivity Discover the essence of seaside elegance with our Morning Brunch Beach Bag. Crafted from genuine leather and transparent plastic, this stylish accessory combines luxury with practicality, ideal for both beach outings and morning brunches. Explore its",,,,,new,,,,,,draft
the-duffle-lite,The duffle lite,"Our Leather Waxed Canvas Lightweight Duffle Bag with One Inside Zipped Pocket and One External Zipped Pocket is a must-have accessory for anyone who wants to travel in style. This duffle bag is crafted from a combination of rugged waxed canvas and elegant leather, creating a unique and stylish look that is both modern and timeless. The spacious interior is perfect for packing clothes, shoes, and other essentials for a weekend getaway. The inside zipped pocket keeps your smaller items organized and secure, while the external zipped pocket provides easy access to your travel documents and other essentials. The lightweight design makes it easy to carry, while the leather handles provide a comfortable grip. The detachable and adjustable shoulder strap allows you to wear the duffle bag across your body or over your shoulder, ensuring maximum comfort and convenience. Whether you're heading out on a weekend trip or just running errands around town, our Leather Waxed Canvas Lightweight Duffle Bag with One Inside Zipped Pocket and One External Zipped Pocket is the perfect accessory. Shop now and experience the perfect balance of form and function!",Joe's Venture,,Duffel Bags,,FALSE,Option 1,Forest,,,,,LD,0,shopify,,deny,manual,107.00,,TRUE,TRUE,,https://16.192.29.174.nip.io/assets/recovery/joes-venture/images/the-duffle-lite-01-7241f4cf30.jpg,1,The duffle lite,FALSE,The duffle lite,"Our Leather Waxed Canvas Lightweight Duffle Bag with One Inside Zipped Pocket and One External Zipped Pocket is a must-have accessory for anyone who wants to travel in style. This duffle bag is crafted from a combination of rugged waxed canvas and elegant leather, creating a unique and stylish look that is both modern ",,,,,new,,,,,,draft
the-duffle-lite,The duffle lite,"Our Leather Waxed Canvas Lightweight Duffle Bag with One Inside Zipped Pocket and One External Zipped Pocket is a must-have accessory for anyone who wants to travel in style. This duffle bag is crafted from a combination of rugged waxed canvas and elegant leather, creating a unique and stylish look that is both modern and timeless. The spacious interior is perfect for packing clothes, shoes, and other essentials for a weekend getaway. The inside zipped pocket keeps your smaller items organized and secure, while the external zipped pocket provides easy access to your travel documents and other essentials. The lightweight design makes it easy to carry, while the leather handles provide a comfortable grip. The detachable and adjustable shoulder strap allows you to wear the duffle bag across your body or over your shoulder, ensuring maximum comfort and convenience. Whether you're heading out on a weekend trip or just running errands around town, our Leather Waxed Canvas Lightweight Duffle Bag with One Inside Zipped Pocket and One External Zipped Pocket is the perfect accessory. Shop now and experience the perfect balance of form and function!",Joe's Venture,,Duffel Bags,,FALSE,Option 1,Black,,,,,LD1,0,shopify,,deny,manual,107.00,,TRUE,TRUE,,,,,FALSE,The duffle lite,"Our Leather Waxed Canvas Lightweight Duffle Bag with One Inside Zipped Pocket and One External Zipped Pocket is a must-have accessory for anyone who wants to travel in style. This duffle bag is crafted from a combination of rugged waxed canvas and elegant leather, creating a unique and stylish look that is both modern ",,,,,new,,,,,,draft
the-duffle-lite,,,,,,,,,,,,,,,,,,,,,,,,,https://16.192.29.174.nip.io/assets/recovery/joes-venture/images/the-duffle-lite-02-083284fe07.jpg,2,The duffle lite,,,,,,,,,,,,,,
the-duffle-lite,,,,,,,,,,,,,,,,,,,,,,,,,https://16.192.29.174.nip.io/assets/recovery/joes-venture/images/the-duffle-lite-03-56ec404878.jpg,3,The duffle lite,,,,,,,,,,,,,,
the-explorer-bag,The Explorer Bag,"The explorer cross bag is a unisex satchel, it has a unique two tones of leather. ideal for minimalists to carry essential for every day use.",Joe's Venture,,,,FALSE,Title,Default Title,,,,,EXPLO,,,,deny,manual,2800.00,,TRUE,TRUE,,https://16.192.29.174.nip.io/assets/recovery/joes-venture/images/the-explorer-bag-01-8a8d24d399.jpg,1,The Explorer Bag,FALSE,The Explorer Bag,"The explorer cross bag is a unisex satchel, it has a unique two tones of leather. ideal for minimalists to carry essential for every day use.",,,,,new,,,,,,draft
the-explorer-bag,The Explorer Bag,"The explorer cross bag is a unisex satchel, it has a unique two tones of leather. ideal for minimalists to carry essential for every day use.",Joe's Venture,,,,FALSE,Title,Default Title,,,,,,,,,deny,manual,2299.0,,TRUE,TRUE,,,,,FALSE,The Explorer Bag,"The explorer cross bag is a unisex satchel, it has a unique two tones of leather. ideal for minimalists to carry essential for every day use.",,,,,new,,,,,,draft
the-fanny-pack,The Fanny Pack,"Our Leather Waxed Canvas Fanny Pack with Three Zipper Pockets and Leather Strap is the ultimate accessory for anyone on the go. This fanny pack is designed to be both practical and stylish, with a unique combination of rugged waxed canvas and elegant leather. The three zipper pockets provide ample storage for all your essentials, including your phone, wallet, and keys. The main compartment is roomy enough to fit larger items, and the two additional pockets keep your smaller items organized and easily accessible. The sturdy leather strap is adjustable, allowing you to wear the fanny pack comfortably around your waist or across your body. The leather accents give the fanny pack a touch of sophistication, while the waxed canvas material ensures it's durable and water-resistant. Whether you're on a hike or running errands around town, our Leather Waxed Canvas Fanny Pack with Three Zipper Pockets and Leather Strap is the perfect companion. It's practical, stylish, and built to last. Shop now and experience the perfect balance of form and function!",Joe's Venture,,fanny pack,,FALSE,Option 1,Forest,,,,,FP,0,shopify,,deny,manual,81.00,,TRUE,TRUE,,https://16.192.29.174.nip.io/assets/recovery/joes-venture/images/the-fanny-pack-01-e8d5da87c5.jpg,1,The Fanny Pack,FALSE,The Fanny Pack,"Our Leather Waxed Canvas Fanny Pack with Three Zipper Pockets and Leather Strap is the ultimate accessory for anyone on the go. This fanny pack is designed to be both practical and stylish, with a unique combination of rugged waxed canvas and elegant leather. The three zipper pockets provide ample storage for all your ",,,,,new,,,,,,draft
the-fanny-pack,The Fanny Pack,"Our Leather Waxed Canvas Fanny Pack with Three Zipper Pockets and Leather Strap is the ultimate accessory for anyone on the go. This fanny pack is designed to be both practical and stylish, with a unique combination of rugged waxed canvas and elegant leather. The three zipper pockets provide ample storage for all your essentials, including your phone, wallet, and keys. The main compartment is roomy enough to fit larger items, and the two additional pockets keep your smaller items organized and easily accessible. The sturdy leather strap is adjustable, allowing you to wear the fanny pack comfortably around your waist or across your body. The leather accents give the fanny pack a touch of sophistication, while the waxed canvas material ensures it's durable and water-resistant. Whether you're on a hike or running errands around town, our Leather Waxed Canvas Fanny Pack with Three Zipper Pockets and Leather Strap is the perfect companion. It's practical, stylish, and built to last. Shop now and experience the perfect balance of form and function!",Joe's Venture,,fanny pack,,FALSE,Option 1,Black,,,,,FP-2,0,shopify,,deny,manual,81.00,,TRUE,TRUE,,,,,FALSE,The Fanny Pack,"Our Leather Waxed Canvas Fanny Pack with Three Zipper Pockets and Leather Strap is the ultimate accessory for anyone on the go. This fanny pack is designed to be both practical and stylish, with a unique combination of rugged waxed canvas and elegant leather. The three zipper pockets provide ample storage for all your ",,,,,new,,,,,,draft
the-fanny-pack,,,,,,,,,,,,,,,,,,,,,,,,,https://16.192.29.174.nip.io/assets/recovery/joes-venture/images/the-fanny-pack-02-31b26823b5.jpg,2,The Fanny Pack,,,,,,,,,,,,,,
the-fanny-pack,,,,,,,,,,,,,,,,,,,,,,,,,https://16.192.29.174.nip.io/assets/recovery/joes-venture/images/the-fanny-pack-03-3d0a97a578.jpg,3,The Fanny Pack,,,,,,,,,,,,,,
the-himalaya-duffle-bag,The Himalaya Duffle Bag,"The Himalaya Duffle Bag, one of the most practical bags. It is designed for all travelers who don’t like to be hustled with many bags while going on a long weekend trip. It has enough space to hold the maximum amount of your clothes and belongings. ** If you are local and wish to pick up your order, please type in “PICKUP” in the discount code dialogue box when checking out. Features:– 100% handcrafted– Full-grain leather– Interior pocket with pen loop and sleeve– Adjustable shoulder strap– Fairtrade made– Antique brass hardware– Hand-hammered copper rivets– Machine Stitched-YKK Excella 8mm Zipper",Joe's Venture,,Duffel Bags,,FALSE,Option 1,BuckBrown,,,,,DUF1,,,,deny,manual,5300.00,,TRUE,TRUE,,https://16.192.29.174.nip.io/assets/recovery/joes-venture/images/the-himalaya-duffle-bag-01-04782fa889.jpg,1,The Himalaya Duffle Bag,FALSE,The Himalaya Duffle Bag,"The Himalaya Duffle Bag, one of the most practical bags. It is designed for all travelers who don’t like to be hustled with many bags while going on a long weekend trip. It has enough space to hold the maximum amount of your clothes and belongings. ** If you are local and wish to pick up your order, please type in “PIC",,,,,new,,,,,,draft
the-himalaya-duffle-bag,The Himalaya Duffle Bag,"The Himalaya Duffle Bag, one of the most practical bags. It is designed for all travelers who don’t like to be hustled with many bags while going on a long weekend trip. It has enough space to hold the maximum amount of your clothes and belongings. ** If you are local and wish to pick up your order, please type in “PICKUP” in the discount code dialogue box when checking out. Features:– 100% handcrafted– Full-grain leather– Interior pocket with pen loop and sleeve– Adjustable shoulder strap– Fairtrade made– Antique brass hardware– Hand-hammered copper rivets– Machine Stitched-YKK Excella 8mm Zipper",Joe's Venture,,Duffel Bags,,FALSE,Option 1,CoffeeBrown,,,,,DUF2,,,,deny,manual,5300.00,,TRUE,TRUE,,,,,FALSE,The Himalaya Duffle Bag,"The Himalaya Duffle Bag, one of the most practical bags. It is designed for all travelers who don’t like to be hustled with many bags while going on a long weekend trip. It has enough space to hold the maximum amount of your clothes and belongings. ** If you are local and wish to pick up your order, please type in “PIC",,,,,new,,,,,,draft
the-himalaya-duffle-bag,The Himalaya Duffle Bag,"The Himalaya Duffle Bag, one of the most practical bags. It is designed for all travelers who don’t like to be hustled with many bags while going on a long weekend trip. It has enough space to hold the maximum amount of your clothes and belongings. ** If you are local and wish to pick up your order, please type in “PICKUP” in the discount code dialogue box when checking out. Features:– 100% handcrafted– Full-grain leather– Interior pocket with pen loop and sleeve– Adjustable shoulder strap– Fairtrade made– Antique brass hardware– Hand-hammered copper rivets– Machine Stitched-YKK Excella 8mm Zipper",Joe's Venture,,Duffel Bags,,FALSE,Option 1,GhostBlack,,,,,DUF3,,,,deny,manual,4800.00,,TRUE,TRUE,,,,,FALSE,The Himalaya Duffle Bag,"The Himalaya Duffle Bag, one of the most practical bags. It is designed for all travelers who don’t like to be hustled with many bags while going on a long weekend trip. It has enough space to hold the maximum amount of your clothes and belongings. ** If you are local and wish to pick up your order, please type in “PIC",,,,,new,,,,,,draft
the-jlg-a6-analog,The JLG A6 Analog,"The JLG A6 Analog is the Small Scribe Journal. Made from the finest of leathers, it is super slim and perfect for on the go documenting/journaling. It can hold a large moleskin notebook soft or hardback (size A6). Features:– Burnished and dyed edges– Fair trade made– 1 large slot for loose papers, 1 large flap for cards or papers, 1 journal slot",Joe's Venture,,Apparel & Accessories,,FALSE,Option 1,BuckBrown,,,,,A61,,,,deny,manual,900.00,,TRUE,TRUE,,https://16.192.29.174.nip.io/assets/recovery/joes-venture/images/the-jlg-a6-analog-01-69fa0d4030.jpg,1,The JLG A6 Analog,FALSE,The JLG A6 Analog,"The JLG A6 Analog is the Small Scribe Journal. Made from the finest of leathers, it is super slim and perfect for on the go documenting/journaling. It can hold a large moleskin notebook soft or hardback (size A6). Features:– Burnished and dyed edges– Fair trade made– 1 large slot for loose papers, 1 large flap for card",,,,,new,,,,,,draft
the-jlg-a6-analog,The JLG A6 Analog,"The JLG A6 Analog is the Small Scribe Journal. Made from the finest of leathers, it is super slim and perfect for on the go documenting/journaling. It can hold a large moleskin notebook soft or hardback (size A6). Features:– Burnished and dyed edges– Fair trade made– 1 large slot for loose papers, 1 large flap for cards or papers, 1 journal slot",Joe's Venture,,Apparel & Accessories,,FALSE,Option 1,CoffeeBrown,,,,,A62,,,,deny,manual,900.00,,TRUE,TRUE,,,,,FALSE,The JLG A6 Analog,"The JLG A6 Analog is the Small Scribe Journal. Made from the finest of leathers, it is super slim and perfect for on the go documenting/journaling. It can hold a large moleskin notebook soft or hardback (size A6). Features:– Burnished and dyed edges– Fair trade made– 1 large slot for loose papers, 1 large flap for card",,,,,new,,,,,,draft
the-jlg-a6-analog,The JLG A6 Analog,"The JLG A6 Analog is the Small Scribe Journal. Made from the finest of leathers, it is super slim and perfect for on the go documenting/journaling. It can hold a large moleskin notebook soft or hardback (size A6). Features:– Burnished and dyed edges– Fair trade made– 1 large slot for loose papers, 1 large flap for cards or papers, 1 journal slot",Joe's Venture,,Apparel & Accessories,,FALSE,Option 1,GhostBlack,,,,,A63,,,,deny,manual,900.00,,TRUE,TRUE,,,,,FALSE,The JLG A6 Analog,"The JLG A6 Analog is the Small Scribe Journal. Made from the finest of leathers, it is super slim and perfect for on the go documenting/journaling. It can hold a large moleskin notebook soft or hardback (size A6). Features:– Burnished and dyed edges– Fair trade made– 1 large slot for loose papers, 1 large flap for card",,,,,new,,,,,,draft
the-jlg-a6-analog,The JLG A6 Analog,"The JLG A6 Analog is the Small Scribe Journal. Made from the finest of leathers, it is super slim and perfect for on the go documenting/journaling. It can hold a large moleskin notebook soft or hardback (size A6). Features:– Burnished and dyed edges– Fair trade made– 1 large slot for loose papers, 1 large flap for cards or papers, 1 journal slot",Joe's Venture,,Apparel & Accessories,,FALSE,Title,Default Title,,,,,,,,,deny,manual,800.0,,TRUE,TRUE,,,,,FALSE,The JLG A6 Analog,"The JLG A6 Analog is the Small Scribe Journal. Made from the finest of leathers, it is super slim and perfect for on the go documenting/journaling. It can hold a large moleskin notebook soft or hardback (size A6). Features:– Burnished and dyed edges– Fair trade made– 1 large slot for loose papers, 1 large flap for card",,,,,new,,,,,,draft
the-jlg-bifold-rever,The JLG Bifold Rever,The JLG – Bifold wallet for the minimalist. It is made from 100% full-grain leather which has a gorgeous rich pull-up. This wallet will last you many years and is handcrafted to ensure maximum quality and durability. Features:– 100% handcrafted– Option of Machine Stitched or Hand Stitched– Fairtrade made– 9 interior card slots which hold 2 cards each– 1 exterior bill slots which holds multiple bills– 1 Picture Slot,Joe's Venture,,,,FALSE,Option 1,Havane,Option 2,Machine Stitch,,,BFR1,,,,deny,manual,1200.00,,TRUE,TRUE,,,,,FALSE,The JLG Bifold Rever,The JLG – Bifold wallet for the minimalist. It is made from 100% full-grain leather which has a gorgeous rich pull-up. This wallet will last you many years and is handcrafted to ensure maximum quality and durability. Features:– 100% handcrafted– Option of Machine Stitched or Hand Stitched– Fairtrade made– 9 interior ca,,,,,new,,,,,,draft
the-jlg-bifold-rever,The JLG Bifold Rever,The JLG – Bifold wallet for the minimalist. It is made from 100% full-grain leather which has a gorgeous rich pull-up. This wallet will last you many years and is handcrafted to ensure maximum quality and durability. Features:– 100% handcrafted– Option of Machine Stitched or Hand Stitched– Fairtrade made– 9 interior card slots which hold 2 cards each– 1 exterior bill slots which holds multiple bills– 1 Picture Slot,Joe's Venture,,,,FALSE,Option 1,Havane,Option 2,Hand Stitch,,,MBFR1,,,,deny,manual,1700.00,,TRUE,TRUE,,,,,FALSE,The JLG Bifold Rever,The JLG – Bifold wallet for the minimalist. It is made from 100% full-grain leather which has a gorgeous rich pull-up. This wallet will last you many years and is handcrafted to ensure maximum quality and durability. Features:– 100% handcrafted– Option of Machine Stitched or Hand Stitched– Fairtrade made– 9 interior ca,,,,,new,,,,,,draft
the-jlg-bifold-rever,The JLG Bifold Rever,The JLG – Bifold wallet for the minimalist. It is made from 100% full-grain leather which has a gorgeous rich pull-up. This wallet will last you many years and is handcrafted to ensure maximum quality and durability. Features:– 100% handcrafted– Option of Machine Stitched or Hand Stitched– Fairtrade made– 9 interior card slots which hold 2 cards each– 1 exterior bill slots which holds multiple bills– 1 Picture Slot,Joe's Venture,,,,FALSE,Option 1,ChocolateBrown,Option 2,Machine Stitch,,,BFR2,,,,deny,manual,1200.00,,TRUE,TRUE,,,,,FALSE,The JLG Bifold Rever,The JLG – Bifold wallet for the minimalist. It is made from 100% full-grain leather which has a gorgeous rich pull-up. This wallet will last you many years and is handcrafted to ensure maximum quality and durability. Features:– 100% handcrafted– Option of Machine Stitched or Hand Stitched– Fairtrade made– 9 interior ca,,,,,new,,,,,,draft
the-jlg-bifold-rever,The JLG Bifold Rever,The JLG – Bifold wallet for the minimalist. It is made from 100% full-grain leather which has a gorgeous rich pull-up. This wallet will last you many years and is handcrafted to ensure maximum quality and durability. Features:– 100% handcrafted– Option of Machine Stitched or Hand Stitched– Fairtrade made– 9 interior card slots which hold 2 cards each– 1 exterior bill slots which holds multiple bills– 1 Picture Slot,Joe's Venture,,,,FALSE,Option 1,ChocolateBrown,Option 2,Hand Stitch,,,MBFR2,,,,deny,manual,1700.00,,TRUE,TRUE,,,,,FALSE,The JLG Bifold Rever,The JLG – Bifold wallet for the minimalist. It is made from 100% full-grain leather which has a gorgeous rich pull-up. This wallet will last you many years and is handcrafted to ensure maximum quality and durability. Features:– 100% handcrafted– Option of Machine Stitched or Hand Stitched– Fairtrade made– 9 interior ca,,,,,new,,,,,,draft
the-jlg-bifold-rever,The JLG Bifold Rever,The JLG – Bifold wallet for the minimalist. It is made from 100% full-grain leather which has a gorgeous rich pull-up. This wallet will last you many years and is handcrafted to ensure maximum quality and durability. Features:– 100% handcrafted– Option of Machine Stitched or Hand Stitched– Fairtrade made– 9 interior card slots which hold 2 cards each– 1 exterior bill slots which holds multiple bills– 1 Picture Slot,Joe's Venture,,,,FALSE,Option 1,ClassicBrown,Option 2,Machine Stitch,,,BFR3,,,,deny,manual,1200.00,,TRUE,TRUE,,,,,FALSE,The JLG Bifold Rever,The JLG – Bifold wallet for the minimalist. It is made from 100% full-grain leather which has a gorgeous rich pull-up. This wallet will last you many years and is handcrafted to ensure maximum quality and durability. Features:– 100% handcrafted– Option of Machine Stitched or Hand Stitched– Fairtrade made– 9 interior ca,,,,,new,,,,,,draft
the-jlg-bifold-rever,The JLG Bifold Rever,The JLG – Bifold wallet for the minimalist. It is made from 100% full-grain leather which has a gorgeous rich pull-up. This wallet will last you many years and is handcrafted to ensure maximum quality and durability. Features:– 100% handcrafted– Option of Machine Stitched or Hand Stitched– Fairtrade made– 9 interior card slots which hold 2 cards each– 1 exterior bill slots which holds multiple bills– 1 Picture Slot,Joe's Venture,,,,FALSE,Option 1,ClassicBrown,Option 2,Hand Stitch,,,MBFR3,,,,deny,manual,1700.00,,TRUE,TRUE,,,,,FALSE,The JLG Bifold Rever,The JLG – Bifold wallet for the minimalist. It is made from 100% full-grain leather which has a gorgeous rich pull-up. This wallet will last you many years and is handcrafted to ensure maximum quality and durability. Features:– 100% handcrafted– Option of Machine Stitched or Hand Stitched– Fairtrade made– 9 interior ca,,,,,new,,,,,,draft
the-jlg-bifold-rever,The JLG Bifold Rever,The JLG – Bifold wallet for the minimalist. It is made from 100% full-grain leather which has a gorgeous rich pull-up. This wallet will last you many years and is handcrafted to ensure maximum quality and durability. Features:– 100% handcrafted– Option of Machine Stitched or Hand Stitched– Fairtrade made– 9 interior card slots which hold 2 cards each– 1 exterior bill slots which holds multiple bills– 1 Picture Slot,Joe's Venture,,,,FALSE,Option 1,Olive,Option 2,Machine Stitch,,,BFR4,,,,deny,manual,1200.00,,TRUE,TRUE,,,,,FALSE,The JLG Bifold Rever,The JLG – Bifold wallet for the minimalist. It is made from 100% full-grain leather which has a gorgeous rich pull-up. This wallet will last you many years and is handcrafted to ensure maximum quality and durability. Features:– 100% handcrafted– Option of Machine Stitched or Hand Stitched– Fairtrade made– 9 interior ca,,,,,new,,,,,,draft
the-jlg-bifold-rever,The JLG Bifold Rever,The JLG – Bifold wallet for the minimalist. It is made from 100% full-grain leather which has a gorgeous rich pull-up. This wallet will last you many years and is handcrafted to ensure maximum quality and durability. Features:– 100% handcrafted– Option of Machine Stitched or Hand Stitched– Fairtrade made– 9 interior card slots which hold 2 cards each– 1 exterior bill slots which holds multiple bills– 1 Picture Slot,Joe's Venture,,,,FALSE,Option 1,Olive,Option 2,Hand Stitch,,,MBFR4,,,,deny,manual,1700.00,,TRUE,TRUE,,,,,FALSE,The JLG Bifold Rever,The JLG – Bifold wallet for the minimalist. It is made from 100% full-grain leather which has a gorgeous rich pull-up. This wallet will last you many years and is handcrafted to ensure maximum quality and durability. Features:– 100% handcrafted– Option of Machine Stitched or Hand Stitched– Fairtrade made– 9 interior ca,,,,,new,,,,,,draft
the-jlg-bifold-rever,The JLG Bifold Rever,The JLG – Bifold wallet for the minimalist. It is made from 100% full-grain leather which has a gorgeous rich pull-up. This wallet will last you many years and is handcrafted to ensure maximum quality and durability. Features:– 100% handcrafted– Option of Machine Stitched or Hand Stitched– Fairtrade made– 9 interior card slots which hold 2 cards each– 1 exterior bill slots which holds multiple bills– 1 Picture Slot,Joe's Venture,,,,FALSE,Title,Default Title,,,,,,,,,deny,manual,1300.0,,TRUE,TRUE,,,,,FALSE,The JLG Bifold Rever,The JLG – Bifold wallet for the minimalist. It is made from 100% full-grain leather which has a gorgeous rich pull-up. This wallet will last you many years and is handcrafted to ensure maximum quality and durability. Features:– 100% handcrafted– Option of Machine Stitched or Hand Stitched– Fairtrade made– 9 interior ca,,,,,new,,,,,,draft
the-jlg-bifold-wallet,The JLG Bifold Wallet,The JLG – Bifold wallet for the minimalist. It is made from 100% full-grain leather which has a gorgeous rich pull-up. This wallet will last you many years and is handcrafted to ensure maximum quality and durability. Features:– 100% handcrafted– Option of Machine Stitched or Hand Stitched– Fairtrade made– 6 interior card slots which hold 2 cards each– 1 exterior bill slots which holds multiple bills,Joe's Venture,,Wallets & Money Clips,,FALSE,Option 1,Havane,Option 2,Machine Stitching,,,BFO1,,,,deny,manual,1000.00,,TRUE,TRUE,,,,,FALSE,The JLG Bifold Wallet,The JLG – Bifold wallet for the minimalist. It is made from 100% full-grain leather which has a gorgeous rich pull-up. This wallet will last you many years and is handcrafted to ensure maximum quality and durability. Features:– 100% handcrafted– Option of Machine Stitched or Hand Stitched– Fairtrade made– 6 interior ca,,,,,new,,,,,,draft
the-jlg-bifold-wallet,The JLG Bifold Wallet,The JLG – Bifold wallet for the minimalist. It is made from 100% full-grain leather which has a gorgeous rich pull-up. This wallet will last you many years and is handcrafted to ensure maximum quality and durability. Features:– 100% handcrafted– Option of Machine Stitched or Hand Stitched– Fairtrade made– 6 interior card slots which hold 2 cards each– 1 exterior bill slots which holds multiple bills,Joe's Venture,,Wallets & Money Clips,,FALSE,Option 1,Havane,Option 2,Hand Stitching,,,BFO2,,,,deny,manual,1400.00,,TRUE,TRUE,,,,,FALSE,The JLG Bifold Wallet,The JLG – Bifold wallet for the minimalist. It is made from 100% full-grain leather which has a gorgeous rich pull-up. This wallet will last you many years and is handcrafted to ensure maximum quality and durability. Features:– 100% handcrafted– Option of Machine Stitched or Hand Stitched– Fairtrade made– 6 interior ca,,,,,new,,,,,,draft
the-jlg-bifold-wallet,The JLG Bifold Wallet,The JLG – Bifold wallet for the minimalist. It is made from 100% full-grain leather which has a gorgeous rich pull-up. This wallet will last you many years and is handcrafted to ensure maximum quality and durability. Features:– 100% handcrafted– Option of Machine Stitched or Hand Stitched– Fairtrade made– 6 interior card slots which hold 2 cards each– 1 exterior bill slots which holds multiple bills,Joe's Venture,,Wallets & Money Clips,,FALSE,Option 1,Brown,Option 2,Machine Stitching,,,BFO3,,,,deny,manual,1000.00,,TRUE,TRUE,,,,,FALSE,The JLG Bifold Wallet,The JLG – Bifold wallet for the minimalist. It is made from 100% full-grain leather which has a gorgeous rich pull-up. This wallet will last you many years and is handcrafted to ensure maximum quality and durability. Features:– 100% handcrafted– Option of Machine Stitched or Hand Stitched– Fairtrade made– 6 interior ca,,,,,new,,,,,,draft
the-jlg-bifold-wallet,The JLG Bifold Wallet,The JLG – Bifold wallet for the minimalist. It is made from 100% full-grain leather which has a gorgeous rich pull-up. This wallet will last you many years and is handcrafted to ensure maximum quality and durability. Features:– 100% handcrafted– Option of Machine Stitched or Hand Stitched– Fairtrade made– 6 interior card slots which hold 2 cards each– 1 exterior bill slots which holds multiple bills,Joe's Venture,,Wallets & Money Clips,,FALSE,Option 1,Brown,Option 2,Hand Stitching,,,BFO4,,,,deny,manual,1400.00,,TRUE,TRUE,,,,,FALSE,The JLG Bifold Wallet,The JLG – Bifold wallet for the minimalist. It is made from 100% full-grain leather which has a gorgeous rich pull-up. This wallet will last you many years and is handcrafted to ensure maximum quality and durability. Features:– 100% handcrafted– Option of Machine Stitched or Hand Stitched– Fairtrade made– 6 interior ca,,,,,new,,,,,,draft
the-jlg-bifold-wallet,The JLG Bifold Wallet,The JLG – Bifold wallet for the minimalist. It is made from 100% full-grain leather which has a gorgeous rich pull-up. This wallet will last you many years and is handcrafted to ensure maximum quality and durability. Features:– 100% handcrafted– Option of Machine Stitched or Hand Stitched– Fairtrade made– 6 interior card slots which hold 2 cards each– 1 exterior bill slots which holds multiple bills,Joe's Venture,,Wallets & Money Clips,,FALSE,Option 1,ClassicBrown,Option 2,Machine Stitching,,,BFO5,,,,deny,manual,1000.00,,TRUE,TRUE,,,,,FALSE,The JLG Bifold Wallet,The JLG – Bifold wallet for the minimalist. It is made from 100% full-grain leather which has a gorgeous rich pull-up. This wallet will last you many years and is handcrafted to ensure maximum quality and durability. Features:– 100% handcrafted– Option of Machine Stitched or Hand Stitched– Fairtrade made– 6 interior ca,,,,,new,,,,,,draft
the-jlg-bifold-wallet,The JLG Bifold Wallet,The JLG – Bifold wallet for the minimalist. It is made from 100% full-grain leather which has a gorgeous rich pull-up. This wallet will last you many years and is handcrafted to ensure maximum quality and durability. Features:– 100% handcrafted– Option of Machine Stitched or Hand Stitched– Fairtrade made– 6 interior card slots which hold 2 cards each– 1 exterior bill slots which holds multiple bills,Joe's Venture,,Wallets & Money Clips,,FALSE,Option 1,ClassicBrown,Option 2,Hand Stitching,,,BFO6,,,,deny,manual,1400.00,,TRUE,TRUE,,,,,FALSE,The JLG Bifold Wallet,The JLG – Bifold wallet for the minimalist. It is made from 100% full-grain leather which has a gorgeous rich pull-up. This wallet will last you many years and is handcrafted to ensure maximum quality and durability. Features:– 100% handcrafted– Option of Machine Stitched or Hand Stitched– Fairtrade made– 6 interior ca,,,,,new,,,,,,draft
the-jlg-bifold-wallet,The JLG Bifold Wallet,The JLG – Bifold wallet for the minimalist. It is made from 100% full-grain leather which has a gorgeous rich pull-up. This wallet will last you many years and is handcrafted to ensure maximum quality and durability. Features:– 100% handcrafted– Option of Machine Stitched or Hand Stitched– Fairtrade made– 6 interior card slots which hold 2 cards each– 1 exterior bill slots which holds multiple bills,Joe's Venture,,Wallets & Money Clips,,FALSE,Option 1,Olive,Option 2,Machine Stitching,,,BFO7,,,,deny,manual,1000.00,,TRUE,TRUE,,,,,FALSE,The JLG Bifold Wallet,The JLG – Bifold wallet for the minimalist. It is made from 100% full-grain leather which has a gorgeous rich pull-up. This wallet will last you many years and is handcrafted to ensure maximum quality and durability. Features:– 100% handcrafted– Option of Machine Stitched or Hand Stitched– Fairtrade made– 6 interior ca,,,,,new,,,,,,draft
the-jlg-bifold-wallet,The JLG Bifold Wallet,The JLG – Bifold wallet for the minimalist. It is made from 100% full-grain leather which has a gorgeous rich pull-up. This wallet will last you many years and is handcrafted to ensure maximum quality and durability. Features:– 100% handcrafted– Option of Machine Stitched or Hand Stitched– Fairtrade made– 6 interior card slots which hold 2 cards each– 1 exterior bill slots which holds multiple bills,Joe's Venture,,Wallets & Money Clips,,FALSE,Option 1,Olive,Option 2,Hand Stitching,,,BFO8,,,,deny,manual,1400.00,,TRUE,TRUE,,,,,FALSE,The JLG Bifold Wallet,The JLG – Bifold wallet for the minimalist. It is made from 100% full-grain leather which has a gorgeous rich pull-up. This wallet will last you many years and is handcrafted to ensure maximum quality and durability. Features:– 100% handcrafted– Option of Machine Stitched or Hand Stitched– Fairtrade made– 6 interior ca,,,,,new,,,,,,draft
the-jlg-bifold-wallet,The JLG Bifold Wallet,The JLG – Bifold wallet for the minimalist. It is made from 100% full-grain leather which has a gorgeous rich pull-up. This wallet will last you many years and is handcrafted to ensure maximum quality and durability. Features:– 100% handcrafted– Option of Machine Stitched or Hand Stitched– Fairtrade made– 6 interior card slots which hold 2 cards each– 1 exterior bill slots which holds multiple bills,Joe's Venture,,Wallets & Money Clips,,FALSE,Option 1,CoffeeBrown,Option 2,Machine Stitching,,,BFO9,,,,deny,manual,1000.00,,TRUE,TRUE,,,,,FALSE,The JLG Bifold Wallet,The JLG – Bifold wallet for the minimalist. It is made from 100% full-grain leather which has a gorgeous rich pull-up. This wallet will last you many years and is handcrafted to ensure maximum quality and durability. Features:– 100% handcrafted– Option of Machine Stitched or Hand Stitched– Fairtrade made– 6 interior ca,,,,,new,,,,,,draft
the-jlg-bifold-wallet,The JLG Bifold Wallet,The JLG – Bifold wallet for the minimalist. It is made from 100% full-grain leather which has a gorgeous rich pull-up. This wallet will last you many years and is handcrafted to ensure maximum quality and durability. Features:– 100% handcrafted– Option of Machine Stitched or Hand Stitched– Fairtrade made– 6 interior card slots which hold 2 cards each– 1 exterior bill slots which holds multiple bills,Joe's Venture,,Wallets & Money Clips,,FALSE,Option 1,CoffeeBrown,Option 2,Hand Stitching,,,BFO10,,,,deny,manual,1400.00,,TRUE,TRUE,,,,,FALSE,The JLG Bifold Wallet,The JLG – Bifold wallet for the minimalist. It is made from 100% full-grain leather which has a gorgeous rich pull-up. This wallet will last you many years and is handcrafted to ensure maximum quality and durability. Features:– 100% handcrafted– Option of Machine Stitched or Hand Stitched– Fairtrade made– 6 interior ca,,,,,new,,,,,,draft
the-jlg-bifold-wallet,The JLG Bifold Wallet,The JLG – Bifold wallet for the minimalist. It is made from 100% full-grain leather which has a gorgeous rich pull-up. This wallet will last you many years and is handcrafted to ensure maximum quality and durability. Features:– 100% handcrafted– Option of Machine Stitched or Hand Stitched– Fairtrade made– 6 interior card slots which hold 2 cards each– 1 exterior bill slots which holds multiple bills,Joe's Venture,,Wallets & Money Clips,,FALSE,Option 1,GhostBlack,Option 2,Machine Stitching,,,BFO11,,,,deny,manual,1000.00,,TRUE,TRUE,,,,,FALSE,The JLG Bifold Wallet,The JLG – Bifold wallet for the minimalist. It is made from 100% full-grain leather which has a gorgeous rich pull-up. This wallet will last you many years and is handcrafted to ensure maximum quality and durability. Features:– 100% handcrafted– Option of Machine Stitched or Hand Stitched– Fairtrade made– 6 interior ca,,,,,new,,,,,,draft
the-jlg-bifold-wallet,The JLG Bifold Wallet,The JLG – Bifold wallet for the minimalist. It is made from 100% full-grain leather which has a gorgeous rich pull-up. This wallet will last you many years and is handcrafted to ensure maximum quality and durability. Features:– 100% handcrafted– Option of Machine Stitched or Hand Stitched– Fairtrade made– 6 interior card slots which hold 2 cards each– 1 exterior bill slots which holds multiple bills,Joe's Venture,,Wallets & Money Clips,,FALSE,Option 1,GhostBlack,Option 2,Hand Stitching,,,BFO15,,,,deny,manual,1400.00,,TRUE,TRUE,,,,,FALSE,The JLG Bifold Wallet,The JLG – Bifold wallet for the minimalist. It is made from 100% full-grain leather which has a gorgeous rich pull-up. This wallet will last you many years and is handcrafted to ensure maximum quality and durability. Features:– 100% handcrafted– Option of Machine Stitched or Hand Stitched– Fairtrade made– 6 interior ca,,,,,new,,,,,,draft
the-jlg-brass-leather-belt,The JLG  Brass Leather Belt,"Made from the finest of leathers, the JLG Brass belt will last you many years. It features an antique Brass rolling belt buckle which makes threading the belt very easy and smooth. It also features hand hammered copper rivets which are extremely durable. It measures 1.5″ wide and comes in any custom length. Please note the length between the beginning of the buckle and your favorite hole. Look at the chart below to see the correct way to measure your belt so that we can make it perfectly fit your waistline.",Joe's Venture,,Belts,,FALSE,Option 1,"30""",Option 2,Tan,,,Tbelt30,,,,deny,manual,700.00,,TRUE,TRUE,,https://16.192.29.174.nip.io/assets/recovery/joes-venture/images/the-jlg-brass-leather-belt-01-bfe138140a.jpg,1,The JLG  Brass Leather Belt,FALSE,The JLG  Brass Leather Belt,"Made from the finest of leathers, the JLG Brass belt will last you many years. It features an antique Brass rolling belt buckle which makes threading the belt very easy and smooth. It also features hand hammered copper rivets which are extremely durable. It measures 1.5″ wide and comes in any custom length. Please note",,,,,new,,,,,,draft
the-jlg-brass-leather-belt,The JLG  Brass Leather Belt,"Made from the finest of leathers, the JLG Brass belt will last you many years. It features an antique Brass rolling belt buckle which makes threading the belt very easy and smooth. It also features hand hammered copper rivets which are extremely durable. It measures 1.5″ wide and comes in any custom length. Please note the length between the beginning of the buckle and your favorite hole. Look at the chart below to see the correct way to measure your belt so that we can make it perfectly fit your waistline.",Joe's Venture,,Belts,,FALSE,Option 1,"30""",Option 2,DarkBrown,,,Bbelt30,,,,deny,manual,700.00,,TRUE,TRUE,,,,,FALSE,The JLG  Brass Leather Belt,"Made from the finest of leathers, the JLG Brass belt will last you many years. It features an antique Brass rolling belt buckle which makes threading the belt very easy and smooth. It also features hand hammered copper rivets which are extremely durable. It measures 1.5″ wide and comes in any custom length. Please note",,,,,new,,,,,,draft
the-jlg-brass-leather-belt,The JLG  Brass Leather Belt,"Made from the finest of leathers, the JLG Brass belt will last you many years. It features an antique Brass rolling belt buckle which makes threading the belt very easy and smooth. It also features hand hammered copper rivets which are extremely durable. It measures 1.5″ wide and comes in any custom length. Please note the length between the beginning of the buckle and your favorite hole. Look at the chart below to see the correct way to measure your belt so that we can make it perfectly fit your waistline.",Joe's Venture,,Belts,,FALSE,Option 1,"30""",Option 2,Black,,,BBBelt1,,,,deny,manual,700.00,,TRUE,TRUE,,,,,FALSE,The JLG  Brass Leather Belt,"Made from the finest of leathers, the JLG Brass belt will last you many years. It features an antique Brass rolling belt buckle which makes threading the belt very easy and smooth. It also features hand hammered copper rivets which are extremely durable. It measures 1.5″ wide and comes in any custom length. Please note",,,,,new,,,,,,draft
the-jlg-brass-leather-belt,The JLG  Brass Leather Belt,"Made from the finest of leathers, the JLG Brass belt will last you many years. It features an antique Brass rolling belt buckle which makes threading the belt very easy and smooth. It also features hand hammered copper rivets which are extremely durable. It measures 1.5″ wide and comes in any custom length. Please note the length between the beginning of the buckle and your favorite hole. Look at the chart below to see the correct way to measure your belt so that we can make it perfectly fit your waistline.",Joe's Venture,,Belts,,FALSE,Option 1,"32""",Option 2,Tan,,,Tbelt32,,,,deny,manual,700.00,,TRUE,TRUE,,,,,FALSE,The JLG  Brass Leather Belt,"Made from the finest of leathers, the JLG Brass belt will last you many years. It features an antique Brass rolling belt buckle which makes threading the belt very easy and smooth. It also features hand hammered copper rivets which are extremely durable. It measures 1.5″ wide and comes in any custom length. Please note",,,,,new,,,,,,draft
the-jlg-brass-leather-belt,The JLG  Brass Leather Belt,"Made from the finest of leathers, the JLG Brass belt will last you many years. It features an antique Brass rolling belt buckle which makes threading the belt very easy and smooth. It also features hand hammered copper rivets which are extremely durable. It measures 1.5″ wide and comes in any custom length. Please note the length between the beginning of the buckle and your favorite hole. Look at the chart below to see the correct way to measure your belt so that we can make it perfectly fit your waistline.",Joe's Venture,,Belts,,FALSE,Option 1,"32""",Option 2,DarkBrown,,,Bbelt32,,,,deny,manual,700.00,,TRUE,TRUE,,,,,FALSE,The JLG  Brass Leather Belt,"Made from the finest of leathers, the JLG Brass belt will last you many years. It features an antique Brass rolling belt buckle which makes threading the belt very easy and smooth. It also features hand hammered copper rivets which are extremely durable. It measures 1.5″ wide and comes in any custom length. Please note",,,,,new,,,,,,draft
the-jlg-brass-leather-belt,The JLG  Brass Leather Belt,"Made from the finest of leathers, the JLG Brass belt will last you many years. It features an antique Brass rolling belt buckle which makes threading the belt very easy and smooth. It also features hand hammered copper rivets which are extremely durable. It measures 1.5″ wide and comes in any custom length. Please note the length between the beginning of the buckle and your favorite hole. Look at the chart below to see the correct way to measure your belt so that we can make it perfectly fit your waistline.",Joe's Venture,,Belts,,FALSE,Option 1,"32""",Option 2,Black,,,BBBelt2,,,,deny,manual,700.00,,TRUE,TRUE,,,,,FALSE,The JLG  Brass Leather Belt,"Made from the finest of leathers, the JLG Brass belt will last you many years. It features an antique Brass rolling belt buckle which makes threading the belt very easy and smooth. It also features hand hammered copper rivets which are extremely durable. It measures 1.5″ wide and comes in any custom length. Please note",,,,,new,,,,,,draft
the-jlg-brass-leather-belt,The JLG  Brass Leather Belt,"Made from the finest of leathers, the JLG Brass belt will last you many years. It features an antique Brass rolling belt buckle which makes threading the belt very easy and smooth. It also features hand hammered copper rivets which are extremely durable. It measures 1.5″ wide and comes in any custom length. Please note the length between the beginning of the buckle and your favorite hole. Look at the chart below to see the correct way to measure your belt so that we can make it perfectly fit your waistline.",Joe's Venture,,Belts,,FALSE,Option 1,"34""",Option 2,Tan,,,Tbelt34,,,,deny,manual,700.00,,TRUE,TRUE,,,,,FALSE,The JLG  Brass Leather Belt,"Made from the finest of leathers, the JLG Brass belt will last you many years. It features an antique Brass rolling belt buckle which makes threading the belt very easy and smooth. It also features hand hammered copper rivets which are extremely durable. It measures 1.5″ wide and comes in any custom length. Please note",,,,,new,,,,,,draft
the-jlg-brass-leather-belt,The JLG  Brass Leather Belt,"Made from the finest of leathers, the JLG Brass belt will last you many years. It features an antique Brass rolling belt buckle which makes threading the belt very easy and smooth. It also features hand hammered copper rivets which are extremely durable. It measures 1.5″ wide and comes in any custom length. Please note the length between the beginning of the buckle and your favorite hole. Look at the chart below to see the correct way to measure your belt so that we can make it perfectly fit your waistline.",Joe's Venture,,Belts,,FALSE,Option 1,"34""",Option 2,DarkBrown,,,Bbelt34,,,,deny,manual,700.00,,TRUE,TRUE,,,,,FALSE,The JLG  Brass Leather Belt,"Made from the finest of leathers, the JLG Brass belt will last you many years. It features an antique Brass rolling belt buckle which makes threading the belt very easy and smooth. It also features hand hammered copper rivets which are extremely durable. It measures 1.5″ wide and comes in any custom length. Please note",,,,,new,,,,,,draft
the-jlg-brass-leather-belt,The JLG  Brass Leather Belt,"Made from the finest of leathers, the JLG Brass belt will last you many years. It features an antique Brass rolling belt buckle which makes threading the belt very easy and smooth. It also features hand hammered copper rivets which are extremely durable. It measures 1.5″ wide and comes in any custom length. Please note the length between the beginning of the buckle and your favorite hole. Look at the chart below to see the correct way to measure your belt so that we can make it perfectly fit your waistline.",Joe's Venture,,Belts,,FALSE,Option 1,"34""",Option 2,Black,,,BBBelt3,,,,deny,manual,700.00,,TRUE,TRUE,,,,,FALSE,The JLG  Brass Leather Belt,"Made from the finest of leathers, the JLG Brass belt will last you many years. It features an antique Brass rolling belt buckle which makes threading the belt very easy and smooth. It also features hand hammered copper rivets which are extremely durable. It measures 1.5″ wide and comes in any custom length. Please note",,,,,new,,,,,,draft
the-jlg-brass-leather-belt,The JLG  Brass Leather Belt,"Made from the finest of leathers, the JLG Brass belt will last you many years. It features an antique Brass rolling belt buckle which makes threading the belt very easy and smooth. It also features hand hammered copper rivets which are extremely durable. It measures 1.5″ wide and comes in any custom length. Please note the length between the beginning of the buckle and your favorite hole. Look at the chart below to see the correct way to measure your belt so that we can make it perfectly fit your waistline.",Joe's Venture,,Belts,,FALSE,Option 1,"36""",Option 2,Tan,,,Tbelt36,,,,deny,manual,700.00,,TRUE,TRUE,,,,,FALSE,The JLG  Brass Leather Belt,"Made from the finest of leathers, the JLG Brass belt will last you many years. It features an antique Brass rolling belt buckle which makes threading the belt very easy and smooth. It also features hand hammered copper rivets which are extremely durable. It measures 1.5″ wide and comes in any custom length. Please note",,,,,new,,,,,,draft
the-jlg-brass-leather-belt,The JLG  Brass Leather Belt,"Made from the finest of leathers, the JLG Brass belt will last you many years. It features an antique Brass rolling belt buckle which makes threading the belt very easy and smooth. It also features hand hammered copper rivets which are extremely durable. It measures 1.5″ wide and comes in any custom length. Please note the length between the beginning of the buckle and your favorite hole. Look at the chart below to see the correct way to measure your belt so that we can make it perfectly fit your waistline.",Joe's Venture,,Belts,,FALSE,Option 1,"36""",Option 2,DarkBrown,,,Bbelt36,,,,deny,manual,700.00,,TRUE,TRUE,,,,,FALSE,The JLG  Brass Leather Belt,"Made from the finest of leathers, the JLG Brass belt will last you many years. It features an antique Brass rolling belt buckle which makes threading the belt very easy and smooth. It also features hand hammered copper rivets which are extremely durable. It measures 1.5″ wide and comes in any custom length. Please note",,,,,new,,,,,,draft
the-jlg-brass-leather-belt,The JLG  Brass Leather Belt,"Made from the finest of leathers, the JLG Brass belt will last you many years. It features an antique Brass rolling belt buckle which makes threading the belt very easy and smooth. It also features hand hammered copper rivets which are extremely durable. It measures 1.5″ wide and comes in any custom length. Please note the length between the beginning of the buckle and your favorite hole. Look at the chart below to see the correct way to measure your belt so that we can make it perfectly fit your waistline.",Joe's Venture,,Belts,,FALSE,Option 1,"36""",Option 2,Black,,,BBBelt4,,,,deny,manual,700.00,,TRUE,TRUE,,,,,FALSE,The JLG  Brass Leather Belt,"Made from the finest of leathers, the JLG Brass belt will last you many years. It features an antique Brass rolling belt buckle which makes threading the belt very easy and smooth. It also features hand hammered copper rivets which are extremely durable. It measures 1.5″ wide and comes in any custom length. Please note",,,,,new,,,,,,draft
the-jlg-brass-leather-belt,The JLG  Brass Leather Belt,"Made from the finest of leathers, the JLG Brass belt will last you many years. It features an antique Brass rolling belt buckle which makes threading the belt very easy and smooth. It also features hand hammered copper rivets which are extremely durable. It measures 1.5″ wide and comes in any custom length. Please note the length between the beginning of the buckle and your favorite hole. Look at the chart below to see the correct way to measure your belt so that we can make it perfectly fit your waistline.",Joe's Venture,,Belts,,FALSE,Option 1,"38""",Option 2,Tan,,,Tbelt38,,,,deny,manual,700.00,,TRUE,TRUE,,,,,FALSE,The JLG  Brass Leather Belt,"Made from the finest of leathers, the JLG Brass belt will last you many years. It features an antique Brass rolling belt buckle which makes threading the belt very easy and smooth. It also features hand hammered copper rivets which are extremely durable. It measures 1.5″ wide and comes in any custom length. Please note",,,,,new,,,,,,draft
the-jlg-brass-leather-belt,The JLG  Brass Leather Belt,"Made from the finest of leathers, the JLG Brass belt will last you many years. It features an antique Brass rolling belt buckle which makes threading the belt very easy and smooth. It also features hand hammered copper rivets which are extremely durable. It measures 1.5″ wide and comes in any custom length. Please note the length between the beginning of the buckle and your favorite hole. Look at the chart below to see the correct way to measure your belt so that we can make it perfectly fit your waistline.",Joe's Venture,,Belts,,FALSE,Option 1,"38""",Option 2,DarkBrown,,,Bbelt38,,,,deny,manual,700.00,,TRUE,TRUE,,,,,FALSE,The JLG  Brass Leather Belt,"Made from the finest of leathers, the JLG Brass belt will last you many years. It features an antique Brass rolling belt buckle which makes threading the belt very easy and smooth. It also features hand hammered copper rivets which are extremely durable. It measures 1.5″ wide and comes in any custom length. Please note",,,,,new,,,,,,draft
the-jlg-brass-leather-belt,The JLG  Brass Leather Belt,"Made from the finest of leathers, the JLG Brass belt will last you many years. It features an antique Brass rolling belt buckle which makes threading the belt very easy and smooth. It also features hand hammered copper rivets which are extremely durable. It measures 1.5″ wide and comes in any custom length. Please note the length between the beginning of the buckle and your favorite hole. Look at the chart below to see the correct way to measure your belt so that we can make it perfectly fit your waistline.",Joe's Venture,,Belts,,FALSE,Option 1,"38""",Option 2,Black,,,BBBelt5,,,,deny,manual,700.00,,TRUE,TRUE,,,,,FALSE,The JLG  Brass Leather Belt,"Made from the finest of leathers, the JLG Brass belt will last you many years. It features an antique Brass rolling belt buckle which makes threading the belt very easy and smooth. It also features hand hammered copper rivets which are extremely durable. It measures 1.5″ wide and comes in any custom length. Please note",,,,,new,,,,,,draft
the-jlg-brass-leather-belt,The JLG  Brass Leather Belt,"Made from the finest of leathers, the JLG Brass belt will last you many years. It features an antique Brass rolling belt buckle which makes threading the belt very easy and smooth. It also features hand hammered copper rivets which are extremely durable. It measures 1.5″ wide and comes in any custom length. Please note the length between the beginning of the buckle and your favorite hole. Look at the chart below to see the correct way to measure your belt so that we can make it perfectly fit your waistline.",Joe's Venture,,Belts,,FALSE,Option 1,"40""",Option 2,Tan,,,Tbelt40,,,,deny,manual,700.00,,TRUE,TRUE,,,,,FALSE,The JLG  Brass Leather Belt,"Made from the finest of leathers, the JLG Brass belt will last you many years. It features an antique Brass rolling belt buckle which makes threading the belt very easy and smooth. It also features hand hammered copper rivets which are extremely durable. It measures 1.5″ wide and comes in any custom length. Please note",,,,,new,,,,,,draft
the-jlg-brass-leather-belt,The JLG  Brass Leather Belt,"Made from the finest of leathers, the JLG Brass belt will last you many years. It features an antique Brass rolling belt buckle which makes threading the belt very easy and smooth. It also features hand hammered copper rivets which are extremely durable. It measures 1.5″ wide and comes in any custom length. Please note the length between the beginning of the buckle and your favorite hole. Look at the chart below to see the correct way to measure your belt so that we can make it perfectly fit your waistline.",Joe's Venture,,Belts,,FALSE,Option 1,"40""",Option 2,DarkBrown,,,Bbelt40,,,,deny,manual,700.00,,TRUE,TRUE,,,,,FALSE,The JLG  Brass Leather Belt,"Made from the finest of leathers, the JLG Brass belt will last you many years. It features an antique Brass rolling belt buckle which makes threading the belt very easy and smooth. It also features hand hammered copper rivets which are extremely durable. It measures 1.5″ wide and comes in any custom length. Please note",,,,,new,,,,,,draft
the-jlg-brass-leather-belt,The JLG  Brass Leather Belt,"Made from the finest of leathers, the JLG Brass belt will last you many years. It features an antique Brass rolling belt buckle which makes threading the belt very easy and smooth. It also features hand hammered copper rivets which are extremely durable. It measures 1.5″ wide and comes in any custom length. Please note the length between the beginning of the buckle and your favorite hole. Look at the chart below to see the correct way to measure your belt so that we can make it perfectly fit your waistline.",Joe's Venture,,Belts,,FALSE,Option 1,"40""",Option 2,Black,,,BBBelt6,,,,deny,manual,700.00,,TRUE,TRUE,,,,,FALSE,The JLG  Brass Leather Belt,"Made from the finest of leathers, the JLG Brass belt will last you many years. It features an antique Brass rolling belt buckle which makes threading the belt very easy and smooth. It also features hand hammered copper rivets which are extremely durable. It measures 1.5″ wide and comes in any custom length. Please note",,,,,new,,,,,,draft
the-jlg-brass-leather-belt,The JLG  Brass Leather Belt,"Made from the finest of leathers, the JLG Brass belt will last you many years. It features an antique Brass rolling belt buckle which makes threading the belt very easy and smooth. It also features hand hammered copper rivets which are extremely durable. It measures 1.5″ wide and comes in any custom length. Please note the length between the beginning of the buckle and your favorite hole. Look at the chart below to see the correct way to measure your belt so that we can make it perfectly fit your waistline.",Joe's Venture,,Belts,,FALSE,Option 1,"42""",Option 2,Tan,,,Tbelt42,,,,deny,manual,700.00,,TRUE,TRUE,,,,,FALSE,The JLG  Brass Leather Belt,"Made from the finest of leathers, the JLG Brass belt will last you many years. It features an antique Brass rolling belt buckle which makes threading the belt very easy and smooth. It also features hand hammered copper rivets which are extremely durable. It measures 1.5″ wide and comes in any custom length. Please note",,,,,new,,,,,,draft
the-jlg-brass-leather-belt,The JLG  Brass Leather Belt,"Made from the finest of leathers, the JLG Brass belt will last you many years. It features an antique Brass rolling belt buckle which makes threading the belt very easy and smooth. It also features hand hammered copper rivets which are extremely durable. It measures 1.5″ wide and comes in any custom length. Please note the length between the beginning of the buckle and your favorite hole. Look at the chart below to see the correct way to measure your belt so that we can make it perfectly fit your waistline.",Joe's Venture,,Belts,,FALSE,Option 1,"42""",Option 2,DarkBrown,,,Bbelt42,,,,deny,manual,700.00,,TRUE,TRUE,,,,,FALSE,The JLG  Brass Leather Belt,"Made from the finest of leathers, the JLG Brass belt will last you many years. It features an antique Brass rolling belt buckle which makes threading the belt very easy and smooth. It also features hand hammered copper rivets which are extremely durable. It measures 1.5″ wide and comes in any custom length. Please note",,,,,new,,,,,,draft
the-jlg-brass-leather-belt,The JLG  Brass Leather Belt,"Made from the finest of leathers, the JLG Brass belt will last you many years. It features an antique Brass rolling belt buckle which makes threading the belt very easy and smooth. It also features hand hammered copper rivets which are extremely durable. It measures 1.5″ wide and comes in any custom length. Please note the length between the beginning of the buckle and your favorite hole. Look at the chart below to see the correct way to measure your belt so that we can make it perfectly fit your waistline.",Joe's Venture,,Belts,,FALSE,Option 1,"42""",Option 2,Black,,,BBBelt7,,,,deny,manual,700.00,,TRUE,TRUE,,,,,FALSE,The JLG  Brass Leather Belt,"Made from the finest of leathers, the JLG Brass belt will last you many years. It features an antique Brass rolling belt buckle which makes threading the belt very easy and smooth. It also features hand hammered copper rivets which are extremely durable. It measures 1.5″ wide and comes in any custom length. Please note",,,,,new,,,,,,draft
the-jlg-brass-leather-belt,The JLG  Brass Leather Belt,"Made from the finest of leathers, the JLG Brass belt will last you many years. It features an antique Brass rolling belt buckle which makes threading the belt very easy and smooth. It also features hand hammered copper rivets which are extremely durable. It measures 1.5″ wide and comes in any custom length. Please note the length between the beginning of the buckle and your favorite hole. Look at the chart below to see the correct way to measure your belt so that we can make it perfectly fit your waistline.",Joe's Venture,,Belts,,FALSE,Option 1,"44""",Option 2,Tan,,,Tbelt44,,,,deny,manual,700.00,,TRUE,TRUE,,,,,FALSE,The JLG  Brass Leather Belt,"Made from the finest of leathers, the JLG Brass belt will last you many years. It features an antique Brass rolling belt buckle which makes threading the belt very easy and smooth. It also features hand hammered copper rivets which are extremely durable. It measures 1.5″ wide and comes in any custom length. Please note",,,,,new,,,,,,draft
the-jlg-brass-leather-belt,The JLG  Brass Leather Belt,"Made from the finest of leathers, the JLG Brass belt will last you many years. It features an antique Brass rolling belt buckle which makes threading the belt very easy and smooth. It also features hand hammered copper rivets which are extremely durable. It measures 1.5″ wide and comes in any custom length. Please note the length between the beginning of the buckle and your favorite hole. Look at the chart below to see the correct way to measure your belt so that we can make it perfectly fit your waistline.",Joe's Venture,,Belts,,FALSE,Option 1,"44""",Option 2,DarkBrown,,,Bbelt44,,,,deny,manual,700.00,,TRUE,TRUE,,,,,FALSE,The JLG  Brass Leather Belt,"Made from the finest of leathers, the JLG Brass belt will last you many years. It features an antique Brass rolling belt buckle which makes threading the belt very easy and smooth. It also features hand hammered copper rivets which are extremely durable. It measures 1.5″ wide and comes in any custom length. Please note",,,,,new,,,,,,draft
the-jlg-brass-leather-belt,The JLG  Brass Leather Belt,"Made from the finest of leathers, the JLG Brass belt will last you many years. It features an antique Brass rolling belt buckle which makes threading the belt very easy and smooth. It also features hand hammered copper rivets which are extremely durable. It measures 1.5″ wide and comes in any custom length. Please note the length between the beginning of the buckle and your favorite hole. Look at the chart below to see the correct way to measure your belt so that we can make it perfectly fit your waistline.",Joe's Venture,,Belts,,FALSE,Option 1,"44""",Option 2,Black,,,BBBelt8,,,,deny,manual,700.00,,TRUE,TRUE,,,,,FALSE,The JLG  Brass Leather Belt,"Made from the finest of leathers, the JLG Brass belt will last you many years. It features an antique Brass rolling belt buckle which makes threading the belt very easy and smooth. It also features hand hammered copper rivets which are extremely durable. It measures 1.5″ wide and comes in any custom length. Please note",,,,,new,,,,,,draft
the-jlg-brass-leather-belt,The JLG  Brass Leather Belt,"Made from the finest of leathers, the JLG Brass belt will last you many years. It features an antique Brass rolling belt buckle which makes threading the belt very easy and smooth. It also features hand hammered copper rivets which are extremely durable. It measures 1.5″ wide and comes in any custom length. Please note the length between the beginning of the buckle and your favorite hole. Look at the chart below to see the correct way to measure your belt so that we can make it perfectly fit your waistline.",Joe's Venture,,Belts,,FALSE,Option 1,"46""",Option 2,Tan,,,Tbelt46,,,,deny,manual,700.00,,TRUE,TRUE,,,,,FALSE,The JLG  Brass Leather Belt,"Made from the finest of leathers, the JLG Brass belt will last you many years. It features an antique Brass rolling belt buckle which makes threading the belt very easy and smooth. It also features hand hammered copper rivets which are extremely durable. It measures 1.5″ wide and comes in any custom length. Please note",,,,,new,,,,,,draft
the-jlg-brass-leather-belt,The JLG  Brass Leather Belt,"Made from the finest of leathers, the JLG Brass belt will last you many years. It features an antique Brass rolling belt buckle which makes threading the belt very easy and smooth. It also features hand hammered copper rivets which are extremely durable. It measures 1.5″ wide and comes in any custom length. Please note the length between the beginning of the buckle and your favorite hole. Look at the chart below to see the correct way to measure your belt so that we can make it perfectly fit your waistline.",Joe's Venture,,Belts,,FALSE,Option 1,"46""",Option 2,DarkBrown,,,Bbelt46,,,,deny,manual,700.00,,TRUE,TRUE,,,,,FALSE,The JLG  Brass Leather Belt,"Made from the finest of leathers, the JLG Brass belt will last you many years. It features an antique Brass rolling belt buckle which makes threading the belt very easy and smooth. It also features hand hammered copper rivets which are extremely durable. It measures 1.5″ wide and comes in any custom length. Please note",,,,,new,,,,,,draft
the-jlg-brass-leather-belt,The JLG  Brass Leather Belt,"Made from the finest of leathers, the JLG Brass belt will last you many years. It features an antique Brass rolling belt buckle which makes threading the belt very easy and smooth. It also features hand hammered copper rivets which are extremely durable. It measures 1.5″ wide and comes in any custom length. Please note the length between the beginning of the buckle and your favorite hole. Look at the chart below to see the correct way to measure your belt so that we can make it perfectly fit your waistline.",Joe's Venture,,Belts,,FALSE,Option 1,"46""",Option 2,Black,,,BBBelt9,,,,deny,manual,700.00,,TRUE,TRUE,,,,,FALSE,The JLG  Brass Leather Belt,"Made from the finest of leathers, the JLG Brass belt will last you many years. It features an antique Brass rolling belt buckle which makes threading the belt very easy and smooth. It also features hand hammered copper rivets which are extremely durable. It measures 1.5″ wide and comes in any custom length. Please note",,,,,new,,,,,,draft
the-jlg-cardholder,The JLG Cardholder,The JLG Cardholder is a minimalist wallet made with the finest of full grain leathers. Handcrafted to fit your minimalist lifestyle and made to last. Features:– Option of Machine Stitched or Hand Stitched with Japanese thread.– Hand-finished dyed edges– Fair trade made– 1 card slot which fits up to 6-7 cards plus some bills,Joe's Venture,,,,FALSE,Option 1,Havane,Option 2,Machine Stitching,,,CH1,,,,deny,manual,500.00,,TRUE,TRUE,,https://16.192.29.174.nip.io/assets/recovery/joes-venture/images/the-jlg-cardholder-01-670fa3e713.jpg,1,The JLG Cardholder,FALSE,The JLG Cardholder,The JLG Cardholder is a minimalist wallet made with the finest of full grain leathers. Handcrafted to fit your minimalist lifestyle and made to last. Features:– Option of Machine Stitched or Hand Stitched with Japanese thread.– Hand-finished dyed edges– Fair trade made– 1 card slot which fits up to 6-7 cards plus some ,,,,,new,,,,,,draft
the-jlg-cardholder,The JLG Cardholder,The JLG Cardholder is a minimalist wallet made with the finest of full grain leathers. Handcrafted to fit your minimalist lifestyle and made to last. Features:– Option of Machine Stitched or Hand Stitched with Japanese thread.– Hand-finished dyed edges– Fair trade made– 1 card slot which fits up to 6-7 cards plus some bills,Joe's Venture,,,,FALSE,Option 1,Havane,Option 2,Hand Stitching,,,CH2,,,,deny,manual,650.00,,TRUE,TRUE,,,,,FALSE,The JLG Cardholder,The JLG Cardholder is a minimalist wallet made with the finest of full grain leathers. Handcrafted to fit your minimalist lifestyle and made to last. Features:– Option of Machine Stitched or Hand Stitched with Japanese thread.– Hand-finished dyed edges– Fair trade made– 1 card slot which fits up to 6-7 cards plus some ,,,,,new,,,,,,draft
the-jlg-cardholder,The JLG Cardholder,The JLG Cardholder is a minimalist wallet made with the finest of full grain leathers. Handcrafted to fit your minimalist lifestyle and made to last. Features:– Option of Machine Stitched or Hand Stitched with Japanese thread.– Hand-finished dyed edges– Fair trade made– 1 card slot which fits up to 6-7 cards plus some bills,Joe's Venture,,,,FALSE,Option 1,ChocolateBrown,Option 2,Machine Stitching,,,CH3,,,,deny,manual,500.00,,TRUE,TRUE,,,,,FALSE,The JLG Cardholder,The JLG Cardholder is a minimalist wallet made with the finest of full grain leathers. Handcrafted to fit your minimalist lifestyle and made to last. Features:– Option of Machine Stitched or Hand Stitched with Japanese thread.– Hand-finished dyed edges– Fair trade made– 1 card slot which fits up to 6-7 cards plus some ,,,,,new,,,,,,draft
the-jlg-cardholder,The JLG Cardholder,The JLG Cardholder is a minimalist wallet made with the finest of full grain leathers. Handcrafted to fit your minimalist lifestyle and made to last. Features:– Option of Machine Stitched or Hand Stitched with Japanese thread.– Hand-finished dyed edges– Fair trade made– 1 card slot which fits up to 6-7 cards plus some bills,Joe's Venture,,,,FALSE,Option 1,ChocolateBrown,Option 2,Hand Stitching,,,CH4,,,,deny,manual,650.00,,TRUE,TRUE,,,,,FALSE,The JLG Cardholder,The JLG Cardholder is a minimalist wallet made with the finest of full grain leathers. Handcrafted to fit your minimalist lifestyle and made to last. Features:– Option of Machine Stitched or Hand Stitched with Japanese thread.– Hand-finished dyed edges– Fair trade made– 1 card slot which fits up to 6-7 cards plus some ,,,,,new,,,,,,draft
the-jlg-cardholder,The JLG Cardholder,The JLG Cardholder is a minimalist wallet made with the finest of full grain leathers. Handcrafted to fit your minimalist lifestyle and made to last. Features:– Option of Machine Stitched or Hand Stitched with Japanese thread.– Hand-finished dyed edges– Fair trade made– 1 card slot which fits up to 6-7 cards plus some bills,Joe's Venture,,,,FALSE,Option 1,ClassicBrown,Option 2,Machine Stitching,,,CH5,,,,deny,manual,500.00,,TRUE,TRUE,,,,,FALSE,The JLG Cardholder,The JLG Cardholder is a minimalist wallet made with the finest of full grain leathers. Handcrafted to fit your minimalist lifestyle and made to last. Features:– Option of Machine Stitched or Hand Stitched with Japanese thread.– Hand-finished dyed edges– Fair trade made– 1 card slot which fits up to 6-7 cards plus some ,,,,,new,,,,,,draft
the-jlg-cardholder,The JLG Cardholder,The JLG Cardholder is a minimalist wallet made with the finest of full grain leathers. Handcrafted to fit your minimalist lifestyle and made to last. Features:– Option of Machine Stitched or Hand Stitched with Japanese thread.– Hand-finished dyed edges– Fair trade made– 1 card slot which fits up to 6-7 cards plus some bills,Joe's Venture,,,,FALSE,Option 1,ClassicBrown,Option 2,Hand Stitching,,,CH6,,,,deny,manual,650.00,,TRUE,TRUE,,,,,FALSE,The JLG Cardholder,The JLG Cardholder is a minimalist wallet made with the finest of full grain leathers. Handcrafted to fit your minimalist lifestyle and made to last. Features:– Option of Machine Stitched or Hand Stitched with Japanese thread.– Hand-finished dyed edges– Fair trade made– 1 card slot which fits up to 6-7 cards plus some ,,,,,new,,,,,,draft
the-jlg-cardholder,The JLG Cardholder,The JLG Cardholder is a minimalist wallet made with the finest of full grain leathers. Handcrafted to fit your minimalist lifestyle and made to last. Features:– Option of Machine Stitched or Hand Stitched with Japanese thread.– Hand-finished dyed edges– Fair trade made– 1 card slot which fits up to 6-7 cards plus some bills,Joe's Venture,,,,FALSE,Option 1,Olive,Option 2,Machine Stitching,,,CH7,,,,deny,manual,500.00,,TRUE,TRUE,,,,,FALSE,The JLG Cardholder,The JLG Cardholder is a minimalist wallet made with the finest of full grain leathers. Handcrafted to fit your minimalist lifestyle and made to last. Features:– Option of Machine Stitched or Hand Stitched with Japanese thread.– Hand-finished dyed edges– Fair trade made– 1 card slot which fits up to 6-7 cards plus some ,,,,,new,,,,,,draft
the-jlg-cardholder,The JLG Cardholder,The JLG Cardholder is a minimalist wallet made with the finest of full grain leathers. Handcrafted to fit your minimalist lifestyle and made to last. Features:– Option of Machine Stitched or Hand Stitched with Japanese thread.– Hand-finished dyed edges– Fair trade made– 1 card slot which fits up to 6-7 cards plus some bills,Joe's Venture,,,,FALSE,Option 1,Olive,Option 2,Hand Stitching,,,CH8,,,,deny,manual,650.00,,TRUE,TRUE,,,,,FALSE,The JLG Cardholder,The JLG Cardholder is a minimalist wallet made with the finest of full grain leathers. Handcrafted to fit your minimalist lifestyle and made to last. Features:– Option of Machine Stitched or Hand Stitched with Japanese thread.– Hand-finished dyed edges– Fair trade made– 1 card slot which fits up to 6-7 cards plus some ,,,,,new,,,,,,draft
the-jlg-cardholder,The JLG Cardholder,The JLG Cardholder is a minimalist wallet made with the finest of full grain leathers. Handcrafted to fit your minimalist lifestyle and made to last. Features:– Option of Machine Stitched or Hand Stitched with Japanese thread.– Hand-finished dyed edges– Fair trade made– 1 card slot which fits up to 6-7 cards plus some bills,Joe's Venture,,,,FALSE,Option 1,Buckbrown,Option 2,Machine Stitching,,,CH9,,,,deny,manual,500.00,,TRUE,TRUE,,,,,FALSE,The JLG Cardholder,The JLG Cardholder is a minimalist wallet made with the finest of full grain leathers. Handcrafted to fit your minimalist lifestyle and made to last. Features:– Option of Machine Stitched or Hand Stitched with Japanese thread.– Hand-finished dyed edges– Fair trade made– 1 card slot which fits up to 6-7 cards plus some ,,,,,new,,,,,,draft
the-jlg-cardholder,The JLG Cardholder,The JLG Cardholder is a minimalist wallet made with the finest of full grain leathers. Handcrafted to fit your minimalist lifestyle and made to last. Features:– Option of Machine Stitched or Hand Stitched with Japanese thread.– Hand-finished dyed edges– Fair trade made– 1 card slot which fits up to 6-7 cards plus some bills,Joe's Venture,,,,FALSE,Option 1,Buckbrown,Option 2,Hand Stitching,,,CH10,,,,deny,manual,650.00,,TRUE,TRUE,,,,,FALSE,The JLG Cardholder,The JLG Cardholder is a minimalist wallet made with the finest of full grain leathers. Handcrafted to fit your minimalist lifestyle and made to last. Features:– Option of Machine Stitched or Hand Stitched with Japanese thread.– Hand-finished dyed edges– Fair trade made– 1 card slot which fits up to 6-7 cards plus some ,,,,,new,,,,,,draft
the-jlg-cardholder,The JLG Cardholder,The JLG Cardholder is a minimalist wallet made with the finest of full grain leathers. Handcrafted to fit your minimalist lifestyle and made to last. Features:– Option of Machine Stitched or Hand Stitched with Japanese thread.– Hand-finished dyed edges– Fair trade made– 1 card slot which fits up to 6-7 cards plus some bills,Joe's Venture,,,,FALSE,Option 1,GhostBlack,Option 2,Machine Stitching,,,CH11,,,,deny,manual,500.00,,TRUE,TRUE,,,,,FALSE,The JLG Cardholder,The JLG Cardholder is a minimalist wallet made with the finest of full grain leathers. Handcrafted to fit your minimalist lifestyle and made to last. Features:– Option of Machine Stitched or Hand Stitched with Japanese thread.– Hand-finished dyed edges– Fair trade made– 1 card slot which fits up to 6-7 cards plus some ,,,,,new,,,,,,draft
the-jlg-cardholder,The JLG Cardholder,The JLG Cardholder is a minimalist wallet made with the finest of full grain leathers. Handcrafted to fit your minimalist lifestyle and made to last. Features:– Option of Machine Stitched or Hand Stitched with Japanese thread.– Hand-finished dyed edges– Fair trade made– 1 card slot which fits up to 6-7 cards plus some bills,Joe's Venture,,,,FALSE,Option 1,GhostBlack,Option 2,Hand Stitching,,,CH12,,,,deny,manual,650.00,,TRUE,TRUE,,,,,FALSE,The JLG Cardholder,The JLG Cardholder is a minimalist wallet made with the finest of full grain leathers. Handcrafted to fit your minimalist lifestyle and made to last. Features:– Option of Machine Stitched or Hand Stitched with Japanese thread.– Hand-finished dyed edges– Fair trade made– 1 card slot which fits up to 6-7 cards plus some ,,,,,new,,,,,,draft
the-jlg-cardholder,The JLG Cardholder,The JLG Cardholder is a minimalist wallet made with the finest of full grain leathers. Handcrafted to fit your minimalist lifestyle and made to last. Features:– Option of Machine Stitched or Hand Stitched with Japanese thread.– Hand-finished dyed edges– Fair trade made– 1 card slot which fits up to 6-7 cards plus some bills,Joe's Venture,,,,FALSE,Title,Default Title,,,,,,,,,deny,manual,450.0,,TRUE,TRUE,,,,,FALSE,The JLG Cardholder,The JLG Cardholder is a minimalist wallet made with the finest of full grain leathers. Handcrafted to fit your minimalist lifestyle and made to last. Features:– Option of Machine Stitched or Hand Stitched with Japanese thread.– Hand-finished dyed edges– Fair trade made– 1 card slot which fits up to 6-7 cards plus some ,,,,,new,,,,,,draft
the-jlg-city-bag,City Bag,The JLG City bag is a gorgeous everyday use to carry small stuff. Made from pull up leather it has a unique look when the leather is folded or bent. It is fully handcrafted right from the first cut. It features an inside and outside pocket for all of your valuables. Features:– 100% handcrafted– 100% Full grain leather– Fairtrade made,Joe's Venture,,,,FALSE,Option 1,Buckbrown,,,,,city1,,,,deny,manual,1400.00,,TRUE,TRUE,,https://16.192.29.174.nip.io/assets/recovery/joes-venture/images/the-jlg-city-bag-01-562d0fdfa5.jpg,1,City Bag,FALSE,City Bag,The JLG City bag is a gorgeous everyday use to carry small stuff. Made from pull up leather it has a unique look when the leather is folded or bent. It is fully handcrafted right from the first cut. It features an inside and outside pocket for all of your valuables. Features:– 100% handcrafted– 100% Full grain leather–,,,,,new,,,,,,draft
the-jlg-city-bag,City Bag,The JLG City bag is a gorgeous everyday use to carry small stuff. Made from pull up leather it has a unique look when the leather is folded or bent. It is fully handcrafted right from the first cut. It features an inside and outside pocket for all of your valuables. Features:– 100% handcrafted– 100% Full grain leather– Fairtrade made,Joe's Venture,,,,FALSE,Option 1,CoffeeBrown,,,,,city2,,,,deny,manual,1400.00,,TRUE,TRUE,,,,,FALSE,City Bag,The JLG City bag is a gorgeous everyday use to carry small stuff. Made from pull up leather it has a unique look when the leather is folded or bent. It is fully handcrafted right from the first cut. It features an inside and outside pocket for all of your valuables. Features:– 100% handcrafted– 100% Full grain leather–,,,,,new,,,,,,draft
the-jlg-city-bag,City Bag,The JLG City bag is a gorgeous everyday use to carry small stuff. Made from pull up leather it has a unique look when the leather is folded or bent. It is fully handcrafted right from the first cut. It features an inside and outside pocket for all of your valuables. Features:– 100% handcrafted– 100% Full grain leather– Fairtrade made,Joe's Venture,,,,FALSE,Option 1,Ghost Black,,,,,city3,,,,deny,manual,1400.00,,TRUE,TRUE,,,,,FALSE,City Bag,The JLG City bag is a gorgeous everyday use to carry small stuff. Made from pull up leather it has a unique look when the leather is folded or bent. It is fully handcrafted right from the first cut. It features an inside and outside pocket for all of your valuables. Features:– 100% handcrafted– 100% Full grain leather–,,,,,new,,,,,,draft
the-jlg-city-bag,City Bag,The JLG City bag is a gorgeous everyday use to carry small stuff. Made from pull up leather it has a unique look when the leather is folded or bent. It is fully handcrafted right from the first cut. It features an inside and outside pocket for all of your valuables. Features:– 100% handcrafted– 100% Full grain leather– Fairtrade made,Joe's Venture,,,,FALSE,Title,Default Title,,,,,,,,,deny,manual,1200.0,,TRUE,TRUE,,,,,FALSE,City Bag,The JLG City bag is a gorgeous everyday use to carry small stuff. Made from pull up leather it has a unique look when the leather is folded or bent. It is fully handcrafted right from the first cut. It features an inside and outside pocket for all of your valuables. Features:– 100% handcrafted– 100% Full grain leather–,,,,,new,,,,,,draft
the-jlg-moneyclip,The JLG MoneyClip,The JLG Money Clip is a minimalist wallet made with the finest of pull-up leathers. Handcrafted to fit your minimalist lifestyle and made to last. Features:– Hand stitched with Japanese thread.– Hand finished dyed edges– Fair trade made– Stainless steel money clip– 3 card slots which fits up to 2 cards,Joe's Venture,,,,FALSE,Option 1,Havane,Option 2,Machine Stitching,,,MCL1,,,,deny,manual,750.00,,TRUE,TRUE,,,,,FALSE,The JLG MoneyClip,The JLG Money Clip is a minimalist wallet made with the finest of pull-up leathers. Handcrafted to fit your minimalist lifestyle and made to last. Features:– Hand stitched with Japanese thread.– Hand finished dyed edges– Fair trade made– Stainless steel money clip– 3 card slots which fits up to 2 cards,,,,,new,,,,,,draft
the-jlg-moneyclip,The JLG MoneyClip,The JLG Money Clip is a minimalist wallet made with the finest of pull-up leathers. Handcrafted to fit your minimalist lifestyle and made to last. Features:– Hand stitched with Japanese thread.– Hand finished dyed edges– Fair trade made– Stainless steel money clip– 3 card slots which fits up to 2 cards,Joe's Venture,,,,FALSE,Option 1,Havane,Option 2,Hand Stitching,,,MCL2,,,,deny,manual,850.00,,TRUE,TRUE,,,,,FALSE,The JLG MoneyClip,The JLG Money Clip is a minimalist wallet made with the finest of pull-up leathers. Handcrafted to fit your minimalist lifestyle and made to last. Features:– Hand stitched with Japanese thread.– Hand finished dyed edges– Fair trade made– Stainless steel money clip– 3 card slots which fits up to 2 cards,,,,,new,,,,,,draft
the-jlg-moneyclip,The JLG MoneyClip,The JLG Money Clip is a minimalist wallet made with the finest of pull-up leathers. Handcrafted to fit your minimalist lifestyle and made to last. Features:– Hand stitched with Japanese thread.– Hand finished dyed edges– Fair trade made– Stainless steel money clip– 3 card slots which fits up to 2 cards,Joe's Venture,,,,FALSE,Option 1,ChocolateBrown,Option 2,Machine Stitching,,,MCL3,,,,deny,manual,750.00,,TRUE,TRUE,,,,,FALSE,The JLG MoneyClip,The JLG Money Clip is a minimalist wallet made with the finest of pull-up leathers. Handcrafted to fit your minimalist lifestyle and made to last. Features:– Hand stitched with Japanese thread.– Hand finished dyed edges– Fair trade made– Stainless steel money clip– 3 card slots which fits up to 2 cards,,,,,new,,,,,,draft
the-jlg-moneyclip,The JLG MoneyClip,The JLG Money Clip is a minimalist wallet made with the finest of pull-up leathers. Handcrafted to fit your minimalist lifestyle and made to last. Features:– Hand stitched with Japanese thread.– Hand finished dyed edges– Fair trade made– Stainless steel money clip– 3 card slots which fits up to 2 cards,Joe's Venture,,,,FALSE,Option 1,ChocolateBrown,Option 2,Hand Stitching,,,MCL4,,,,deny,manual,850.00,,TRUE,TRUE,,,,,FALSE,The JLG MoneyClip,The JLG Money Clip is a minimalist wallet made with the finest of pull-up leathers. Handcrafted to fit your minimalist lifestyle and made to last. Features:– Hand stitched with Japanese thread.– Hand finished dyed edges– Fair trade made– Stainless steel money clip– 3 card slots which fits up to 2 cards,,,,,new,,,,,,draft
the-jlg-moneyclip,The JLG MoneyClip,The JLG Money Clip is a minimalist wallet made with the finest of pull-up leathers. Handcrafted to fit your minimalist lifestyle and made to last. Features:– Hand stitched with Japanese thread.– Hand finished dyed edges– Fair trade made– Stainless steel money clip– 3 card slots which fits up to 2 cards,Joe's Venture,,,,FALSE,Option 1,ClassicBrown,Option 2,Machine Stitching,,,MCL5,,,,deny,manual,750.00,,TRUE,TRUE,,,,,FALSE,The JLG MoneyClip,The JLG Money Clip is a minimalist wallet made with the finest of pull-up leathers. Handcrafted to fit your minimalist lifestyle and made to last. Features:– Hand stitched with Japanese thread.– Hand finished dyed edges– Fair trade made– Stainless steel money clip– 3 card slots which fits up to 2 cards,,,,,new,,,,,,draft
the-jlg-moneyclip,The JLG MoneyClip,The JLG Money Clip is a minimalist wallet made with the finest of pull-up leathers. Handcrafted to fit your minimalist lifestyle and made to last. Features:– Hand stitched with Japanese thread.– Hand finished dyed edges– Fair trade made– Stainless steel money clip– 3 card slots which fits up to 2 cards,Joe's Venture,,,,FALSE,Option 1,ClassicBrown,Option 2,Hand Stitching,,,MCL6,,,,deny,manual,850.00,,TRUE,TRUE,,,,,FALSE,The JLG MoneyClip,The JLG Money Clip is a minimalist wallet made with the finest of pull-up leathers. Handcrafted to fit your minimalist lifestyle and made to last. Features:– Hand stitched with Japanese thread.– Hand finished dyed edges– Fair trade made– Stainless steel money clip– 3 card slots which fits up to 2 cards,,,,,new,,,,,,draft
the-jlg-moneyclip,The JLG MoneyClip,The JLG Money Clip is a minimalist wallet made with the finest of pull-up leathers. Handcrafted to fit your minimalist lifestyle and made to last. Features:– Hand stitched with Japanese thread.– Hand finished dyed edges– Fair trade made– Stainless steel money clip– 3 card slots which fits up to 2 cards,Joe's Venture,,,,FALSE,Option 1,Olive,Option 2,Machine Stitching,,,MCL7,,,,deny,manual,750.00,,TRUE,TRUE,,,,,FALSE,The JLG MoneyClip,The JLG Money Clip is a minimalist wallet made with the finest of pull-up leathers. Handcrafted to fit your minimalist lifestyle and made to last. Features:– Hand stitched with Japanese thread.– Hand finished dyed edges– Fair trade made– Stainless steel money clip– 3 card slots which fits up to 2 cards,,,,,new,,,,,,draft
the-jlg-moneyclip,The JLG MoneyClip,The JLG Money Clip is a minimalist wallet made with the finest of pull-up leathers. Handcrafted to fit your minimalist lifestyle and made to last. Features:– Hand stitched with Japanese thread.– Hand finished dyed edges– Fair trade made– Stainless steel money clip– 3 card slots which fits up to 2 cards,Joe's Venture,,,,FALSE,Option 1,Olive,Option 2,Hand Stitching,,,MCL8,,,,deny,manual,850.00,,TRUE,TRUE,,,,,FALSE,The JLG MoneyClip,The JLG Money Clip is a minimalist wallet made with the finest of pull-up leathers. Handcrafted to fit your minimalist lifestyle and made to last. Features:– Hand stitched with Japanese thread.– Hand finished dyed edges– Fair trade made– Stainless steel money clip– 3 card slots which fits up to 2 cards,,,,,new,,,,,,draft
the-jlg-moneyclip,The JLG MoneyClip,The JLG Money Clip is a minimalist wallet made with the finest of pull-up leathers. Handcrafted to fit your minimalist lifestyle and made to last. Features:– Hand stitched with Japanese thread.– Hand finished dyed edges– Fair trade made– Stainless steel money clip– 3 card slots which fits up to 2 cards,Joe's Venture,,,,FALSE,Option 1,CoffeeBrown,Option 2,Machine Stitching,,,MCL9,,,,deny,manual,750.00,,TRUE,TRUE,,,,,FALSE,The JLG MoneyClip,The JLG Money Clip is a minimalist wallet made with the finest of pull-up leathers. Handcrafted to fit your minimalist lifestyle and made to last. Features:– Hand stitched with Japanese thread.– Hand finished dyed edges– Fair trade made– Stainless steel money clip– 3 card slots which fits up to 2 cards,,,,,new,,,,,,draft
the-jlg-moneyclip,The JLG MoneyClip,The JLG Money Clip is a minimalist wallet made with the finest of pull-up leathers. Handcrafted to fit your minimalist lifestyle and made to last. Features:– Hand stitched with Japanese thread.– Hand finished dyed edges– Fair trade made– Stainless steel money clip– 3 card slots which fits up to 2 cards,Joe's Venture,,,,FALSE,Option 1,CoffeeBrown,Option 2,Hand Stitching,,,MCL10,,,,deny,manual,850.00,,TRUE,TRUE,,,,,FALSE,The JLG MoneyClip,The JLG Money Clip is a minimalist wallet made with the finest of pull-up leathers. Handcrafted to fit your minimalist lifestyle and made to last. Features:– Hand stitched with Japanese thread.– Hand finished dyed edges– Fair trade made– Stainless steel money clip– 3 card slots which fits up to 2 cards,,,,,new,,,,,,draft
the-jlg-moneyclip,The JLG MoneyClip,The JLG Money Clip is a minimalist wallet made with the finest of pull-up leathers. Handcrafted to fit your minimalist lifestyle and made to last. Features:– Hand stitched with Japanese thread.– Hand finished dyed edges– Fair trade made– Stainless steel money clip– 3 card slots which fits up to 2 cards,Joe's Venture,,,,FALSE,Option 1,GhostBlack,Option 2,Machine Stitching,,,MCL11,,,,deny,manual,750.00,,TRUE,TRUE,,,,,FALSE,The JLG MoneyClip,The JLG Money Clip is a minimalist wallet made with the finest of pull-up leathers. Handcrafted to fit your minimalist lifestyle and made to last. Features:– Hand stitched with Japanese thread.– Hand finished dyed edges– Fair trade made– Stainless steel money clip– 3 card slots which fits up to 2 cards,,,,,new,,,,,,draft
the-jlg-moneyclip,The JLG MoneyClip,The JLG Money Clip is a minimalist wallet made with the finest of pull-up leathers. Handcrafted to fit your minimalist lifestyle and made to last. Features:– Hand stitched with Japanese thread.– Hand finished dyed edges– Fair trade made– Stainless steel money clip– 3 card slots which fits up to 2 cards,Joe's Venture,,,,FALSE,Option 1,GhostBlack,Option 2,Hand Stitching,,,MCL12,,,,deny,manual,850.00,,TRUE,TRUE,,,,,FALSE,The JLG MoneyClip,The JLG Money Clip is a minimalist wallet made with the finest of pull-up leathers. Handcrafted to fit your minimalist lifestyle and made to last. Features:– Hand stitched with Japanese thread.– Hand finished dyed edges– Fair trade made– Stainless steel money clip– 3 card slots which fits up to 2 cards,,,,,new,,,,,,draft
the-jlg-trifold-wallet,The JLG Trifold Wallet,The JLG – Trifold wallet for the minimalist. It is made from 100% full grain leather which has a gorgeous rich pull up. This wallet will last you many years and is handcrafted to ensure maximum quality and durability. Features:– 100% handcrafted– Option of Machine Stitched or Hand Stitched– Fair trade made– 5 interior card slots which hold 2 cards each– 1 exterior bill slots which holds multiple bills,Joe's Venture,,,,FALSE,Option 1,Havane,Option 2,Machine Stitching,,,TRIFO1,,,,deny,manual,1100.00,,TRUE,TRUE,,,,,FALSE,The JLG Trifold Wallet,The JLG – Trifold wallet for the minimalist. It is made from 100% full grain leather which has a gorgeous rich pull up. This wallet will last you many years and is handcrafted to ensure maximum quality and durability. Features:– 100% handcrafted– Option of Machine Stitched or Hand Stitched– Fair trade made– 5 interior ,,,,,new,,,,,,draft
the-jlg-trifold-wallet,The JLG Trifold Wallet,The JLG – Trifold wallet for the minimalist. It is made from 100% full grain leather which has a gorgeous rich pull up. This wallet will last you many years and is handcrafted to ensure maximum quality and durability. Features:– 100% handcrafted– Option of Machine Stitched or Hand Stitched– Fair trade made– 5 interior card slots which hold 2 cards each– 1 exterior bill slots which holds multiple bills,Joe's Venture,,,,FALSE,Option 1,Havane,Option 2,Hand Stitching,,,TRIFO2,,,,deny,manual,1500.00,,TRUE,TRUE,,,,,FALSE,The JLG Trifold Wallet,The JLG – Trifold wallet for the minimalist. It is made from 100% full grain leather which has a gorgeous rich pull up. This wallet will last you many years and is handcrafted to ensure maximum quality and durability. Features:– 100% handcrafted– Option of Machine Stitched or Hand Stitched– Fair trade made– 5 interior ,,,,,new,,,,,,draft
the-jlg-trifold-wallet,The JLG Trifold Wallet,The JLG – Trifold wallet for the minimalist. It is made from 100% full grain leather which has a gorgeous rich pull up. This wallet will last you many years and is handcrafted to ensure maximum quality and durability. Features:– 100% handcrafted– Option of Machine Stitched or Hand Stitched– Fair trade made– 5 interior card slots which hold 2 cards each– 1 exterior bill slots which holds multiple bills,Joe's Venture,,,,FALSE,Option 1,ChocolateBrown,Option 2,Machine Stitching,,,TRIFO3,,,,deny,manual,1100.00,,TRUE,TRUE,,,,,FALSE,The JLG Trifold Wallet,The JLG – Trifold wallet for the minimalist. It is made from 100% full grain leather which has a gorgeous rich pull up. This wallet will last you many years and is handcrafted to ensure maximum quality and durability. Features:– 100% handcrafted– Option of Machine Stitched or Hand Stitched– Fair trade made– 5 interior ,,,,,new,,,,,,draft
the-jlg-trifold-wallet,The JLG Trifold Wallet,The JLG – Trifold wallet for the minimalist. It is made from 100% full grain leather which has a gorgeous rich pull up. This wallet will last you many years and is handcrafted to ensure maximum quality and durability. Features:– 100% handcrafted– Option of Machine Stitched or Hand Stitched– Fair trade made– 5 interior card slots which hold 2 cards each– 1 exterior bill slots which holds multiple bills,Joe's Venture,,,,FALSE,Option 1,ChocolateBrown,Option 2,Hand Stitching,,,TRIFO4,,,,deny,manual,1500.00,,TRUE,TRUE,,,,,FALSE,The JLG Trifold Wallet,The JLG – Trifold wallet for the minimalist. It is made from 100% full grain leather which has a gorgeous rich pull up. This wallet will last you many years and is handcrafted to ensure maximum quality and durability. Features:– 100% handcrafted– Option of Machine Stitched or Hand Stitched– Fair trade made– 5 interior ,,,,,new,,,,,,draft
the-jlg-trifold-wallet,The JLG Trifold Wallet,The JLG – Trifold wallet for the minimalist. It is made from 100% full grain leather which has a gorgeous rich pull up. This wallet will last you many years and is handcrafted to ensure maximum quality and durability. Features:– 100% handcrafted– Option of Machine Stitched or Hand Stitched– Fair trade made– 5 interior card slots which hold 2 cards each– 1 exterior bill slots which holds multiple bills,Joe's Venture,,,,FALSE,Option 1,ClassicBrown,Option 2,Machine Stitching,,,TRIFO5,,,,deny,manual,1100.00,,TRUE,TRUE,,,,,FALSE,The JLG Trifold Wallet,The JLG – Trifold wallet for the minimalist. It is made from 100% full grain leather which has a gorgeous rich pull up. This wallet will last you many years and is handcrafted to ensure maximum quality and durability. Features:– 100% handcrafted– Option of Machine Stitched or Hand Stitched– Fair trade made– 5 interior ,,,,,new,,,,,,draft
the-jlg-trifold-wallet,The JLG Trifold Wallet,The JLG – Trifold wallet for the minimalist. It is made from 100% full grain leather which has a gorgeous rich pull up. This wallet will last you many years and is handcrafted to ensure maximum quality and durability. Features:– 100% handcrafted– Option of Machine Stitched or Hand Stitched– Fair trade made– 5 interior card slots which hold 2 cards each– 1 exterior bill slots which holds multiple bills,Joe's Venture,,,,FALSE,Option 1,ClassicBrown,Option 2,Hand Stitching,,,TRIFO6,,,,deny,manual,1500.00,,TRUE,TRUE,,,,,FALSE,The JLG Trifold Wallet,The JLG – Trifold wallet for the minimalist. It is made from 100% full grain leather which has a gorgeous rich pull up. This wallet will last you many years and is handcrafted to ensure maximum quality and durability. Features:– 100% handcrafted– Option of Machine Stitched or Hand Stitched– Fair trade made– 5 interior ,,,,,new,,,,,,draft
the-jlg-trifold-wallet,The JLG Trifold Wallet,The JLG – Trifold wallet for the minimalist. It is made from 100% full grain leather which has a gorgeous rich pull up. This wallet will last you many years and is handcrafted to ensure maximum quality and durability. Features:– 100% handcrafted– Option of Machine Stitched or Hand Stitched– Fair trade made– 5 interior card slots which hold 2 cards each– 1 exterior bill slots which holds multiple bills,Joe's Venture,,,,FALSE,Option 1,Olive,Option 2,Machine Stitching,,,TRIFO7,,,,deny,manual,1100.00,,TRUE,TRUE,,,,,FALSE,The JLG Trifold Wallet,The JLG – Trifold wallet for the minimalist. It is made from 100% full grain leather which has a gorgeous rich pull up. This wallet will last you many years and is handcrafted to ensure maximum quality and durability. Features:– 100% handcrafted– Option of Machine Stitched or Hand Stitched– Fair trade made– 5 interior ,,,,,new,,,,,,draft
the-jlg-trifold-wallet,The JLG Trifold Wallet,The JLG – Trifold wallet for the minimalist. It is made from 100% full grain leather which has a gorgeous rich pull up. This wallet will last you many years and is handcrafted to ensure maximum quality and durability. Features:– 100% handcrafted– Option of Machine Stitched or Hand Stitched– Fair trade made– 5 interior card slots which hold 2 cards each– 1 exterior bill slots which holds multiple bills,Joe's Venture,,,,FALSE,Option 1,Olive,Option 2,Hand Stitching,,,TRIFO8,,,,deny,manual,1500.00,,TRUE,TRUE,,,,,FALSE,The JLG Trifold Wallet,The JLG – Trifold wallet for the minimalist. It is made from 100% full grain leather which has a gorgeous rich pull up. This wallet will last you many years and is handcrafted to ensure maximum quality and durability. Features:– 100% handcrafted– Option of Machine Stitched or Hand Stitched– Fair trade made– 5 interior ,,,,,new,,,,,,draft
the-jlg-trifold-wallet,The JLG Trifold Wallet,The JLG – Trifold wallet for the minimalist. It is made from 100% full grain leather which has a gorgeous rich pull up. This wallet will last you many years and is handcrafted to ensure maximum quality and durability. Features:– 100% handcrafted– Option of Machine Stitched or Hand Stitched– Fair trade made– 5 interior card slots which hold 2 cards each– 1 exterior bill slots which holds multiple bills,Joe's Venture,,,,FALSE,Option 1,CoffeeBrown,Option 2,Machine Stitching,,,TRIFO9,,,,deny,manual,1100.00,,TRUE,TRUE,,,,,FALSE,The JLG Trifold Wallet,The JLG – Trifold wallet for the minimalist. It is made from 100% full grain leather which has a gorgeous rich pull up. This wallet will last you many years and is handcrafted to ensure maximum quality and durability. Features:– 100% handcrafted– Option of Machine Stitched or Hand Stitched– Fair trade made– 5 interior ,,,,,new,,,,,,draft
the-jlg-trifold-wallet,The JLG Trifold Wallet,The JLG – Trifold wallet for the minimalist. It is made from 100% full grain leather which has a gorgeous rich pull up. This wallet will last you many years and is handcrafted to ensure maximum quality and durability. Features:– 100% handcrafted– Option of Machine Stitched or Hand Stitched– Fair trade made– 5 interior card slots which hold 2 cards each– 1 exterior bill slots which holds multiple bills,Joe's Venture,,,,FALSE,Option 1,CoffeeBrown,Option 2,Hand Stitching,,,TRIFO10,,,,deny,manual,1500.00,,TRUE,TRUE,,,,,FALSE,The JLG Trifold Wallet,The JLG – Trifold wallet for the minimalist. It is made from 100% full grain leather which has a gorgeous rich pull up. This wallet will last you many years and is handcrafted to ensure maximum quality and durability. Features:– 100% handcrafted– Option of Machine Stitched or Hand Stitched– Fair trade made– 5 interior ,,,,,new,,,,,,draft
the-jlg-v2-wallet,The JLG V2 Wallet,The JLG Cardholder V2 is a minimalist wallet made with the finest of pull-up leathers. Handcrafted to fit your minimalist lifestyle and made to last. Features:– Hand stitched with Japanese thread.– Hand finished dyed edges– Fair trade made– 2 card slots which fits up to 2 cards – 1main card slots which fits up to 4 cards,Joe's Venture,,,,FALSE,Option 1,Havane,Option 2,Machine Stitching,,,V21,,,,deny,manual,700.00,,TRUE,TRUE,,,,,FALSE,The JLG V2 Wallet,The JLG Cardholder V2 is a minimalist wallet made with the finest of pull-up leathers. Handcrafted to fit your minimalist lifestyle and made to last. Features:– Hand stitched with Japanese thread.– Hand finished dyed edges– Fair trade made– 2 card slots which fits up to 2 cards – 1main card slots which fits up to 4 car,,,,,new,,,,,,draft
the-jlg-v2-wallet,The JLG V2 Wallet,The JLG Cardholder V2 is a minimalist wallet made with the finest of pull-up leathers. Handcrafted to fit your minimalist lifestyle and made to last. Features:– Hand stitched with Japanese thread.– Hand finished dyed edges– Fair trade made– 2 card slots which fits up to 2 cards – 1main card slots which fits up to 4 cards,Joe's Venture,,,,FALSE,Option 1,Havane,Option 2,Hand Stitching,,,V22,,,,deny,manual,900.00,,TRUE,TRUE,,,,,FALSE,The JLG V2 Wallet,The JLG Cardholder V2 is a minimalist wallet made with the finest of pull-up leathers. Handcrafted to fit your minimalist lifestyle and made to last. Features:– Hand stitched with Japanese thread.– Hand finished dyed edges– Fair trade made– 2 card slots which fits up to 2 cards – 1main card slots which fits up to 4 car,,,,,new,,,,,,draft
the-jlg-v2-wallet,The JLG V2 Wallet,The JLG Cardholder V2 is a minimalist wallet made with the finest of pull-up leathers. Handcrafted to fit your minimalist lifestyle and made to last. Features:– Hand stitched with Japanese thread.– Hand finished dyed edges– Fair trade made– 2 card slots which fits up to 2 cards – 1main card slots which fits up to 4 cards,Joe's Venture,,,,FALSE,Option 1,ChocolateBrown,Option 2,Machine Stitching,,,V23,,,,deny,manual,700.00,,TRUE,TRUE,,,,,FALSE,The JLG V2 Wallet,The JLG Cardholder V2 is a minimalist wallet made with the finest of pull-up leathers. Handcrafted to fit your minimalist lifestyle and made to last. Features:– Hand stitched with Japanese thread.– Hand finished dyed edges– Fair trade made– 2 card slots which fits up to 2 cards – 1main card slots which fits up to 4 car,,,,,new,,,,,,draft
the-jlg-v2-wallet,The JLG V2 Wallet,The JLG Cardholder V2 is a minimalist wallet made with the finest of pull-up leathers. Handcrafted to fit your minimalist lifestyle and made to last. Features:– Hand stitched with Japanese thread.– Hand finished dyed edges– Fair trade made– 2 card slots which fits up to 2 cards – 1main card slots which fits up to 4 cards,Joe's Venture,,,,FALSE,Option 1,ChocolateBrown,Option 2,Hand Stitching,,,V24,,,,deny,manual,900.00,,TRUE,TRUE,,,,,FALSE,The JLG V2 Wallet,The JLG Cardholder V2 is a minimalist wallet made with the finest of pull-up leathers. Handcrafted to fit your minimalist lifestyle and made to last. Features:– Hand stitched with Japanese thread.– Hand finished dyed edges– Fair trade made– 2 card slots which fits up to 2 cards – 1main card slots which fits up to 4 car,,,,,new,,,,,,draft
the-jlg-v2-wallet,The JLG V2 Wallet,The JLG Cardholder V2 is a minimalist wallet made with the finest of pull-up leathers. Handcrafted to fit your minimalist lifestyle and made to last. Features:– Hand stitched with Japanese thread.– Hand finished dyed edges– Fair trade made– 2 card slots which fits up to 2 cards – 1main card slots which fits up to 4 cards,Joe's Venture,,,,FALSE,Option 1,ClassicBrown,Option 2,Machine Stitching,,,V25,,,,deny,manual,700.00,,TRUE,TRUE,,,,,FALSE,The JLG V2 Wallet,The JLG Cardholder V2 is a minimalist wallet made with the finest of pull-up leathers. Handcrafted to fit your minimalist lifestyle and made to last. Features:– Hand stitched with Japanese thread.– Hand finished dyed edges– Fair trade made– 2 card slots which fits up to 2 cards – 1main card slots which fits up to 4 car,,,,,new,,,,,,draft
the-jlg-v2-wallet,The JLG V2 Wallet,The JLG Cardholder V2 is a minimalist wallet made with the finest of pull-up leathers. Handcrafted to fit your minimalist lifestyle and made to last. Features:– Hand stitched with Japanese thread.– Hand finished dyed edges– Fair trade made– 2 card slots which fits up to 2 cards – 1main card slots which fits up to 4 cards,Joe's Venture,,,,FALSE,Option 1,ClassicBrown,Option 2,Hand Stitching,,,V26,,,,deny,manual,900.00,,TRUE,TRUE,,,,,FALSE,The JLG V2 Wallet,The JLG Cardholder V2 is a minimalist wallet made with the finest of pull-up leathers. Handcrafted to fit your minimalist lifestyle and made to last. Features:– Hand stitched with Japanese thread.– Hand finished dyed edges– Fair trade made– 2 card slots which fits up to 2 cards – 1main card slots which fits up to 4 car,,,,,new,,,,,,draft
the-jlg-v2-wallet,The JLG V2 Wallet,The JLG Cardholder V2 is a minimalist wallet made with the finest of pull-up leathers. Handcrafted to fit your minimalist lifestyle and made to last. Features:– Hand stitched with Japanese thread.– Hand finished dyed edges– Fair trade made– 2 card slots which fits up to 2 cards – 1main card slots which fits up to 4 cards,Joe's Venture,,,,FALSE,Option 1,Olive,Option 2,Machine Stitching,,,V27,,,,deny,manual,700.00,,TRUE,TRUE,,,,,FALSE,The JLG V2 Wallet,The JLG Cardholder V2 is a minimalist wallet made with the finest of pull-up leathers. Handcrafted to fit your minimalist lifestyle and made to last. Features:– Hand stitched with Japanese thread.– Hand finished dyed edges– Fair trade made– 2 card slots which fits up to 2 cards – 1main card slots which fits up to 4 car,,,,,new,,,,,,draft
the-jlg-v2-wallet,The JLG V2 Wallet,The JLG Cardholder V2 is a minimalist wallet made with the finest of pull-up leathers. Handcrafted to fit your minimalist lifestyle and made to last. Features:– Hand stitched with Japanese thread.– Hand finished dyed edges– Fair trade made– 2 card slots which fits up to 2 cards – 1main card slots which fits up to 4 cards,Joe's Venture,,,,FALSE,Option 1,Olive,Option 2,Hand Stitching,,,V28,,,,deny,manual,900.00,,TRUE,TRUE,,,,,FALSE,The JLG V2 Wallet,The JLG Cardholder V2 is a minimalist wallet made with the finest of pull-up leathers. Handcrafted to fit your minimalist lifestyle and made to last. Features:– Hand stitched with Japanese thread.– Hand finished dyed edges– Fair trade made– 2 card slots which fits up to 2 cards – 1main card slots which fits up to 4 car,,,,,new,,,,,,draft
the-jlg-v2-wallet,The JLG V2 Wallet,The JLG Cardholder V2 is a minimalist wallet made with the finest of pull-up leathers. Handcrafted to fit your minimalist lifestyle and made to last. Features:– Hand stitched with Japanese thread.– Hand finished dyed edges– Fair trade made– 2 card slots which fits up to 2 cards – 1main card slots which fits up to 4 cards,Joe's Venture,,,,FALSE,Option 1,BuckBrown,Option 2,Machine Stitching,,,V29,,,,deny,manual,700.00,,TRUE,TRUE,,,,,FALSE,The JLG V2 Wallet,The JLG Cardholder V2 is a minimalist wallet made with the finest of pull-up leathers. Handcrafted to fit your minimalist lifestyle and made to last. Features:– Hand stitched with Japanese thread.– Hand finished dyed edges– Fair trade made– 2 card slots which fits up to 2 cards – 1main card slots which fits up to 4 car,,,,,new,,,,,,draft
the-jlg-v2-wallet,The JLG V2 Wallet,The JLG Cardholder V2 is a minimalist wallet made with the finest of pull-up leathers. Handcrafted to fit your minimalist lifestyle and made to last. Features:– Hand stitched with Japanese thread.– Hand finished dyed edges– Fair trade made– 2 card slots which fits up to 2 cards – 1main card slots which fits up to 4 cards,Joe's Venture,,,,FALSE,Option 1,BuckBrown,Option 2,Hand Stitching,,,V210,,,,deny,manual,900.00,,TRUE,TRUE,,,,,FALSE,The JLG V2 Wallet,The JLG Cardholder V2 is a minimalist wallet made with the finest of pull-up leathers. Handcrafted to fit your minimalist lifestyle and made to last. Features:– Hand stitched with Japanese thread.– Hand finished dyed edges– Fair trade made– 2 card slots which fits up to 2 cards – 1main card slots which fits up to 4 car,,,,,new,,,,,,draft
the-jlg-v2-wallet,The JLG V2 Wallet,The JLG Cardholder V2 is a minimalist wallet made with the finest of pull-up leathers. Handcrafted to fit your minimalist lifestyle and made to last. Features:– Hand stitched with Japanese thread.– Hand finished dyed edges– Fair trade made– 2 card slots which fits up to 2 cards – 1main card slots which fits up to 4 cards,Joe's Venture,,,,FALSE,Option 1,GhostBlack,Option 2,Machine Stitching,,,V211,,,,deny,manual,700.00,,TRUE,TRUE,,,,,FALSE,The JLG V2 Wallet,The JLG Cardholder V2 is a minimalist wallet made with the finest of pull-up leathers. Handcrafted to fit your minimalist lifestyle and made to last. Features:– Hand stitched with Japanese thread.– Hand finished dyed edges– Fair trade made– 2 card slots which fits up to 2 cards – 1main card slots which fits up to 4 car,,,,,new,,,,,,draft
the-jlg-v2-wallet,The JLG V2 Wallet,The JLG Cardholder V2 is a minimalist wallet made with the finest of pull-up leathers. Handcrafted to fit your minimalist lifestyle and made to last. Features:– Hand stitched with Japanese thread.– Hand finished dyed edges– Fair trade made– 2 card slots which fits up to 2 cards – 1main card slots which fits up to 4 cards,Joe's Venture,,,,FALSE,Option 1,GhostBlack,Option 2,Hand Stitching,,,V212,,,,deny,manual,900.00,,TRUE,TRUE,,,,,FALSE,The JLG V2 Wallet,The JLG Cardholder V2 is a minimalist wallet made with the finest of pull-up leathers. Handcrafted to fit your minimalist lifestyle and made to last. Features:– Hand stitched with Japanese thread.– Hand finished dyed edges– Fair trade made– 2 card slots which fits up to 2 cards – 1main card slots which fits up to 4 car,,,,,new,,,,,,draft
the-jlg-zipgo,The JLG Zipgo,The JLG Cardholder V2 is a minimalist wallet made with the finest of Vegtan leathers. Handcrafted to fit your minimalist lifestyle and made to last. Features:– Hand stitched with Japanese thread.– Hand finished dyed edges– Fair trade made– 2 card slots which fits up to 2 cards –1 main card slots which fits up to 4 cards– 1 Zipper Slot For small items,Joe's Venture,,,,FALSE,Option 1,Havane,Option 2,Machine Stitching,,,Zip1,,,,deny,manual,700.00,,TRUE,TRUE,,,,,FALSE,The JLG Zipgo,The JLG Cardholder V2 is a minimalist wallet made with the finest of Vegtan leathers. Handcrafted to fit your minimalist lifestyle and made to last. Features:– Hand stitched with Japanese thread.– Hand finished dyed edges– Fair trade made– 2 card slots which fits up to 2 cards –1 main card slots which fits up to 4 card,,,,,new,,,,,,draft
the-jlg-zipgo,The JLG Zipgo,The JLG Cardholder V2 is a minimalist wallet made with the finest of Vegtan leathers. Handcrafted to fit your minimalist lifestyle and made to last. Features:– Hand stitched with Japanese thread.– Hand finished dyed edges– Fair trade made– 2 card slots which fits up to 2 cards –1 main card slots which fits up to 4 cards– 1 Zipper Slot For small items,Joe's Venture,,,,FALSE,Option 1,Havane,Option 2,Hand Stitching,,,Zip2,,,,deny,manual,1100.00,,TRUE,TRUE,,,,,FALSE,The JLG Zipgo,The JLG Cardholder V2 is a minimalist wallet made with the finest of Vegtan leathers. Handcrafted to fit your minimalist lifestyle and made to last. Features:– Hand stitched with Japanese thread.– Hand finished dyed edges– Fair trade made– 2 card slots which fits up to 2 cards –1 main card slots which fits up to 4 card,,,,,new,,,,,,draft
the-jlg-zipgo,The JLG Zipgo,The JLG Cardholder V2 is a minimalist wallet made with the finest of Vegtan leathers. Handcrafted to fit your minimalist lifestyle and made to last. Features:– Hand stitched with Japanese thread.– Hand finished dyed edges– Fair trade made– 2 card slots which fits up to 2 cards –1 main card slots which fits up to 4 cards– 1 Zipper Slot For small items,Joe's Venture,,,,FALSE,Option 1,ChocolateBrown,Option 2,Machine Stitching,,,Zip3,,,,deny,manual,700.00,,TRUE,TRUE,,,,,FALSE,The JLG Zipgo,The JLG Cardholder V2 is a minimalist wallet made with the finest of Vegtan leathers. Handcrafted to fit your minimalist lifestyle and made to last. Features:– Hand stitched with Japanese thread.– Hand finished dyed edges– Fair trade made– 2 card slots which fits up to 2 cards –1 main card slots which fits up to 4 card,,,,,new,,,,,,draft
the-jlg-zipgo,The JLG Zipgo,The JLG Cardholder V2 is a minimalist wallet made with the finest of Vegtan leathers. Handcrafted to fit your minimalist lifestyle and made to last. Features:– Hand stitched with Japanese thread.– Hand finished dyed edges– Fair trade made– 2 card slots which fits up to 2 cards –1 main card slots which fits up to 4 cards– 1 Zipper Slot For small items,Joe's Venture,,,,FALSE,Option 1,ChocolateBrown,Option 2,Hand Stitching,,,Zip4,,,,deny,manual,1100.00,,TRUE,TRUE,,,,,FALSE,The JLG Zipgo,The JLG Cardholder V2 is a minimalist wallet made with the finest of Vegtan leathers. Handcrafted to fit your minimalist lifestyle and made to last. Features:– Hand stitched with Japanese thread.– Hand finished dyed edges– Fair trade made– 2 card slots which fits up to 2 cards –1 main card slots which fits up to 4 card,,,,,new,,,,,,draft
the-jlg-zipgo,The JLG Zipgo,The JLG Cardholder V2 is a minimalist wallet made with the finest of Vegtan leathers. Handcrafted to fit your minimalist lifestyle and made to last. Features:– Hand stitched with Japanese thread.– Hand finished dyed edges– Fair trade made– 2 card slots which fits up to 2 cards –1 main card slots which fits up to 4 cards– 1 Zipper Slot For small items,Joe's Venture,,,,FALSE,Option 1,ClassicBrown,Option 2,Machine Stitching,,,Zip5,,,,deny,manual,700.00,,TRUE,TRUE,,,,,FALSE,The JLG Zipgo,The JLG Cardholder V2 is a minimalist wallet made with the finest of Vegtan leathers. Handcrafted to fit your minimalist lifestyle and made to last. Features:– Hand stitched with Japanese thread.– Hand finished dyed edges– Fair trade made– 2 card slots which fits up to 2 cards –1 main card slots which fits up to 4 card,,,,,new,,,,,,draft
the-jlg-zipgo,The JLG Zipgo,The JLG Cardholder V2 is a minimalist wallet made with the finest of Vegtan leathers. Handcrafted to fit your minimalist lifestyle and made to last. Features:– Hand stitched with Japanese thread.– Hand finished dyed edges– Fair trade made– 2 card slots which fits up to 2 cards –1 main card slots which fits up to 4 cards– 1 Zipper Slot For small items,Joe's Venture,,,,FALSE,Option 1,ClassicBrown,Option 2,Hand Stitching,,,Zip6,,,,deny,manual,1100.00,,TRUE,TRUE,,,,,FALSE,The JLG Zipgo,The JLG Cardholder V2 is a minimalist wallet made with the finest of Vegtan leathers. Handcrafted to fit your minimalist lifestyle and made to last. Features:– Hand stitched with Japanese thread.– Hand finished dyed edges– Fair trade made– 2 card slots which fits up to 2 cards –1 main card slots which fits up to 4 card,,,,,new,,,,,,draft
the-jlg-zipgo,The JLG Zipgo,The JLG Cardholder V2 is a minimalist wallet made with the finest of Vegtan leathers. Handcrafted to fit your minimalist lifestyle and made to last. Features:– Hand stitched with Japanese thread.– Hand finished dyed edges– Fair trade made– 2 card slots which fits up to 2 cards –1 main card slots which fits up to 4 cards– 1 Zipper Slot For small items,Joe's Venture,,,,FALSE,Option 1,Olive,Option 2,Machine Stitching,,,Zip7,,,,deny,manual,700.00,,TRUE,TRUE,,,,,FALSE,The JLG Zipgo,The JLG Cardholder V2 is a minimalist wallet made with the finest of Vegtan leathers. Handcrafted to fit your minimalist lifestyle and made to last. Features:– Hand stitched with Japanese thread.– Hand finished dyed edges– Fair trade made– 2 card slots which fits up to 2 cards –1 main card slots which fits up to 4 card,,,,,new,,,,,,draft
the-jlg-zipgo,The JLG Zipgo,The JLG Cardholder V2 is a minimalist wallet made with the finest of Vegtan leathers. Handcrafted to fit your minimalist lifestyle and made to last. Features:– Hand stitched with Japanese thread.– Hand finished dyed edges– Fair trade made– 2 card slots which fits up to 2 cards –1 main card slots which fits up to 4 cards– 1 Zipper Slot For small items,Joe's Venture,,,,FALSE,Option 1,Olive,Option 2,Hand Stitching,,,Zip8,,,,deny,manual,1100.00,,TRUE,TRUE,,,,,FALSE,The JLG Zipgo,The JLG Cardholder V2 is a minimalist wallet made with the finest of Vegtan leathers. Handcrafted to fit your minimalist lifestyle and made to last. Features:– Hand stitched with Japanese thread.– Hand finished dyed edges– Fair trade made– 2 card slots which fits up to 2 cards –1 main card slots which fits up to 4 card,,,,,new,,,,,,draft
the-paratrooper-bag,The Paratrooper bag,"Introducing our latest addition to the collection - the Pebbled Leather Bag, a fusion of sophistication and functionality. Crafted from luxurious pebbled leather, this bag exudes elegance while offering practicality for the modern individual. Designed with a spacious inner compartment tailored to accommodate your laptop, it ensures both style and utility seamlessly integrate into your daily routine. But that's not all, hidden within its sleek exterior lies a discreet back pocket, providing added security for your essentials. Elevate your everyday carry with the perfect blend of style and convenience - the Pebbled Leather Bag.",Joe's Venture,,,,FALSE,Option 1,Pebbled Black,,,,,,0,,,deny,manual,5400.00,,TRUE,TRUE,,https://16.192.29.174.nip.io/assets/recovery/joes-venture/images/the-paratrooper-bag-01-197e80d1f5.jpg,1,The Paratrooper bag,FALSE,The Paratrooper bag,"Introducing our latest addition to the collection - the Pebbled Leather Bag, a fusion of sophistication and functionality. Crafted from luxurious pebbled leather, this bag exudes elegance while offering practicality for the modern individual. Designed with a spacious inner compartment tailored to accommodate your lapto",,,,,new,,,,,,draft
the-paratrooper-bag,The Paratrooper bag,"Introducing our latest addition to the collection - the Pebbled Leather Bag, a fusion of sophistication and functionality. Crafted from luxurious pebbled leather, this bag exudes elegance while offering practicality for the modern individual. Designed with a spacious inner compartment tailored to accommodate your laptop, it ensures both style and utility seamlessly integrate into your daily routine. But that's not all, hidden within its sleek exterior lies a discreet back pocket, providing added security for your essentials. Elevate your everyday carry with the perfect blend of style and convenience - the Pebbled Leather Bag.",Joe's Venture,,,,FALSE,Option 1,Pebbled light brown,,,,,,0,,,deny,manual,5400.00,,TRUE,TRUE,,,,,FALSE,The Paratrooper bag,"Introducing our latest addition to the collection - the Pebbled Leather Bag, a fusion of sophistication and functionality. Crafted from luxurious pebbled leather, this bag exudes elegance while offering practicality for the modern individual. Designed with a spacious inner compartment tailored to accommodate your lapto",,,,,new,,,,,,draft
the-paratrooper-bag,,,,,,,,,,,,,,,,,,,,,,,,,https://16.192.29.174.nip.io/assets/recovery/joes-venture/images/the-paratrooper-bag-02-9ab47d49d5.jpg,2,The Paratrooper bag,,,,,,,,,,,,,,
the-paratrooper-bag,,,,,,,,,,,,,,,,,,,,,,,,,https://16.192.29.174.nip.io/assets/recovery/joes-venture/images/the-paratrooper-bag-03-a0ba972dbc.jpg,3,The Paratrooper bag,,,,,,,,,,,,,,
the-paros-convertible,The Paros convertible,"The Paros convertible, you can use as a backpack or a cross body bag, crafted using durable materials and leather. It is designed to fit perfectly into your adventure with its timeless, large, heavy and back-comfort style and ideal size for everyday use. This leather convertible backpack is convenient and has a minimalistic design while being excellently luxurious. It is flawlessly suitable to combine form and function. Features: - 100% HANDCRAFTED- FULL-GRAIN LEATHER- ADJUSTABLE SHOULDER STRAP- 1 INSIDE POCKET",Joe's Venture,,,,FALSE,Option 1,BuckBrown,,,,,Par1,,,,deny,manual,2600.00,,TRUE,TRUE,,https://16.192.29.174.nip.io/assets/recovery/joes-venture/images/the-paros-convertible-01-0292f0b768.jpg,1,The Paros convertible,FALSE,The Paros convertible,"The Paros convertible, you can use as a backpack or a cross body bag, crafted using durable materials and leather. It is designed to fit perfectly into your adventure with its timeless, large, heavy and back-comfort style and ideal size for everyday use. This leather convertible backpack is convenient and has a minimal",,,,,new,,,,,,draft
the-paros-convertible,The Paros convertible,"The Paros convertible, you can use as a backpack or a cross body bag, crafted using durable materials and leather. It is designed to fit perfectly into your adventure with its timeless, large, heavy and back-comfort style and ideal size for everyday use. This leather convertible backpack is convenient and has a minimalistic design while being excellently luxurious. It is flawlessly suitable to combine form and function. Features: - 100% HANDCRAFTED- FULL-GRAIN LEATHER- ADJUSTABLE SHOULDER STRAP- 1 INSIDE POCKET",Joe's Venture,,,,FALSE,Option 1,CoffeeBrown,,,,,Par2,,,,deny,manual,2600.00,,TRUE,TRUE,,,,,FALSE,The Paros convertible,"The Paros convertible, you can use as a backpack or a cross body bag, crafted using durable materials and leather. It is designed to fit perfectly into your adventure with its timeless, large, heavy and back-comfort style and ideal size for everyday use. This leather convertible backpack is convenient and has a minimal",,,,,new,,,,,,draft
the-paros-convertible,The Paros convertible,"The Paros convertible, you can use as a backpack or a cross body bag, crafted using durable materials and leather. It is designed to fit perfectly into your adventure with its timeless, large, heavy and back-comfort style and ideal size for everyday use. This leather convertible backpack is convenient and has a minimalistic design while being excellently luxurious. It is flawlessly suitable to combine form and function. Features: - 100% HANDCRAFTED- FULL-GRAIN LEATHER- ADJUSTABLE SHOULDER STRAP- 1 INSIDE POCKET",Joe's Venture,,,,FALSE,Option 1,GhostBlack,,,,,Par3,,,,deny,manual,2600.00,,TRUE,TRUE,,,,,FALSE,The Paros convertible,"The Paros convertible, you can use as a backpack or a cross body bag, crafted using durable materials and leather. It is designed to fit perfectly into your adventure with its timeless, large, heavy and back-comfort style and ideal size for everyday use. This leather convertible backpack is convenient and has a minimal",,,,,new,,,,,,draft
the-paros-convertible,The Paros convertible,"The Paros convertible, you can use as a backpack or a cross body bag, crafted using durable materials and leather. It is designed to fit perfectly into your adventure with its timeless, large, heavy and back-comfort style and ideal size for everyday use. This leather convertible backpack is convenient and has a minimalistic design while being excellently luxurious. It is flawlessly suitable to combine form and function. Features: - 100% HANDCRAFTED- FULL-GRAIN LEATHER- ADJUSTABLE SHOULDER STRAP- 1 INSIDE POCKET",Joe's Venture,,,,FALSE,Title,Default Title,,,,,,,,,deny,manual,2299.0,,TRUE,TRUE,,,,,FALSE,The Paros convertible,"The Paros convertible, you can use as a backpack or a cross body bag, crafted using durable materials and leather. It is designed to fit perfectly into your adventure with its timeless, large, heavy and back-comfort style and ideal size for everyday use. This leather convertible backpack is convenient and has a minimal",,,,,new,,,,,,draft
the-sandy,The Sandy,"Only three pieces were ever made of each Color! Enjoy the exclusivity Introducing our perfect companion for seaside picnics: the Picnic Pleasure Beach Bag. Crafted from a blend of real leather and transparent plastic, this bag combines style with functionality, ensuring your outdoor dining experience is both elegant and practical. With spacious compartments and durable construction, it's designed to carry everything you need for a delightful picnic by the beach. Embrace convenience and sophistication with the Picnic Pleasure Beach Bag, your essential companion for outdoor gatherings.",Joe's Venture,,Apparel & Accessories,,FALSE,Option 1,Brown,,,,,,0,shopify,,deny,manual,1800.00,,TRUE,TRUE,,,,,FALSE,The Sandy,"Only three pieces were ever made of each Color! Enjoy the exclusivity Introducing our perfect companion for seaside picnics: the Picnic Pleasure Beach Bag. Crafted from a blend of real leather and transparent plastic, this bag combines style with functionality, ensuring your outdoor dining experience is both elegant an",,,,,new,,,,,,draft
the-sandy,The Sandy,"Only three pieces were ever made of each Color! Enjoy the exclusivity Introducing our perfect companion for seaside picnics: the Picnic Pleasure Beach Bag. Crafted from a blend of real leather and transparent plastic, this bag combines style with functionality, ensuring your outdoor dining experience is both elegant and practical. With spacious compartments and durable construction, it's designed to carry everything you need for a delightful picnic by the beach. Embrace convenience and sophistication with the Picnic Pleasure Beach Bag, your essential companion for outdoor gatherings.",Joe's Venture,,Apparel & Accessories,,FALSE,Option 1,Green,,,,,,0,shopify,,deny,manual,1800.00,,TRUE,TRUE,,,,,FALSE,The Sandy,"Only three pieces were ever made of each Color! Enjoy the exclusivity Introducing our perfect companion for seaside picnics: the Picnic Pleasure Beach Bag. Crafted from a blend of real leather and transparent plastic, this bag combines style with functionality, ensuring your outdoor dining experience is both elegant an",,,,,new,,,,,,draft
the-sandy,The Sandy,"Only three pieces were ever made of each Color! Enjoy the exclusivity Introducing our perfect companion for seaside picnics: the Picnic Pleasure Beach Bag. Crafted from a blend of real leather and transparent plastic, this bag combines style with functionality, ensuring your outdoor dining experience is both elegant and practical. With spacious compartments and durable construction, it's designed to carry everything you need for a delightful picnic by the beach. Embrace convenience and sophistication with the Picnic Pleasure Beach Bag, your essential companion for outdoor gatherings.",Joe's Venture,,Apparel & Accessories,,FALSE,Option 1,Blue,,,,,,0,shopify,,deny,manual,1800.00,,TRUE,TRUE,,,,,FALSE,The Sandy,"Only three pieces were ever made of each Color! Enjoy the exclusivity Introducing our perfect companion for seaside picnics: the Picnic Pleasure Beach Bag. Crafted from a blend of real leather and transparent plastic, this bag combines style with functionality, ensuring your outdoor dining experience is both elegant an",,,,,new,,,,,,draft
the-sandy,The Sandy,"Only three pieces were ever made of each Color! Enjoy the exclusivity Introducing our perfect companion for seaside picnics: the Picnic Pleasure Beach Bag. Crafted from a blend of real leather and transparent plastic, this bag combines style with functionality, ensuring your outdoor dining experience is both elegant and practical. With spacious compartments and durable construction, it's designed to carry everything you need for a delightful picnic by the beach. Embrace convenience and sophistication with the Picnic Pleasure Beach Bag, your essential companion for outdoor gatherings.",Joe's Venture,,Apparel & Accessories,,FALSE,Option 1,Aubergine,,,,,,0,shopify,,deny,manual,1800.00,,TRUE,TRUE,,,,,FALSE,The Sandy,"Only three pieces were ever made of each Color! Enjoy the exclusivity Introducing our perfect companion for seaside picnics: the Picnic Pleasure Beach Bag. Crafted from a blend of real leather and transparent plastic, this bag combines style with functionality, ensuring your outdoor dining experience is both elegant an",,,,,new,,,,,,draft
the-shoreline,The Shoreline,"Only three pieces were ever made of each Color! Enjoy the exclusivity Introducing the Shoreline Bliss Beach Bag, your perfect companion for a day of sun, sand, and sea. Crafted with a blend of durable canvas and water-resistant materials, this bag combines functionality with beachside elegance. Spaciously designed to hold your beach towels, sunscreen, snacks, and more, it ensures you have everything you need for a relaxing day by the water. With its stylish design and comfortable shoulder straps, the Shoreline Bliss Beach Bag effortlessly complements your beach attire while keeping your essentials organized and easily accessible. Embrace the essence of coastal leisure with this essential accessory, designed for a day well spent soaking in the beauty of the beach.",Joe's Venture,,,,FALSE,Option 1,Brown,,,,,,0,shopify,,deny,manual,1400.00,,TRUE,TRUE,,https://16.192.29.174.nip.io/assets/recovery/joes-venture/images/the-shoreline-01-724e5ea38a.jpg,1,The Shoreline,FALSE,The Shoreline,"Only three pieces were ever made of each Color! Enjoy the exclusivity Introducing the Shoreline Bliss Beach Bag, your perfect companion for a day of sun, sand, and sea. Crafted with a blend of durable canvas and water-resistant materials, this bag combines functionality with beachside elegance. Spaciously designed to h",,,,,new,,,,,,draft
the-shoreline,The Shoreline,"Only three pieces were ever made of each Color! Enjoy the exclusivity Introducing the Shoreline Bliss Beach Bag, your perfect companion for a day of sun, sand, and sea. Crafted with a blend of durable canvas and water-resistant materials, this bag combines functionality with beachside elegance. Spaciously designed to hold your beach towels, sunscreen, snacks, and more, it ensures you have everything you need for a relaxing day by the water. With its stylish design and comfortable shoulder straps, the Shoreline Bliss Beach Bag effortlessly complements your beach attire while keeping your essentials organized and easily accessible. Embrace the essence of coastal leisure with this essential accessory, designed for a day well spent soaking in the beauty of the beach.",Joe's Venture,,,,FALSE,Option 1,Blue,,,,,,0,shopify,,deny,manual,1400.00,,TRUE,TRUE,,,,,FALSE,The Shoreline,"Only three pieces were ever made of each Color! Enjoy the exclusivity Introducing the Shoreline Bliss Beach Bag, your perfect companion for a day of sun, sand, and sea. Crafted with a blend of durable canvas and water-resistant materials, this bag combines functionality with beachside elegance. Spaciously designed to h",,,,,new,,,,,,draft
the-shoreline,The Shoreline,"Only three pieces were ever made of each Color! Enjoy the exclusivity Introducing the Shoreline Bliss Beach Bag, your perfect companion for a day of sun, sand, and sea. Crafted with a blend of durable canvas and water-resistant materials, this bag combines functionality with beachside elegance. Spaciously designed to hold your beach towels, sunscreen, snacks, and more, it ensures you have everything you need for a relaxing day by the water. With its stylish design and comfortable shoulder straps, the Shoreline Bliss Beach Bag effortlessly complements your beach attire while keeping your essentials organized and easily accessible. Embrace the essence of coastal leisure with this essential accessory, designed for a day well spent soaking in the beauty of the beach.",Joe's Venture,,,,FALSE,Option 1,Aubergine,,,,,,0,shopify,,deny,manual,1400.00,,TRUE,TRUE,,,,,FALSE,The Shoreline,"Only three pieces were ever made of each Color! Enjoy the exclusivity Introducing the Shoreline Bliss Beach Bag, your perfect companion for a day of sun, sand, and sea. Crafted with a blend of durable canvas and water-resistant materials, this bag combines functionality with beachside elegance. Spaciously designed to h",,,,,new,,,,,,draft
the-shoreline,,,,,,,,,,,,,,,,,,,,,,,,,https://16.192.29.174.nip.io/assets/recovery/joes-venture/images/the-shoreline-02-024e67112f.jpg,2,The Shoreline,,,,,,,,,,,,,,
the-shoreline,,,,,,,,,,,,,,,,,,,,,,,,,https://16.192.29.174.nip.io/assets/recovery/joes-venture/images/the-shoreline-03-93e17bf710.jpg,3,The Shoreline,,,,,,,,,,,,,,
the-shoreline,,,,,,,,,,,,,,,,,,,,,,,,,https://16.192.29.174.nip.io/assets/recovery/joes-venture/images/the-shoreline-04-0eea8d4d4b.jpg,4,The Shoreline,,,,,,,,,,,,,,
the-vancouver-messenger-bag,The Vancouver Messenger Bag,"The Vancouver Messenger is a rugged handmade bag from full-grain leather. You know those sturdy bags that can be inherited to your great-grandchildren while they still in a very good condition, It is one of them. it has a 16″ Macbook pro slot and a unique classic style that suits the taste of all our old school fans. Features: – 100% handcrafted– 16″Macbook Pro Size– Full-grain leather– Interior pocket with pen loop and sleeve– Adjustable shoulder strap– Fairtrade made– Antique brass hardware– Hand-hammered copper rivets– Machine Stitched",Joe's Venture,,,,FALSE,Option 1,Buckbrown,,,,,Van1,,,,deny,manual,4900.00,,TRUE,TRUE,,https://16.192.29.174.nip.io/assets/recovery/joes-venture/images/the-vancouver-messenger-bag-01-194e502d6d.jpg,1,The Vancouver Messenger Bag,FALSE,The Vancouver Messenger Bag,"The Vancouver Messenger is a rugged handmade bag from full-grain leather. You know those sturdy bags that can be inherited to your great-grandchildren while they still in a very good condition, It is one of them. it has a 16″ Macbook pro slot and a unique classic style that suits the taste of all our old school fans. F",,,,,new,,,,,,draft
the-vancouver-messenger-bag,The Vancouver Messenger Bag,"The Vancouver Messenger is a rugged handmade bag from full-grain leather. You know those sturdy bags that can be inherited to your great-grandchildren while they still in a very good condition, It is one of them. it has a 16″ Macbook pro slot and a unique classic style that suits the taste of all our old school fans. Features: – 100% handcrafted– 16″Macbook Pro Size– Full-grain leather– Interior pocket with pen loop and sleeve– Adjustable shoulder strap– Fairtrade made– Antique brass hardware– Hand-hammered copper rivets– Machine Stitched",Joe's Venture,,,,FALSE,Option 1,ClassicBrown,,,,,Van2,,,,deny,manual,4900.00,,TRUE,TRUE,,,,,FALSE,The Vancouver Messenger Bag,"The Vancouver Messenger is a rugged handmade bag from full-grain leather. You know those sturdy bags that can be inherited to your great-grandchildren while they still in a very good condition, It is one of them. it has a 16″ Macbook pro slot and a unique classic style that suits the taste of all our old school fans. F",,,,,new,,,,,,draft
the-vancouver-messenger-bag,The Vancouver Messenger Bag,"The Vancouver Messenger is a rugged handmade bag from full-grain leather. You know those sturdy bags that can be inherited to your great-grandchildren while they still in a very good condition, It is one of them. it has a 16″ Macbook pro slot and a unique classic style that suits the taste of all our old school fans. Features: – 100% handcrafted– 16″Macbook Pro Size– Full-grain leather– Interior pocket with pen loop and sleeve– Adjustable shoulder strap– Fairtrade made– Antique brass hardware– Hand-hammered copper rivets– Machine Stitched",Joe's Venture,,,,FALSE,Option 1,GhostBlack,,,,,Van3,,,,deny,manual,4900.00,,TRUE,TRUE,,,,,FALSE,The Vancouver Messenger Bag,"The Vancouver Messenger is a rugged handmade bag from full-grain leather. You know those sturdy bags that can be inherited to your great-grandchildren while they still in a very good condition, It is one of them. it has a 16″ Macbook pro slot and a unique classic style that suits the taste of all our old school fans. F",,,,,new,,,,,,draft
tobacco-pouch,Tobacco Pouch,"this tobacco Pouch is made of Full-grain pullup Cow Leather, it has 1 compartment for the tobacco 1 one compartment for rolling paper 1 compartment for a lighter 1 compartment for filters",Joe's Venture,,,,FALSE,Option 1,Brown,,,,,00001B,,,,deny,manual,900.00,,TRUE,TRUE,,https://16.192.29.174.nip.io/assets/recovery/joes-venture/images/tobacco-pouch-01-2fe4ce600b.jpg,1,Tobacco Pouch,FALSE,Tobacco Pouch,"this tobacco Pouch is made of Full-grain pullup Cow Leather, it has 1 compartment for the tobacco 1 one compartment for rolling paper 1 compartment for a lighter 1 compartment for filters",,,,,new,,,,,,draft
tobacco-pouch,Tobacco Pouch,"this tobacco Pouch is made of Full-grain pullup Cow Leather, it has 1 compartment for the tobacco 1 one compartment for rolling paper 1 compartment for a lighter 1 compartment for filters",Joe's Venture,,,,FALSE,Option 1,Black,,,,,00002C,,,,deny,manual,900.00,,TRUE,TRUE,,,,,FALSE,Tobacco Pouch,"this tobacco Pouch is made of Full-grain pullup Cow Leather, it has 1 compartment for the tobacco 1 one compartment for rolling paper 1 compartment for a lighter 1 compartment for filters",,,,,new,,,,,,draft
tobacco-pouch,Tobacco Pouch,"this tobacco Pouch is made of Full-grain pullup Cow Leather, it has 1 compartment for the tobacco 1 one compartment for rolling paper 1 compartment for a lighter 1 compartment for filters",Joe's Venture,,,,FALSE,Title,Default Title,,,,,,,,,deny,manual,700.0,,TRUE,TRUE,,,,,FALSE,Tobacco Pouch,"this tobacco Pouch is made of Full-grain pullup Cow Leather, it has 1 compartment for the tobacco 1 one compartment for rolling paper 1 compartment for a lighter 1 compartment for filters",,,,,new,,,,,,draft
toxik-x-joes-graffity-painted-nappa-perfecto,TOXIK X JOES Graffiti Painted Nappa Perfecto,"For an edgy twist on a classic silhouette, the Brown Leather Biker Jacket with Red Paint Detailing combines artistic flair with timeless design. Features include: Premium leather construction for a luxe, enduring finish. Striking red paint effect for a bold, creative statement. Asymmetrical front zipper and classic biker lapels exuding a rebellious vibe. Zippered chest pocket and belted waist for both style and functionality. Epaulets on the shoulders for an iconic biker look. Fully lined interior ensuring comfort and ease of wear. Pair it with dark denim or a sleek skirt to let this one-of-a-kind piece stand out, making every outfit a work of wearable art.",Joe's Venture,,,,FALSE,Title,Default Title,,,,,,,,,deny,manual,0.00,,TRUE,TRUE,,,,,FALSE,TOXIK X JOES Graffiti Painted Nappa Perfecto,"For an edgy twist on a classic silhouette, the Brown Leather Biker Jacket with Red Paint Detailing combines artistic flair with timeless design. Features include: Premium leather construction for a luxe, enduring finish. Striking red paint effect for a bold, creative statement. Asymmetrical front zipper and classic bik",,,,,new,,,,,,draft
toxik-x-joes-venture-star-jacket,"Toxik x Joe's Venture ""STAR"" jacket Size 42","This exclusive handmade leather jacket, a result of a collaboration with the renowned artist Toxik, merges the worlds of fashion and art in a spectacular way. Crafted with precision and care, this jacket features Toxik's signature artistic flair woven into every detail. The high-quality leather serves as a canvas for Toxik's unique vision, showcasing intricate and bold designs that make a powerful statement. Each expression of Toxik's artistic vision brings a dynamic and captivating element to the jacket, making it a true work of art that transcends fashion boundaries., making it a true work of art that transcends fashion boundaries. The fusion of fine craftsmanship and Toxik's creativity results in a one-of-a-kind piece that not only elevates your style but also allows you to carry a piece of art with you wherever you go. This collaboration celebrates individuality, originality, and the seamless blend of fashion and artistry.",Joe's Venture,,Coats & Jackets,,FALSE,Title,Default Title,,,,,JKT TOXIK1,0,shopify,,deny,manual,45000.00,,TRUE,TRUE,,https://16.192.29.174.nip.io/assets/recovery/joes-venture/images/toxik-x-joes-venture-star-jacket-01-81be1d4f3b.jpg,1,"Toxik x Joe's Venture ""STAR"" jacket Size 42",FALSE,"Toxik x Joe's Venture ""STAR"" jacket Size 42","This exclusive handmade leather jacket, a result of a collaboration with the renowned artist Toxik, merges the worlds of fashion and art in a spectacular way. Crafted with precision and care, this jacket features Toxik's signature artistic flair woven into every detail. The high-quality leather serves as a canvas for T",,,,,new,,,,,,draft
traveler-essentials-bundle,Traveler Essentials Bundle,"-Crafted from premium full-grain cow leather, La Pochette is the perfect slim case for carrying essentials like your passport, cash, or cosmetics. Stylish, durable, and compact—ideal for everyday use! -Made from premium full-grain leather, our Passport Cover is ultra-slim and designed for seamless travel. Stylish and functional, it keeps your passport secure and easily accessible—an essential for any traveler! -Introducing our premium leather sunglasses cover, crafted from full-grain leather for durability and timeless elegance. Its sleek, slim design offers protection from scratches and scuffs while adding a touch of luxury to your everyday carry. Portable and stylish, this cover is the perfect accessory for protecting your eyewear on the go. Available in a range of sophisticated colors, it blends fashion with function for the discerning individual. Elevate your style and safeguard your sunglasses with this essential, high-quality accessory. Disclaimer: This is a natural material, hence color variations may occur.",Joe's Venture,,Journals,,FALSE,Option 1,Buck Brown,,,,,,,,,deny,manual,2300.00,,TRUE,TRUE,,https://16.192.29.174.nip.io/assets/recovery/joes-venture/images/traveler-essentials-bundle-01-ed65238e8c.png,1,Traveler Essentials Bundle,FALSE,Traveler Essentials Bundle,"-Crafted from premium full-grain cow leather, La Pochette is the perfect slim case for carrying essentials like your passport, cash, or cosmetics. Stylish, durable, and compact—ideal for everyday use! -Made from premium full-grain leather, our Passport Cover is ultra-slim and designed for seamless travel. Stylish and f",,,,,new,,,,,,draft
traveler-essentials-bundle,Traveler Essentials Bundle,"-Crafted from premium full-grain cow leather, La Pochette is the perfect slim case for carrying essentials like your passport, cash, or cosmetics. Stylish, durable, and compact—ideal for everyday use! -Made from premium full-grain leather, our Passport Cover is ultra-slim and designed for seamless travel. Stylish and functional, it keeps your passport secure and easily accessible—an essential for any traveler! -Introducing our premium leather sunglasses cover, crafted from full-grain leather for durability and timeless elegance. Its sleek, slim design offers protection from scratches and scuffs while adding a touch of luxury to your everyday carry. Portable and stylish, this cover is the perfect accessory for protecting your eyewear on the go. Available in a range of sophisticated colors, it blends fashion with function for the discerning individual. Elevate your style and safeguard your sunglasses with this essential, high-quality accessory. Disclaimer: This is a natural material, hence color variations may occur.",Joe's Venture,,Journals,,FALSE,Option 1,Coffee Brown,,,,,,,,,deny,manual,2300.00,,TRUE,TRUE,,,,,FALSE,Traveler Essentials Bundle,"-Crafted from premium full-grain cow leather, La Pochette is the perfect slim case for carrying essentials like your passport, cash, or cosmetics. Stylish, durable, and compact—ideal for everyday use! -Made from premium full-grain leather, our Passport Cover is ultra-slim and designed for seamless travel. Stylish and f",,,,,new,,,,,,draft
traveler-essentials-bundle,Traveler Essentials Bundle,"-Crafted from premium full-grain cow leather, La Pochette is the perfect slim case for carrying essentials like your passport, cash, or cosmetics. Stylish, durable, and compact—ideal for everyday use! -Made from premium full-grain leather, our Passport Cover is ultra-slim and designed for seamless travel. Stylish and functional, it keeps your passport secure and easily accessible—an essential for any traveler! -Introducing our premium leather sunglasses cover, crafted from full-grain leather for durability and timeless elegance. Its sleek, slim design offers protection from scratches and scuffs while adding a touch of luxury to your everyday carry. Portable and stylish, this cover is the perfect accessory for protecting your eyewear on the go. Available in a range of sophisticated colors, it blends fashion with function for the discerning individual. Elevate your style and safeguard your sunglasses with this essential, high-quality accessory. Disclaimer: This is a natural material, hence color variations may occur.",Joe's Venture,,Journals,,FALSE,Option 1,Ghost Black,,,,,,,,,deny,manual,2300.00,,TRUE,TRUE,,,,,FALSE,Traveler Essentials Bundle,"-Crafted from premium full-grain cow leather, La Pochette is the perfect slim case for carrying essentials like your passport, cash, or cosmetics. Stylish, durable, and compact—ideal for everyday use! -Made from premium full-grain leather, our Passport Cover is ultra-slim and designed for seamless travel. Stylish and f",,,,,new,,,,,,draft
traveler-essentials-bundle,,,,,,,,,,,,,,,,,,,,,,,,,https://16.192.29.174.nip.io/assets/recovery/joes-venture/images/traveler-essentials-bundle-02-c6d92418be.png,2,Traveler Essentials Bundle,,,,,,,,,,,,,,
travellers-folio,Handcrafted Leather Travelers Notebook Pro Journal,"Unleash your creativity with the handmade, customizable Traveler's Notebook. Perfect for travelers, it lets you add and swap inserts to suit your style, with extra pockets inside for added convenience. The ideal companion for documenting your adventures.",Joe's Venture,,Portfolios,,FALSE,Option 1,Buck Brown,,,,,JV-SO-H-TNBP1-BB-0,,,,deny,manual,850.00,,TRUE,TRUE,,https://16.192.29.174.nip.io/assets/recovery/joes-venture/images/travellers-folio-01-019ae8b2c9.png,1,Handcrafted Leather Travelers Notebook Pro Journal,FALSE,Handcrafted Leather Travelers Notebook Pro Journal,"Unleash your creativity with the handmade, customizable Traveler's Notebook. Perfect for travelers, it lets you add and swap inserts to suit your style, with extra pockets inside for added convenience. The ideal companion for documenting your adventures.",,,,,new,,,,,,draft
travellers-folio,Handcrafted Leather Travelers Notebook Pro Journal,"Unleash your creativity with the handmade, customizable Traveler's Notebook. Perfect for travelers, it lets you add and swap inserts to suit your style, with extra pockets inside for added convenience. The ideal companion for documenting your adventures.",Joe's Venture,,Portfolios,,FALSE,Option 1,Coffee Brown,,,,,JV-SO-H-TNBP1-CB-0,,,,deny,manual,850.00,,TRUE,TRUE,,,,,FALSE,Handcrafted Leather Travelers Notebook Pro Journal,"Unleash your creativity with the handmade, customizable Traveler's Notebook. Perfect for travelers, it lets you add and swap inserts to suit your style, with extra pockets inside for added convenience. The ideal companion for documenting your adventures.",,,,,new,,,,,,draft
travellers-folio,Handcrafted Leather Travelers Notebook Pro Journal,"Unleash your creativity with the handmade, customizable Traveler's Notebook. Perfect for travelers, it lets you add and swap inserts to suit your style, with extra pockets inside for added convenience. The ideal companion for documenting your adventures.",Joe's Venture,,Portfolios,,FALSE,Option 1,Ghost Black,,,,,JV-SO-H-TNBP1-GB-0,,,,deny,manual,850.00,,TRUE,TRUE,,,,,FALSE,Handcrafted Leather Travelers Notebook Pro Journal,"Unleash your creativity with the handmade, customizable Traveler's Notebook. Perfect for travelers, it lets you add and swap inserts to suit your style, with extra pockets inside for added convenience. The ideal companion for documenting your adventures.",,,,,new,,,,,,draft
travellers-folio,Handcrafted Leather Travelers Notebook Pro Journal,"Unleash your creativity with the handmade, customizable Traveler's Notebook. Perfect for travelers, it lets you add and swap inserts to suit your style, with extra pockets inside for added convenience. The ideal companion for documenting your adventures.",Joe's Venture,,Portfolios,,FALSE,Option 1,Limited Edition,,,,,JV-SO-H-TNBP1-LE-0,,,,deny,manual,850.00,,TRUE,TRUE,,,,,FALSE,Handcrafted Leather Travelers Notebook Pro Journal,"Unleash your creativity with the handmade, customizable Traveler's Notebook. Perfect for travelers, it lets you add and swap inserts to suit your style, with extra pockets inside for added convenience. The ideal companion for documenting your adventures.",,,,,new,,,,,,draft
travellers-folio,,,,,,,,,,,,,,,,,,,,,,,,,https://16.192.29.174.nip.io/assets/recovery/joes-venture/images/travellers-folio-02-5e364fa7db.png,2,Handcrafted Leather Travelers Notebook Pro Journal,,,,,,,,,,,,,,
travellers-folio,,,,,,,,,,,,,,,,,,,,,,,,,https://16.192.29.174.nip.io/assets/recovery/joes-venture/images/travellers-folio-03-c4fd205cdc.png,3,Handcrafted Leather Travelers Notebook Pro Journal,,,,,,,,,,,,,,
travellers-notebook,Travellers notebook,,Joe's Venture,,,,FALSE,Option 1,Coffee Brown,,,,,STN TNR CB-1,0,shopify,,deny,manual,650.00,,TRUE,TRUE,,,,,FALSE,Travellers notebook,,,,,,new,,,,,,draft
travellers-notebook,Travellers notebook,,Joe's Venture,,,,FALSE,Option 1,Ghost black,,,,,STN TNR GB,0,shopify,,deny,manual,650.00,,TRUE,TRUE,,,,,FALSE,Travellers notebook,,,,,,new,,,,,,draft
travellers-notebook,Travellers notebook,,Joe's Venture,,,,FALSE,Option 1,Buck brown,,,,,STN TNR BB,0,shopify,,deny,manual,650.00,,TRUE,TRUE,,,,,FALSE,Travellers notebook,,,,,,new,,,,,,draft
travellers-notebook,Travellers notebook,,Joe's Venture,,,,FALSE,Option 1,Limited,,,,,STN TNR LTD,0,shopify,,deny,manual,650.00,,TRUE,TRUE,,,,,FALSE,Travellers notebook,,,,,,new,,,,,,draft
two-tone-buck-brown-suede-brown-vernis-denim-cut-size-52,Two Tone Buck Brown Suede/ Brown vernis Denim Cut Size 52,"Conquer new horizons with our Denim Cut jacket! Handmade for superior quality, it features YKK Hardware and accessories for durability. A bold choice for risk-takers, this jacket combines two tones and suede leather for a unique look.",Joe's Venture,,,,FALSE,Title,Default Title,,,,,JKT TWOT DCUT BB,0,shopify,,deny,manual,28400.00,,TRUE,TRUE,,,,,FALSE,Two Tone Buck Brown Suede/ Brown vernis Denim Cut Size 52,"Conquer new horizons with our Denim Cut jacket! Handmade for superior quality, it features YKK Hardware and accessories for durability. A bold choice for risk-takers, this jacket combines two tones and suede leather for a unique look.",,,,,new,,,,,,draft
untitled-15may_14-10,Canvas pouch,"Introducing our meticulously crafted canvas pouch with a zipper closure, a perfect blend of functionality and style for your everyday needs. Handcrafted with care and attention to detail, each pouch is a testament to the artistry of our skilled artisans. Constructed from high-quality canvas material, this pouch offers durability and versatility to keep your essentials organized and secure. The sturdy zipper ensures easy access while keeping your belongings safe and protected. With its compact yet spacious design, our canvas pouch is perfect for storing your daily essentials such as keys, wallet, and more. Whether you're on a weekend adventure or navigating through your daily routine, this pouch is the perfect companion to keep your essentials close at hand. The minimalist design and neutral color palette make this pouch a timeless accessory that effortlessly complements any style. Whether you're a trendsetter or a classic minimalist, this versatile pouch adds a touch of understated elegance to your ensemble. Elevate your everyday carry with our handmade canvas pouch—a practical and stylish accessory that embodies the perfect fusion of form and function.",Joe's Venture,,Apparel & Accessories,,FALSE,Option 1,Black,,,,,ACC CPOUC G,0,shopify,,deny,manual,650.00,,TRUE,TRUE,,https://16.192.29.174.nip.io/assets/recovery/joes-venture/images/untitled-15may-14-10-01-d5c506173f.jpg,1,Canvas pouch,FALSE,Canvas pouch,"Introducing our meticulously crafted canvas pouch with a zipper closure, a perfect blend of functionality and style for your everyday needs. Handcrafted with care and attention to detail, each pouch is a testament to the artistry of our skilled artisans. Constructed from high-quality canvas material, this pouch offers ",,,,,new,,,,,,draft
untitled-15may_14-10,Canvas pouch,"Introducing our meticulously crafted canvas pouch with a zipper closure, a perfect blend of functionality and style for your everyday needs. Handcrafted with care and attention to detail, each pouch is a testament to the artistry of our skilled artisans. Constructed from high-quality canvas material, this pouch offers durability and versatility to keep your essentials organized and secure. The sturdy zipper ensures easy access while keeping your belongings safe and protected. With its compact yet spacious design, our canvas pouch is perfect for storing your daily essentials such as keys, wallet, and more. Whether you're on a weekend adventure or navigating through your daily routine, this pouch is the perfect companion to keep your essentials close at hand. The minimalist design and neutral color palette make this pouch a timeless accessory that effortlessly complements any style. Whether you're a trendsetter or a classic minimalist, this versatile pouch adds a touch of understated elegance to your ensemble. Elevate your everyday carry with our handmade canvas pouch—a practical and stylish accessory that embodies the perfect fusion of form and function.",Joe's Venture,,Apparel & Accessories,,FALSE,Option 1,Green,,,,,ACC CPOUC B,0,shopify,,deny,manual,650.00,,TRUE,TRUE,,,,,FALSE,Canvas pouch,"Introducing our meticulously crafted canvas pouch with a zipper closure, a perfect blend of functionality and style for your everyday needs. Handcrafted with care and attention to detail, each pouch is a testament to the artistry of our skilled artisans. Constructed from high-quality canvas material, this pouch offers ",,,,,new,,,,,,draft
untitled-15may_14-10,,,,,,,,,,,,,,,,,,,,,,,,,https://16.192.29.174.nip.io/assets/recovery/joes-venture/images/untitled-15may-14-10-02-3815df3476.jpg,2,Canvas pouch,,,,,,,,,,,,,,
untitled-15may_14-10,,,,,,,,,,,,,,,,,,,,,,,,,https://16.192.29.174.nip.io/assets/recovery/joes-venture/images/untitled-15may-14-10-03-76bfc74a90.jpg,3,Canvas pouch,,,,,,,,,,,,,,
vertical-cardholder,No.3 Leather Vintage Cardholder,"Elevate your style with our handmade Vertical Cardholder, crafted from full-grain pull-up leather for durability and luxury. Its minimalist design ensures easy access to your cards while keeping them secure. Perfect for streamlined organization and timeless style. For the Hand Stitching option: Since each product is made by hand, it takes up to 4 weeks for us to perfect. We promise your masterpiece will be worth the wait!",Joe's Venture,,Business Card Stands,,FALSE,Option 1,Buck Brown,,,,,JV-W-H-CH3-BB-0,0,shopify,,deny,manual,700.00,,TRUE,TRUE,,https://16.192.29.174.nip.io/assets/recovery/joes-venture/images/vertical-cardholder-01-cdebac2a54.jpg,1,No.3 Leather Vintage Cardholder,FALSE,No.3 Leather Vintage Cardholder,"Elevate your style with our handmade Vertical Cardholder, crafted from full-grain pull-up leather for durability and luxury. Its minimalist design ensures easy access to your cards while keeping them secure. Perfect for streamlined organization and timeless style. For the Hand Stitching option: Since each product is ma",,,,,new,,,,,,draft
vertical-cardholder,No.3 Leather Vintage Cardholder,"Elevate your style with our handmade Vertical Cardholder, crafted from full-grain pull-up leather for durability and luxury. Its minimalist design ensures easy access to your cards while keeping them secure. Perfect for streamlined organization and timeless style. For the Hand Stitching option: Since each product is made by hand, it takes up to 4 weeks for us to perfect. We promise your masterpiece will be worth the wait!",Joe's Venture,,Business Card Stands,,FALSE,Option 1,Coffee Brown,,,,,JV-W-H-CH3-CB-0,0,shopify,,deny,manual,700.00,,TRUE,TRUE,,,,,FALSE,No.3 Leather Vintage Cardholder,"Elevate your style with our handmade Vertical Cardholder, crafted from full-grain pull-up leather for durability and luxury. Its minimalist design ensures easy access to your cards while keeping them secure. Perfect for streamlined organization and timeless style. For the Hand Stitching option: Since each product is ma",,,,,new,,,,,,draft
vertical-cardholder,No.3 Leather Vintage Cardholder,"Elevate your style with our handmade Vertical Cardholder, crafted from full-grain pull-up leather for durability and luxury. Its minimalist design ensures easy access to your cards while keeping them secure. Perfect for streamlined organization and timeless style. For the Hand Stitching option: Since each product is made by hand, it takes up to 4 weeks for us to perfect. We promise your masterpiece will be worth the wait!",Joe's Venture,,Business Card Stands,,FALSE,Option 1,Ghost Black,,,,,JV-W-H-CH3-GB-0,0,shopify,,deny,manual,700.00,,TRUE,TRUE,,,,,FALSE,No.3 Leather Vintage Cardholder,"Elevate your style with our handmade Vertical Cardholder, crafted from full-grain pull-up leather for durability and luxury. Its minimalist design ensures easy access to your cards while keeping them secure. Perfect for streamlined organization and timeless style. For the Hand Stitching option: Since each product is ma",,,,,new,,,,,,draft
vertical-cardholder,,,,,,,,,,,,,,,,,,,,,,,,,https://16.192.29.174.nip.io/assets/recovery/joes-venture/images/vertical-cardholder-02-cfd6cdb959.jpg,2,No.3 Leather Vintage Cardholder,,,,,,,,,,,,,,
waxed-baby-buffalo-aviator-jacket,Waxed Baby Buffalo Aviator Jacket,Description5 Pocket Jacket is made from real waxed baby buffalo skin. The special feature of the grab is the addition of five pockets on front. Soft silk inner lining gives you comfortable feeling. Mens Leather Aviator Jacket has button opening at front. one zipper pocket is given on chest whereas two flap button pockets are at side waist. Stand up collar is the unique style which suits on you. Rib-knit cuffs and waist form slimmer look. Both shoulders have epaulets.Details-Made from Egyptian Napa Leather-One YKK zipper pocket-Two Double pockets with snapped flaps-YKK hidden Snaps -Two rib-cuffs-Long Sleeves-Two Inner Pockets-Fully Lined,Joe's Venture,,,,FALSE,Option 1,48,Option 2,Silk,,,,,,,deny,manual,14000.00,,TRUE,TRUE,,,,,FALSE,Waxed Baby Buffalo Aviator Jacket,Description5 Pocket Jacket is made from real waxed baby buffalo skin. The special feature of the grab is the addition of five pockets on front. Soft silk inner lining gives you comfortable feeling. Mens Leather Aviator Jacket has button opening at front. one zipper pocket is given on chest whereas two flap button pocke,,,,,new,,,,,,draft
waxed-baby-buffalo-aviator-jacket,Waxed Baby Buffalo Aviator Jacket,Description5 Pocket Jacket is made from real waxed baby buffalo skin. The special feature of the grab is the addition of five pockets on front. Soft silk inner lining gives you comfortable feeling. Mens Leather Aviator Jacket has button opening at front. one zipper pocket is given on chest whereas two flap button pockets are at side waist. Stand up collar is the unique style which suits on you. Rib-knit cuffs and waist form slimmer look. Both shoulders have epaulets.Details-Made from Egyptian Napa Leather-One YKK zipper pocket-Two Double pockets with snapped flaps-YKK hidden Snaps -Two rib-cuffs-Long Sleeves-Two Inner Pockets-Fully Lined,Joe's Venture,,,,FALSE,Option 1,48,Option 2,English Wool,,,,,,,deny,manual,16500.00,,TRUE,TRUE,,,,,FALSE,Waxed Baby Buffalo Aviator Jacket,Description5 Pocket Jacket is made from real waxed baby buffalo skin. The special feature of the grab is the addition of five pockets on front. Soft silk inner lining gives you comfortable feeling. Mens Leather Aviator Jacket has button opening at front. one zipper pocket is given on chest whereas two flap button pocke,,,,,new,,,,,,draft
waxed-baby-buffalo-aviator-jacket,Waxed Baby Buffalo Aviator Jacket,Description5 Pocket Jacket is made from real waxed baby buffalo skin. The special feature of the grab is the addition of five pockets on front. Soft silk inner lining gives you comfortable feeling. Mens Leather Aviator Jacket has button opening at front. one zipper pocket is given on chest whereas two flap button pockets are at side waist. Stand up collar is the unique style which suits on you. Rib-knit cuffs and waist form slimmer look. Both shoulders have epaulets.Details-Made from Egyptian Napa Leather-One YKK zipper pocket-Two Double pockets with snapped flaps-YKK hidden Snaps -Two rib-cuffs-Long Sleeves-Two Inner Pockets-Fully Lined,Joe's Venture,,,,FALSE,Option 1,50,Option 2,Silk,,,,,,,deny,manual,14000.00,,TRUE,TRUE,,,,,FALSE,Waxed Baby Buffalo Aviator Jacket,Description5 Pocket Jacket is made from real waxed baby buffalo skin. The special feature of the grab is the addition of five pockets on front. Soft silk inner lining gives you comfortable feeling. Mens Leather Aviator Jacket has button opening at front. one zipper pocket is given on chest whereas two flap button pocke,,,,,new,,,,,,draft
waxed-baby-buffalo-aviator-jacket,Waxed Baby Buffalo Aviator Jacket,Description5 Pocket Jacket is made from real waxed baby buffalo skin. The special feature of the grab is the addition of five pockets on front. Soft silk inner lining gives you comfortable feeling. Mens Leather Aviator Jacket has button opening at front. one zipper pocket is given on chest whereas two flap button pockets are at side waist. Stand up collar is the unique style which suits on you. Rib-knit cuffs and waist form slimmer look. Both shoulders have epaulets.Details-Made from Egyptian Napa Leather-One YKK zipper pocket-Two Double pockets with snapped flaps-YKK hidden Snaps -Two rib-cuffs-Long Sleeves-Two Inner Pockets-Fully Lined,Joe's Venture,,,,FALSE,Option 1,50,Option 2,English Wool,,,,,,,deny,manual,16500.00,,TRUE,TRUE,,,,,FALSE,Waxed Baby Buffalo Aviator Jacket,Description5 Pocket Jacket is made from real waxed baby buffalo skin. The special feature of the grab is the addition of five pockets on front. Soft silk inner lining gives you comfortable feeling. Mens Leather Aviator Jacket has button opening at front. one zipper pocket is given on chest whereas two flap button pocke,,,,,new,,,,,,draft
waxed-baby-buffalo-aviator-jacket,Waxed Baby Buffalo Aviator Jacket,Description5 Pocket Jacket is made from real waxed baby buffalo skin. The special feature of the grab is the addition of five pockets on front. Soft silk inner lining gives you comfortable feeling. Mens Leather Aviator Jacket has button opening at front. one zipper pocket is given on chest whereas two flap button pockets are at side waist. Stand up collar is the unique style which suits on you. Rib-knit cuffs and waist form slimmer look. Both shoulders have epaulets.Details-Made from Egyptian Napa Leather-One YKK zipper pocket-Two Double pockets with snapped flaps-YKK hidden Snaps -Two rib-cuffs-Long Sleeves-Two Inner Pockets-Fully Lined,Joe's Venture,,,,FALSE,Option 1,52,Option 2,Silk,,,,,,,deny,manual,14000.00,,TRUE,TRUE,,,,,FALSE,Waxed Baby Buffalo Aviator Jacket,Description5 Pocket Jacket is made from real waxed baby buffalo skin. The special feature of the grab is the addition of five pockets on front. Soft silk inner lining gives you comfortable feeling. Mens Leather Aviator Jacket has button opening at front. one zipper pocket is given on chest whereas two flap button pocke,,,,,new,,,,,,draft
waxed-baby-buffalo-aviator-jacket,Waxed Baby Buffalo Aviator Jacket,Description5 Pocket Jacket is made from real waxed baby buffalo skin. The special feature of the grab is the addition of five pockets on front. Soft silk inner lining gives you comfortable feeling. Mens Leather Aviator Jacket has button opening at front. one zipper pocket is given on chest whereas two flap button pockets are at side waist. Stand up collar is the unique style which suits on you. Rib-knit cuffs and waist form slimmer look. Both shoulders have epaulets.Details-Made from Egyptian Napa Leather-One YKK zipper pocket-Two Double pockets with snapped flaps-YKK hidden Snaps -Two rib-cuffs-Long Sleeves-Two Inner Pockets-Fully Lined,Joe's Venture,,,,FALSE,Option 1,52,Option 2,English Wool,,,,,,,deny,manual,16500.00,,TRUE,TRUE,,,,,FALSE,Waxed Baby Buffalo Aviator Jacket,Description5 Pocket Jacket is made from real waxed baby buffalo skin. The special feature of the grab is the addition of five pockets on front. Soft silk inner lining gives you comfortable feeling. Mens Leather Aviator Jacket has button opening at front. one zipper pocket is given on chest whereas two flap button pocke,,,,,new,,,,,,draft
waxed-baby-buffalo-aviator-jacket,Waxed Baby Buffalo Aviator Jacket,Description5 Pocket Jacket is made from real waxed baby buffalo skin. The special feature of the grab is the addition of five pockets on front. Soft silk inner lining gives you comfortable feeling. Mens Leather Aviator Jacket has button opening at front. one zipper pocket is given on chest whereas two flap button pockets are at side waist. Stand up collar is the unique style which suits on you. Rib-knit cuffs and waist form slimmer look. Both shoulders have epaulets.Details-Made from Egyptian Napa Leather-One YKK zipper pocket-Two Double pockets with snapped flaps-YKK hidden Snaps -Two rib-cuffs-Long Sleeves-Two Inner Pockets-Fully Lined,Joe's Venture,,,,FALSE,Option 1,54,Option 2,Silk,,,,,,,deny,manual,14000.00,,TRUE,TRUE,,,,,FALSE,Waxed Baby Buffalo Aviator Jacket,Description5 Pocket Jacket is made from real waxed baby buffalo skin. The special feature of the grab is the addition of five pockets on front. Soft silk inner lining gives you comfortable feeling. Mens Leather Aviator Jacket has button opening at front. one zipper pocket is given on chest whereas two flap button pocke,,,,,new,,,,,,draft
waxed-baby-buffalo-aviator-jacket,Waxed Baby Buffalo Aviator Jacket,Description5 Pocket Jacket is made from real waxed baby buffalo skin. The special feature of the grab is the addition of five pockets on front. Soft silk inner lining gives you comfortable feeling. Mens Leather Aviator Jacket has button opening at front. one zipper pocket is given on chest whereas two flap button pockets are at side waist. Stand up collar is the unique style which suits on you. Rib-knit cuffs and waist form slimmer look. Both shoulders have epaulets.Details-Made from Egyptian Napa Leather-One YKK zipper pocket-Two Double pockets with snapped flaps-YKK hidden Snaps -Two rib-cuffs-Long Sleeves-Two Inner Pockets-Fully Lined,Joe's Venture,,,,FALSE,Option 1,54,Option 2,English Wool,,,,,,,deny,manual,16500.00,,TRUE,TRUE,,,,,FALSE,Waxed Baby Buffalo Aviator Jacket,Description5 Pocket Jacket is made from real waxed baby buffalo skin. The special feature of the grab is the addition of five pockets on front. Soft silk inner lining gives you comfortable feeling. Mens Leather Aviator Jacket has button opening at front. one zipper pocket is given on chest whereas two flap button pocke,,,,,new,,,,,,draft
waxed-baby-buffalo-aviator-jacket,Waxed Baby Buffalo Aviator Jacket,Description5 Pocket Jacket is made from real waxed baby buffalo skin. The special feature of the grab is the addition of five pockets on front. Soft silk inner lining gives you comfortable feeling. Mens Leather Aviator Jacket has button opening at front. one zipper pocket is given on chest whereas two flap button pockets are at side waist. Stand up collar is the unique style which suits on you. Rib-knit cuffs and waist form slimmer look. Both shoulders have epaulets.Details-Made from Egyptian Napa Leather-One YKK zipper pocket-Two Double pockets with snapped flaps-YKK hidden Snaps -Two rib-cuffs-Long Sleeves-Two Inner Pockets-Fully Lined,Joe's Venture,,,,FALSE,Option 1,56,Option 2,Silk,,,,,,,deny,manual,14000.00,,TRUE,TRUE,,,,,FALSE,Waxed Baby Buffalo Aviator Jacket,Description5 Pocket Jacket is made from real waxed baby buffalo skin. The special feature of the grab is the addition of five pockets on front. Soft silk inner lining gives you comfortable feeling. Mens Leather Aviator Jacket has button opening at front. one zipper pocket is given on chest whereas two flap button pocke,,,,,new,,,,,,draft
waxed-baby-buffalo-aviator-jacket,Waxed Baby Buffalo Aviator Jacket,Description5 Pocket Jacket is made from real waxed baby buffalo skin. The special feature of the grab is the addition of five pockets on front. Soft silk inner lining gives you comfortable feeling. Mens Leather Aviator Jacket has button opening at front. one zipper pocket is given on chest whereas two flap button pockets are at side waist. Stand up collar is the unique style which suits on you. Rib-knit cuffs and waist form slimmer look. Both shoulders have epaulets.Details-Made from Egyptian Napa Leather-One YKK zipper pocket-Two Double pockets with snapped flaps-YKK hidden Snaps -Two rib-cuffs-Long Sleeves-Two Inner Pockets-Fully Lined,Joe's Venture,,,,FALSE,Option 1,56,Option 2,English Wool,,,,,,,deny,manual,16500.00,,TRUE,TRUE,,,,,FALSE,Waxed Baby Buffalo Aviator Jacket,Description5 Pocket Jacket is made from real waxed baby buffalo skin. The special feature of the grab is the addition of five pockets on front. Soft silk inner lining gives you comfortable feeling. Mens Leather Aviator Jacket has button opening at front. one zipper pocket is given on chest whereas two flap button pocke,,,,,new,,,,,,draft
waxed-baby-buffalo-aviator-jacket,Waxed Baby Buffalo Aviator Jacket,Description5 Pocket Jacket is made from real waxed baby buffalo skin. The special feature of the grab is the addition of five pockets on front. Soft silk inner lining gives you comfortable feeling. Mens Leather Aviator Jacket has button opening at front. one zipper pocket is given on chest whereas two flap button pockets are at side waist. Stand up collar is the unique style which suits on you. Rib-knit cuffs and waist form slimmer look. Both shoulders have epaulets.Details-Made from Egyptian Napa Leather-One YKK zipper pocket-Two Double pockets with snapped flaps-YKK hidden Snaps -Two rib-cuffs-Long Sleeves-Two Inner Pockets-Fully Lined,Joe's Venture,,,,FALSE,Option 1,58,Option 2,Silk,,,,,,,deny,manual,14000.00,,TRUE,TRUE,,,,,FALSE,Waxed Baby Buffalo Aviator Jacket,Description5 Pocket Jacket is made from real waxed baby buffalo skin. The special feature of the grab is the addition of five pockets on front. Soft silk inner lining gives you comfortable feeling. Mens Leather Aviator Jacket has button opening at front. one zipper pocket is given on chest whereas two flap button pocke,,,,,new,,,,,,draft
waxed-baby-buffalo-aviator-jacket,Waxed Baby Buffalo Aviator Jacket,Description5 Pocket Jacket is made from real waxed baby buffalo skin. The special feature of the grab is the addition of five pockets on front. Soft silk inner lining gives you comfortable feeling. Mens Leather Aviator Jacket has button opening at front. one zipper pocket is given on chest whereas two flap button pockets are at side waist. Stand up collar is the unique style which suits on you. Rib-knit cuffs and waist form slimmer look. Both shoulders have epaulets.Details-Made from Egyptian Napa Leather-One YKK zipper pocket-Two Double pockets with snapped flaps-YKK hidden Snaps -Two rib-cuffs-Long Sleeves-Two Inner Pockets-Fully Lined,Joe's Venture,,,,FALSE,Option 1,58,Option 2,English Wool,,,,,,,deny,manual,16500.00,,TRUE,TRUE,,,,,FALSE,Waxed Baby Buffalo Aviator Jacket,Description5 Pocket Jacket is made from real waxed baby buffalo skin. The special feature of the grab is the addition of five pockets on front. Soft silk inner lining gives you comfortable feeling. Mens Leather Aviator Jacket has button opening at front. one zipper pocket is given on chest whereas two flap button pocke,,,,,new,,,,,,draft
waxed-baby-buffalo-aviator-jacket,Waxed Baby Buffalo Aviator Jacket,Description5 Pocket Jacket is made from real waxed baby buffalo skin. The special feature of the grab is the addition of five pockets on front. Soft silk inner lining gives you comfortable feeling. Mens Leather Aviator Jacket has button opening at front. one zipper pocket is given on chest whereas two flap button pockets are at side waist. Stand up collar is the unique style which suits on you. Rib-knit cuffs and waist form slimmer look. Both shoulders have epaulets.Details-Made from Egyptian Napa Leather-One YKK zipper pocket-Two Double pockets with snapped flaps-YKK hidden Snaps -Two rib-cuffs-Long Sleeves-Two Inner Pockets-Fully Lined,Joe's Venture,,,,FALSE,Option 1,60,Option 2,Silk,,,,,,,deny,manual,14000.00,,TRUE,TRUE,,,,,FALSE,Waxed Baby Buffalo Aviator Jacket,Description5 Pocket Jacket is made from real waxed baby buffalo skin. The special feature of the grab is the addition of five pockets on front. Soft silk inner lining gives you comfortable feeling. Mens Leather Aviator Jacket has button opening at front. one zipper pocket is given on chest whereas two flap button pocke,,,,,new,,,,,,draft
waxed-baby-buffalo-aviator-jacket,Waxed Baby Buffalo Aviator Jacket,Description5 Pocket Jacket is made from real waxed baby buffalo skin. The special feature of the grab is the addition of five pockets on front. Soft silk inner lining gives you comfortable feeling. Mens Leather Aviator Jacket has button opening at front. one zipper pocket is given on chest whereas two flap button pockets are at side waist. Stand up collar is the unique style which suits on you. Rib-knit cuffs and waist form slimmer look. Both shoulders have epaulets.Details-Made from Egyptian Napa Leather-One YKK zipper pocket-Two Double pockets with snapped flaps-YKK hidden Snaps -Two rib-cuffs-Long Sleeves-Two Inner Pockets-Fully Lined,Joe's Venture,,,,FALSE,Option 1,60,Option 2,English Wool,,,,,,,deny,manual,16500.00,,TRUE,TRUE,,,,,FALSE,Waxed Baby Buffalo Aviator Jacket,Description5 Pocket Jacket is made from real waxed baby buffalo skin. The special feature of the grab is the addition of five pockets on front. Soft silk inner lining gives you comfortable feeling. Mens Leather Aviator Jacket has button opening at front. one zipper pocket is given on chest whereas two flap button pocke,,,,,new,,,,,,draft
waxed-cow-wrangler,Waxed Cow Wrangler,"Built for rugged elegance and enduring functionality, the Waxed Cow Wrangler Jacket merges traditional craftsmanship with modern sensibility. Constructed from premium waxed cow leather, this jacket is designed to withstand the test of time while developing a unique patina that tells your story. Features include: Durable waxed cow leather, offering water resistance and a distinctive textured finish. High-neck design with a secure strap, providing warmth and protection against the elements. Multiple utility pockets, including spacious flap pockets and a sleek chest pocket for added convenience. Ribbed cuffs for a snug fit and extra comfort in colder climates. Classic Wrangler-inspired silhouette, blending versatility with a bold, rugged aesthetic. Perfect for outdoor adventures or urban exploration, this jacket offers a seamless balance between style and practicality, ensuring you look sharp in any setting.",Joe's Venture,,Coats & Jackets,,FALSE,Title,Default Title,,,,,,,,,deny,manual,0.00,,TRUE,TRUE,,,,,FALSE,Waxed Cow Wrangler,"Built for rugged elegance and enduring functionality, the Waxed Cow Wrangler Jacket merges traditional craftsmanship with modern sensibility. Constructed from premium waxed cow leather, this jacket is designed to withstand the test of time while developing a unique patina that tells your story. Features include: Durabl",,,,,new,,,,,,draft
waxed-natural-cowhide-man-perfecto,Waxed Natural baby buffalo Leather  - Man Perfecto,"DescriptionAn enduring selection that makes a style statement: both elegant and practical, it lends itself to multiple combinations and wearing on an array of occasions. The colour palette includes the brand’s characteristic neutral nuances, combined with a minimalist design, create a series of key pieces for the male wardrobe. The leather biker jacket is reinvented to reflect the latest trends, acquiring all the charm of JLG. This garment is made from high-quality, Waxed Natural baby buffalo Leather. It has a matching lining and features the classic off-centre fastening typical of biker jackets.Details-Waxed Natural baby buffalo Leather-Classic Neckline-One YKK Zipper chest pocket-YKK Snaps With Joe's Logo-YKK Zipped cuffs-2YKK Zipper Pockets on the waist-One small watch Pocket on the side-One Solid Brass Belt (Optional)-Long Sleeves-Two Inner Pockets-Fully Lined",Joe's Venture,,,,FALSE,Option 1,48,Option 2,Tan,Option 3,Silk,WXPR1,,,,deny,manual,14000.00,,TRUE,TRUE,,,,,FALSE,Waxed Natural baby buffalo Leather  - Man Perfecto,"DescriptionAn enduring selection that makes a style statement: both elegant and practical, it lends itself to multiple combinations and wearing on an array of occasions. The colour palette includes the brand’s characteristic neutral nuances, combined with a minimalist design, create a series of key pieces for the male ",,,,,new,,,,,,draft
waxed-natural-cowhide-man-perfecto,Waxed Natural baby buffalo Leather  - Man Perfecto,"DescriptionAn enduring selection that makes a style statement: both elegant and practical, it lends itself to multiple combinations and wearing on an array of occasions. The colour palette includes the brand’s characteristic neutral nuances, combined with a minimalist design, create a series of key pieces for the male wardrobe. The leather biker jacket is reinvented to reflect the latest trends, acquiring all the charm of JLG. This garment is made from high-quality, Waxed Natural baby buffalo Leather. It has a matching lining and features the classic off-centre fastening typical of biker jackets.Details-Waxed Natural baby buffalo Leather-Classic Neckline-One YKK Zipper chest pocket-YKK Snaps With Joe's Logo-YKK Zipped cuffs-2YKK Zipper Pockets on the waist-One small watch Pocket on the side-One Solid Brass Belt (Optional)-Long Sleeves-Two Inner Pockets-Fully Lined",Joe's Venture,,,,FALSE,Option 1,48,Option 2,Tan,Option 3,English Wool,WXPR2,,,,deny,manual,16500.00,,TRUE,TRUE,,,,,FALSE,Waxed Natural baby buffalo Leather  - Man Perfecto,"DescriptionAn enduring selection that makes a style statement: both elegant and practical, it lends itself to multiple combinations and wearing on an array of occasions. The colour palette includes the brand’s characteristic neutral nuances, combined with a minimalist design, create a series of key pieces for the male ",,,,,new,,,,,,draft
waxed-natural-cowhide-man-perfecto,Waxed Natural baby buffalo Leather  - Man Perfecto,"DescriptionAn enduring selection that makes a style statement: both elegant and practical, it lends itself to multiple combinations and wearing on an array of occasions. The colour palette includes the brand’s characteristic neutral nuances, combined with a minimalist design, create a series of key pieces for the male wardrobe. The leather biker jacket is reinvented to reflect the latest trends, acquiring all the charm of JLG. This garment is made from high-quality, Waxed Natural baby buffalo Leather. It has a matching lining and features the classic off-centre fastening typical of biker jackets.Details-Waxed Natural baby buffalo Leather-Classic Neckline-One YKK Zipper chest pocket-YKK Snaps With Joe's Logo-YKK Zipped cuffs-2YKK Zipper Pockets on the waist-One small watch Pocket on the side-One Solid Brass Belt (Optional)-Long Sleeves-Two Inner Pockets-Fully Lined",Joe's Venture,,,,FALSE,Option 1,50,Option 2,Tan,Option 3,Silk,WXPR3,,,,deny,manual,14000.00,,TRUE,TRUE,,,,,FALSE,Waxed Natural baby buffalo Leather  - Man Perfecto,"DescriptionAn enduring selection that makes a style statement: both elegant and practical, it lends itself to multiple combinations and wearing on an array of occasions. The colour palette includes the brand’s characteristic neutral nuances, combined with a minimalist design, create a series of key pieces for the male ",,,,,new,,,,,,draft
waxed-natural-cowhide-man-perfecto,Waxed Natural baby buffalo Leather  - Man Perfecto,"DescriptionAn enduring selection that makes a style statement: both elegant and practical, it lends itself to multiple combinations and wearing on an array of occasions. The colour palette includes the brand’s characteristic neutral nuances, combined with a minimalist design, create a series of key pieces for the male wardrobe. The leather biker jacket is reinvented to reflect the latest trends, acquiring all the charm of JLG. This garment is made from high-quality, Waxed Natural baby buffalo Leather. It has a matching lining and features the classic off-centre fastening typical of biker jackets.Details-Waxed Natural baby buffalo Leather-Classic Neckline-One YKK Zipper chest pocket-YKK Snaps With Joe's Logo-YKK Zipped cuffs-2YKK Zipper Pockets on the waist-One small watch Pocket on the side-One Solid Brass Belt (Optional)-Long Sleeves-Two Inner Pockets-Fully Lined",Joe's Venture,,,,FALSE,Option 1,50,Option 2,Tan,Option 3,English Wool,WXPR4,,,,deny,manual,16500.00,,TRUE,TRUE,,,,,FALSE,Waxed Natural baby buffalo Leather  - Man Perfecto,"DescriptionAn enduring selection that makes a style statement: both elegant and practical, it lends itself to multiple combinations and wearing on an array of occasions. The colour palette includes the brand’s characteristic neutral nuances, combined with a minimalist design, create a series of key pieces for the male ",,,,,new,,,,,,draft
waxed-natural-cowhide-man-perfecto,Waxed Natural baby buffalo Leather  - Man Perfecto,"DescriptionAn enduring selection that makes a style statement: both elegant and practical, it lends itself to multiple combinations and wearing on an array of occasions. The colour palette includes the brand’s characteristic neutral nuances, combined with a minimalist design, create a series of key pieces for the male wardrobe. The leather biker jacket is reinvented to reflect the latest trends, acquiring all the charm of JLG. This garment is made from high-quality, Waxed Natural baby buffalo Leather. It has a matching lining and features the classic off-centre fastening typical of biker jackets.Details-Waxed Natural baby buffalo Leather-Classic Neckline-One YKK Zipper chest pocket-YKK Snaps With Joe's Logo-YKK Zipped cuffs-2YKK Zipper Pockets on the waist-One small watch Pocket on the side-One Solid Brass Belt (Optional)-Long Sleeves-Two Inner Pockets-Fully Lined",Joe's Venture,,,,FALSE,Option 1,52,Option 2,Tan,Option 3,Silk,WXPR5,,,,deny,manual,14000.00,,TRUE,TRUE,,,,,FALSE,Waxed Natural baby buffalo Leather  - Man Perfecto,"DescriptionAn enduring selection that makes a style statement: both elegant and practical, it lends itself to multiple combinations and wearing on an array of occasions. The colour palette includes the brand’s characteristic neutral nuances, combined with a minimalist design, create a series of key pieces for the male ",,,,,new,,,,,,draft
waxed-natural-cowhide-man-perfecto,Waxed Natural baby buffalo Leather  - Man Perfecto,"DescriptionAn enduring selection that makes a style statement: both elegant and practical, it lends itself to multiple combinations and wearing on an array of occasions. The colour palette includes the brand’s characteristic neutral nuances, combined with a minimalist design, create a series of key pieces for the male wardrobe. The leather biker jacket is reinvented to reflect the latest trends, acquiring all the charm of JLG. This garment is made from high-quality, Waxed Natural baby buffalo Leather. It has a matching lining and features the classic off-centre fastening typical of biker jackets.Details-Waxed Natural baby buffalo Leather-Classic Neckline-One YKK Zipper chest pocket-YKK Snaps With Joe's Logo-YKK Zipped cuffs-2YKK Zipper Pockets on the waist-One small watch Pocket on the side-One Solid Brass Belt (Optional)-Long Sleeves-Two Inner Pockets-Fully Lined",Joe's Venture,,,,FALSE,Option 1,52,Option 2,Tan,Option 3,English Wool,WXPR6,,,,deny,manual,16500.00,,TRUE,TRUE,,,,,FALSE,Waxed Natural baby buffalo Leather  - Man Perfecto,"DescriptionAn enduring selection that makes a style statement: both elegant and practical, it lends itself to multiple combinations and wearing on an array of occasions. The colour palette includes the brand’s characteristic neutral nuances, combined with a minimalist design, create a series of key pieces for the male ",,,,,new,,,,,,draft
waxed-natural-cowhide-man-perfecto,Waxed Natural baby buffalo Leather  - Man Perfecto,"DescriptionAn enduring selection that makes a style statement: both elegant and practical, it lends itself to multiple combinations and wearing on an array of occasions. The colour palette includes the brand’s characteristic neutral nuances, combined with a minimalist design, create a series of key pieces for the male wardrobe. The leather biker jacket is reinvented to reflect the latest trends, acquiring all the charm of JLG. This garment is made from high-quality, Waxed Natural baby buffalo Leather. It has a matching lining and features the classic off-centre fastening typical of biker jackets.Details-Waxed Natural baby buffalo Leather-Classic Neckline-One YKK Zipper chest pocket-YKK Snaps With Joe's Logo-YKK Zipped cuffs-2YKK Zipper Pockets on the waist-One small watch Pocket on the side-One Solid Brass Belt (Optional)-Long Sleeves-Two Inner Pockets-Fully Lined",Joe's Venture,,,,FALSE,Option 1,54,Option 2,Tan,Option 3,Silk,WXPR7,,,,deny,manual,14000.00,,TRUE,TRUE,,,,,FALSE,Waxed Natural baby buffalo Leather  - Man Perfecto,"DescriptionAn enduring selection that makes a style statement: both elegant and practical, it lends itself to multiple combinations and wearing on an array of occasions. The colour palette includes the brand’s characteristic neutral nuances, combined with a minimalist design, create a series of key pieces for the male ",,,,,new,,,,,,draft
waxed-natural-cowhide-man-perfecto,Waxed Natural baby buffalo Leather  - Man Perfecto,"DescriptionAn enduring selection that makes a style statement: both elegant and practical, it lends itself to multiple combinations and wearing on an array of occasions. The colour palette includes the brand’s characteristic neutral nuances, combined with a minimalist design, create a series of key pieces for the male wardrobe. The leather biker jacket is reinvented to reflect the latest trends, acquiring all the charm of JLG. This garment is made from high-quality, Waxed Natural baby buffalo Leather. It has a matching lining and features the classic off-centre fastening typical of biker jackets.Details-Waxed Natural baby buffalo Leather-Classic Neckline-One YKK Zipper chest pocket-YKK Snaps With Joe's Logo-YKK Zipped cuffs-2YKK Zipper Pockets on the waist-One small watch Pocket on the side-One Solid Brass Belt (Optional)-Long Sleeves-Two Inner Pockets-Fully Lined",Joe's Venture,,,,FALSE,Option 1,54,Option 2,Tan,Option 3,English Wool,WXPR8,,,,deny,manual,16500.00,,TRUE,TRUE,,,,,FALSE,Waxed Natural baby buffalo Leather  - Man Perfecto,"DescriptionAn enduring selection that makes a style statement: both elegant and practical, it lends itself to multiple combinations and wearing on an array of occasions. The colour palette includes the brand’s characteristic neutral nuances, combined with a minimalist design, create a series of key pieces for the male ",,,,,new,,,,,,draft
waxed-natural-cowhide-man-perfecto,Waxed Natural baby buffalo Leather  - Man Perfecto,"DescriptionAn enduring selection that makes a style statement: both elegant and practical, it lends itself to multiple combinations and wearing on an array of occasions. The colour palette includes the brand’s characteristic neutral nuances, combined with a minimalist design, create a series of key pieces for the male wardrobe. The leather biker jacket is reinvented to reflect the latest trends, acquiring all the charm of JLG. This garment is made from high-quality, Waxed Natural baby buffalo Leather. It has a matching lining and features the classic off-centre fastening typical of biker jackets.Details-Waxed Natural baby buffalo Leather-Classic Neckline-One YKK Zipper chest pocket-YKK Snaps With Joe's Logo-YKK Zipped cuffs-2YKK Zipper Pockets on the waist-One small watch Pocket on the side-One Solid Brass Belt (Optional)-Long Sleeves-Two Inner Pockets-Fully Lined",Joe's Venture,,,,FALSE,Option 1,56,Option 2,Tan,Option 3,Silk,WXPR9,,,,deny,manual,14000.00,,TRUE,TRUE,,,,,FALSE,Waxed Natural baby buffalo Leather  - Man Perfecto,"DescriptionAn enduring selection that makes a style statement: both elegant and practical, it lends itself to multiple combinations and wearing on an array of occasions. The colour palette includes the brand’s characteristic neutral nuances, combined with a minimalist design, create a series of key pieces for the male ",,,,,new,,,,,,draft
waxed-natural-cowhide-man-perfecto,Waxed Natural baby buffalo Leather  - Man Perfecto,"DescriptionAn enduring selection that makes a style statement: both elegant and practical, it lends itself to multiple combinations and wearing on an array of occasions. The colour palette includes the brand’s characteristic neutral nuances, combined with a minimalist design, create a series of key pieces for the male wardrobe. The leather biker jacket is reinvented to reflect the latest trends, acquiring all the charm of JLG. This garment is made from high-quality, Waxed Natural baby buffalo Leather. It has a matching lining and features the classic off-centre fastening typical of biker jackets.Details-Waxed Natural baby buffalo Leather-Classic Neckline-One YKK Zipper chest pocket-YKK Snaps With Joe's Logo-YKK Zipped cuffs-2YKK Zipper Pockets on the waist-One small watch Pocket on the side-One Solid Brass Belt (Optional)-Long Sleeves-Two Inner Pockets-Fully Lined",Joe's Venture,,,,FALSE,Option 1,56,Option 2,Tan,Option 3,English Wool,WXPR10,,,,deny,manual,16500.00,,TRUE,TRUE,,,,,FALSE,Waxed Natural baby buffalo Leather  - Man Perfecto,"DescriptionAn enduring selection that makes a style statement: both elegant and practical, it lends itself to multiple combinations and wearing on an array of occasions. The colour palette includes the brand’s characteristic neutral nuances, combined with a minimalist design, create a series of key pieces for the male ",,,,,new,,,,,,draft
waxed-natural-cowhide-man-perfecto,Waxed Natural baby buffalo Leather  - Man Perfecto,"DescriptionAn enduring selection that makes a style statement: both elegant and practical, it lends itself to multiple combinations and wearing on an array of occasions. The colour palette includes the brand’s characteristic neutral nuances, combined with a minimalist design, create a series of key pieces for the male wardrobe. The leather biker jacket is reinvented to reflect the latest trends, acquiring all the charm of JLG. This garment is made from high-quality, Waxed Natural baby buffalo Leather. It has a matching lining and features the classic off-centre fastening typical of biker jackets.Details-Waxed Natural baby buffalo Leather-Classic Neckline-One YKK Zipper chest pocket-YKK Snaps With Joe's Logo-YKK Zipped cuffs-2YKK Zipper Pockets on the waist-One small watch Pocket on the side-One Solid Brass Belt (Optional)-Long Sleeves-Two Inner Pockets-Fully Lined",Joe's Venture,,,,FALSE,Option 1,Request Appointment,Option 2,Tan,Option 3,Silk,WXPR11,,,,deny,manual,14000.00,,TRUE,TRUE,,,,,FALSE,Waxed Natural baby buffalo Leather  - Man Perfecto,"DescriptionAn enduring selection that makes a style statement: both elegant and practical, it lends itself to multiple combinations and wearing on an array of occasions. The colour palette includes the brand’s characteristic neutral nuances, combined with a minimalist design, create a series of key pieces for the male ",,,,,new,,,,,,draft
waxed-natural-cowhide-man-perfecto,Waxed Natural baby buffalo Leather  - Man Perfecto,"DescriptionAn enduring selection that makes a style statement: both elegant and practical, it lends itself to multiple combinations and wearing on an array of occasions. The colour palette includes the brand’s characteristic neutral nuances, combined with a minimalist design, create a series of key pieces for the male wardrobe. The leather biker jacket is reinvented to reflect the latest trends, acquiring all the charm of JLG. This garment is made from high-quality, Waxed Natural baby buffalo Leather. It has a matching lining and features the classic off-centre fastening typical of biker jackets.Details-Waxed Natural baby buffalo Leather-Classic Neckline-One YKK Zipper chest pocket-YKK Snaps With Joe's Logo-YKK Zipped cuffs-2YKK Zipper Pockets on the waist-One small watch Pocket on the side-One Solid Brass Belt (Optional)-Long Sleeves-Two Inner Pockets-Fully Lined",Joe's Venture,,,,FALSE,Option 1,Request Appointment,Option 2,Tan,Option 3,English Wool,WXPR12,,,,deny,manual,16500.00,,TRUE,TRUE,,,,,FALSE,Waxed Natural baby buffalo Leather  - Man Perfecto,"DescriptionAn enduring selection that makes a style statement: both elegant and practical, it lends itself to multiple combinations and wearing on an array of occasions. The colour palette includes the brand’s characteristic neutral nuances, combined with a minimalist design, create a series of key pieces for the male ",,,,,new,,,,,,draft
waxed-nubuck-buffalo-denim-cut,Waxed Nubuck Buffalo Denim Cut,"For a timeless blend of rugged charm and refined style, the Brown Suede Jacket merges a classic denim-inspired design with the luxurious texture of suede. Features include: Premium suede construction for a soft, durable feel. Classic shirt collar adding a polished, timeless look. Button-front closure with matte hardware for understated elegance. Dual flap pockets on the chest for practicality and style. Subtle seam detailing that enhances the structured silhouette. Fully lined interior ensuring lasting comfort throughout the day. Whether paired with jeans or dressed up with tailored trousers, this jacket offers a versatile layering option for any season.",Joe's Venture,,Coats & Jackets,,FALSE,Title,Default Title,,,,,,,,,deny,manual,0.00,,TRUE,TRUE,,,,,FALSE,Waxed Nubuck Buffalo Denim Cut,"For a timeless blend of rugged charm and refined style, the Brown Suede Jacket merges a classic denim-inspired design with the luxurious texture of suede. Features include: Premium suede construction for a soft, durable feel. Classic shirt collar adding a polished, timeless look. Button-front closure with matte hardwar",,,,,new,,,,,,draft
